,n,per_day,wr,gross,net,lo,hi,pf,maxdd,hold_min,fam
T0lat|limit|zone|1h,12835.0000,19.7158,0.2630,-0.0080,-0.6216,-0.6538,-0.5894,0.3803,7980.1929,15.2160,T0lat
T0lat|limit|zone|3h,12835.0000,19.7158,0.2529,-0.0028,-0.6168,-0.6501,-0.5836,0.4091,7919.1430,23.6315,T0lat
T0|limit|zone|1h,13944.0000,21.4194,0.2795,-0.0260,-0.6726,-0.7062,-0.6390,0.3771,9383.2494,14.9080,T0
T0|limit|zone|3h,13944.0000,21.4194,0.2709,-0.0204,-0.6674,-0.7019,-0.6329,0.4034,9310.2348,22.7424,T0
T1|ltf|candle|1h,5919.0000,9.0922,0.2717,0.0089,-0.9425,-1.0905,-0.7946,0.2748,5580.6118,20.3098,T1
T1|ltf|candle|3h,6789.0000,10.4286,0.2589,0.0060,-0.8964,-1.0270,-0.7658,0.3182,6088.0665,36.2128,T1
T1|ltf|zone|1h,6277.0000,9.6421,0.3240,0.0183,-0.5721,-0.6833,-0.4609,0.3784,3591.2646,31.0065,T1
T1|ltf|zone|3h,7161.0000,11.0000,0.3061,0.0087,-0.5374,-0.6365,-0.4383,0.4504,3850.2627,62.5853,T1
T1|same|candle|1h,3373.0000,5.1813,0.3119,-0.0013,-1.4301,-3.1106,0.2504,0.1941,4824.5124,31.4892,T1
T1|same|candle|3h,4478.0000,6.8786,0.3026,-0.0147,-1.1541,-2.4201,0.1120,0.2755,5168.5676,63.9681,T1
T1|same|zone|1h,3400.0000,5.2227,0.3294,-0.0198,-0.3966,-0.4538,-0.3393,0.4398,1348.9954,36.7256,T1
T1|same|zone|3h,4517.0000,6.9386,0.3241,-0.0174,-0.3569,-0.4065,-0.3073,0.5423,1612.6877,80.0073,T1
T2|ltf|candle|1h,5536.0000,8.5038,0.2473,0.0035,-1.6996,-2.5672,-0.8321,0.1629,9411.0883,17.1042,T2
T2|ltf|candle|3h,6374.0000,9.7911,0.2422,0.0058,-1.5781,-2.3320,-0.8243,0.1962,10060.9931,28.9460,T2
T2|ltf|zone|1h,6037.0000,9.2734,0.2978,0.0010,-0.7383,-0.8712,-0.6054,0.3109,4458.6035,28.3073,T2
T2|ltf|zone|3h,6914.0000,10.6206,0.2857,-0.0034,-0.7138,-0.8318,-0.5957,0.3690,4937.1421,54.6286,T2
T2|same|candle|1h,3755.0000,5.7680,0.2911,-0.0094,-0.7028,-0.8549,-0.5507,0.3285,2640.9173,26.4391,T2
T2|same|candle|3h,4651.0000,7.1444,0.2782,-0.0189,-0.6730,-0.7980,-0.5481,0.3832,3134.0764,48.6614,T2
T2|same|zone|1h,3769.0000,5.7896,0.3176,-0.0032,-0.5290,-0.6124,-0.4456,0.3757,1993.7150,32.5885,T2
T2|same|zone|3h,4655.0000,7.1505,0.3038,0.0491,-0.5212,-0.5983,-0.4441,0.4450,2428.1600,66.1139,T2
T3|close|candle|1h,5403.0000,8.2995,0.3352,0.0078,-0.3362,-0.3684,-0.3040,0.5063,1819.1013,35.0848,T3
T3|close|candle|3h,6582.0000,10.1106,0.3263,-0.0008,-0.3103,-0.3425,-0.2780,0.5824,2043.8141,78.6029,T3
T3|close|zone|1h,5434.0000,8.3472,0.3511,-0.0066,-0.2680,-0.2944,-0.2416,0.5226,1458.1931,41.5116,T3
T3|close|zone|3h,6613.0000,10.1582,0.3410,-0.0255,-0.2566,-0.2848,-0.2283,0.6081,1698.1800,96.7358,T3
T3|retest|candle|1h,4283.0000,6.5791,0.3021,-0.0404,-0.3493,-0.3850,-0.3136,0.5159,1500.3834,27.8380,T3
T3|retest|candle|3h,5715.0000,8.7788,0.2957,-0.0427,-0.3268,-0.3611,-0.2925,0.5751,1869.5827,58.8770,T3
T3|retest|zone|1h,4321.0000,6.6375,0.3367,-0.0499,-0.2727,-0.3034,-0.2420,0.5397,1180.5595,36.4809,T3
T3|retest|zone|3h,5755.0000,8.8402,0.3218,-0.0492,-0.2539,-0.2851,-0.2227,0.6250,1462.4457,80.0290,T3
T4|ltf|candle|1h,10105.0000,15.5223,0.2599,-0.0091,-1.6343,-2.3051,-0.9635,0.1751,16517.3062,19.0423,T4
T4|ltf|candle|3h,10252.0000,15.7481,0.2533,-0.0074,-1.6132,-2.2745,-0.9519,0.1998,16542.9509,32.0269,T4
T4|ltf|zone|1h,11188.0000,17.1859,0.3296,-0.0036,-0.4400,-0.5035,-0.3765,0.4277,4924.0706,33.9870,T4
T4|ltf|zone|3h,11342.0000,17.4224,0.3163,-0.0052,-0.4338,-0.4977,-0.3698,0.5016,4921.9616,68.0485,T4
T4|same|candle|1h,9710.0000,14.9155,0.2875,-0.0116,-0.6956,-0.7478,-0.6434,0.3307,6759.5058,25.3272,T4
T4|same|candle|3h,10049.0000,15.4363,0.2767,-0.0094,-0.6771,-0.7294,-0.6248,0.3837,6810.1561,46.9477,T4
T4|same|zone|1h,10199.0000,15.6667,0.3394,-0.0057,-0.3644,-0.3981,-0.3307,0.4646,3717.6428,36.7201,T4
T4|same|zone|3h,10544.0000,16.1966,0.3251,-0.0057,-0.3521,-0.3874,-0.3169,0.5502,3714.4039,76.2941,T4
T5a|m1|sweep|1h,6032.0000,9.2657,0.3593,-0.0149,-0.4408,-0.4787,-0.4029,0.4775,2663.8825,27.2623,T5
T5a|m1|sweep|3h,8675.0000,13.3257,0.3530,-0.0241,-0.3982,-0.4306,-0.3659,0.5409,3467.2468,58.8412,T5
T5b|ltf|sweep|1h,6676.0000,10.2550,0.2848,-0.0213,-0.7580,-0.8418,-0.6743,0.3124,5062.4836,23.4638,T5
T5b|ltf|sweep|3h,8930.0000,13.7174,0.2803,-0.0181,-0.7147,-0.7906,-0.6387,0.3667,6383.4290,48.1430,T5
T5b|same|sweep|1h,6120.0000,9.4009,0.3028,-0.0168,-0.6045,-0.6634,-0.5455,0.3569,3701.8924,28.5188,T5
T5b|same|sweep|3h,8646.0000,13.2811,0.3043,-0.0147,-0.5341,-0.5802,-0.4881,0.4374,4619.6312,62.5413,T5
