,n,hold_tp,life_react,r_gross,r_net
tf=H1,1332,0.29298380878951424,0.6216216216216216,-0.013468232268246151,-0.19594019698808476
tf=H4,174,0.3508771929824561,0.6666666666666666,0.11046027653851903,0.039236012498654764
tf=M15,4533,0.3163587201442091,0.614162806088683,0.03264287991405519,-0.3660293834816871
tf=M30,2372,0.2988802756244617,0.6330662167861661,-0.02625219352452621,-0.30020639166442015
tf=M5,13483,0.30952021726010864,0.5910405696061707,-0.00688498538200934,-0.8360291515369961
group=CRYPTO,6282,0.31108597285067874,0.5811843361986628,-0.027445552702951865,-1.0293593160363548
group=FOREX,13137,0.3065092434363834,0.6117835122174012,0.008488598702465884,-0.45962244129988894
group=METALS,2475,0.3179190751445087,0.6103476151980598,0.022463438561460068,-0.5995020619350356
touch_session=London,5086,0.29596952075396027,0.6228863546991742,-0.050717564103038765,-0.8035251004685755
touch_session=NY,4905,0.2902148967243897,0.6022426095820591,-0.048209731573102994,-0.5729225846015716
touch_session=off,11903,0.32245386192754616,0.5945219290875483,0.04081174785073491,-0.5996528287924254
direction=bear,10505,0.3096874092712668,0.5975249881009044,-0.01662461986316637,-0.652696455300466
direction=bull,11389,0.30858218993812214,0.6077449947312961,0.014640699893094073,-0.6308586068226804
aligned_h4d1=0.0,13355,0.3124571428571429,0.6064100644001797,-0.00468483255385287,-0.6572475253940105
aligned_h4d1=1.0,8539,0.30386409857638474,0.5972596322754421,0.006377781515780593,-0.6163154050611169
s2=0,7211,0.3043848446147297,0.6340313410067951,-0.015870809520824244,-0.6267292663239521
s2=1,14683,0.31142204059015033,0.5875221359487808,0.007087991935071386,-0.6483930448312408
s3=0,133,0.28346456692913385,0.7218045112781954,-0.11031371470246785,-0.47900182623220283
s3=1,21761,0.30926628271761014,0.6021139705882353,0.00026118657181055285,-0.6423117236743521
s4=0,1318,0.31711145996860285,0.6433990895295902,-0.015381757681685914,-0.49937557077043776
s4=1,20576,0.3086095992083127,0.6002430133657352,0.0005555381157537258,-0.650286174594743
s5=0,8968,0.31146245059288535,0.5658525705364112,0.018994677841635745,-0.7039084353298077
s5=1,12926,0.30746694116715495,0.6285006962710815,-0.014145468992065,-0.5969418356333344
sweep_leg=0,19723,0.3105513111707619,0.5970489808335868,0.0027997183439651832,-0.6549993104085379
sweep_leg=1,2171,0.2959280303030303,0.6554583141409489,-0.030198336000181333,-0.5133889617427245
entry_mid=0,15840,0.3092737572401502,0.5329881936990971,0.006588345083994319,-0.6905510280383181
entry_mid=1,6054,0.30867833015763035,0.785596299966964,-0.02003586231485666,-0.5025020445295362
gap_entry=0,21620,0.31084394153701084,0.6081224848512882,-0.011176877087826652,-0.656100798014359
gap_entry=1,274,0.17518248175182483,0.18613138686131386,0.8197911522673216,0.48158612261222977
