sample,feature,kind,succ,fail,auc,p,note,after_fill,n_succ,n_fail
prod_life,ob_body_ratio,cont,0.2794117647058858,0.3942659986968179,0.43303784195977507,0.036485537202078075,,False,269,117
prod_life,ob_prox_wick,cont,0.2391580659921704,0.1483189603442659,0.6146061703682522,0.0003399616613966695,,False,269,117
prod_life,ob_dist_wick,cont,0.3939393939393962,0.4232619982271748,0.4794903568137769,0.5219250947821626,,False,269,117
prod_life,zone_h_atr,cont,0.8173768352253868,0.7405553977245531,0.6095701077113717,0.0006206632031866135,,False,269,117
prod_life,risk_atr,cont,0.5902220334425388,0.6162790192325276,0.4426333682839259,0.07319559369358054,,False,269,117
prod_life,disp1_body_atr,cont,0.964855107220236,0.9320255116170446,0.5254344994121946,0.42714408579904106,,False,269,117
prod_life,disp1_body_pct,cont,0.7311692518083996,0.731792101493815,0.5159862597436914,0.6205106318061647,,False,269,117
prod_life,disp_maxbody_atr,cont,1.0706492035884851,1.0772975075997056,0.5023671083150637,0.9414468588746943,,False,269,117
prod_life,disp_n,cont,2.0,2.0,0.4301941346551012,0.02476116115299559,,False,269,117
prod_life,impulse3_atr,cont,1.570978461080792,1.9030506028937235,0.42652432243510313,0.02174184454580409,,False,269,117
prod_life,fvg_atr,cont,0.2758292031291562,0.3830024994450846,0.4321164172465288,0.03399309712724733,,False,269,117
prod_life,bos_bars,cont,3.0,3.0,0.5080386362914244,0.7988867335325662,,False,269,117
prod_life,bos_margin_atr,cont,0.345751904504082,0.3554894658851852,0.4980141708766244,0.9509291292077919,,False,269,117
prod_life,ob_to_bos_atr,cont,1.1138729320025944,1.2222657808983826,0.46290471197534394,0.24672436524166064,,False,269,117
prod_life,leg_gap,cont,0.0,0.0,0.4926286022940298,0.784465589724953,,False,269,117
prod_life,leg_ext_beyond_atr,cont,0.0,0.0,0.4969656530994821,0.8946104449094556,,False,269,117
prod_life,opp_between,cont,0.0,0.0,0.5188097734566136,0.49925890355136193,,False,269,117
prod_life,leg_len_atr,cont,2.7665648444123483,2.871715400255534,0.4975693451529883,0.9398676773494358,,False,269,117
prod_life,chop10,cont,6.0,6.0,0.55388745909192,0.0904631226422889,,False,269,117
prod_life,chop20,cont,10.0,9.0,0.5432910748895879,0.17569655126154526,,False,269,117
prod_life,range20_atr,cont,4.034550262756116,4.126554824540647,0.47739332125949224,0.48035900106736285,,False,269,117
prod_life,touch_bars,cont,11.0,12.0,0.45195337794085905,0.15581171730468713,,False,269,117
prod_life,touch_after_bos,cont,8.0,8.0,0.46153680120872004,0.25569469979604764,,False,269,117
prod_life,run_after_bos_atr,cont,2.69811663946583,2.997901439017069,0.4537017051586445,0.1719160450942857,,False,269,117
prod_life,approach_bars,cont,5.0,5.0,0.4622274983811785,0.26295067711582043,,False,269,117
prod_life,approach_speed,cont,0.5403162991410094,0.4756659953467089,0.5292467083962875,0.3882936928792802,,False,269,117
prod_life,mom3_atr,cont,0.4274231515228246,0.4202764488090491,0.47647312756313404,0.4877647980207581,,False,269,117
prod_life,consec_toward,cont,1.0,1.0,0.46242175696093246,0.249706796571728,,False,269,117
prod_life,prev_close_dist_atr,cont,0.7331768506307007,0.6417612105979533,0.5387437945175912,0.253010899650991,,False,269,117
prod_life,touch_range_atr,cont,1.296114322462392,1.3301736583713135,0.4761061946902655,0.4809969624206888,,True,269,117
prod_life,touch_body_atr,cont,0.6560502676161529,0.7608861805290856,0.41873516080293544,0.01647254064983132,,True,269,117
prod_life,tb_fails,cont,2.0,2.0,0.5350776856353064,0.26062156274202986,,False,269,117
prod_life,score,cont,4.0,4.0,0.5286435992755696,0.13963895164296267,,False,269,117
prod_life,entry_mid,bin,0.3643122676579926,0.13675213675213677,,3.3929623146476734e-06,succ-rate if 1: 0.86 (n=114) vs 0: 0.63 (n=272),False,269,117
prod_life,sweep_leg,bin,0.08178438661710037,0.07692307692307693,,1.0,succ-rate if 1: 0.71 (n=31) vs 0: 0.70 (n=355),False,269,117
prod_life,ob_before_pivot,bin,0.16356877323420074,0.1452991452991453,,0.7617627070963422,succ-rate if 1: 0.72 (n=61) vs 0: 0.69 (n=325),False,269,117
prod_life,gap_entry,bin,0.00975609756097561,0.07964601769911504,,0.001953178279445397,succ-rate if 1: 0.18 (n=11) vs 0: 0.66 (n=307),False,269,117
prod_life,touch_big,bin,0.32195121951219513,0.46017699115044247,,0.01573038981506017,succ-rate if 1: 0.56 (n=118) vs 0: 0.69 (n=200),True,269,117
prod_life,touch_close_through,bin,0.0,0.21238938053097345,,2.878536606433896e-12,succ-rate if 1: 0.00 (n=24) vs 0: 0.70 (n=294),True,269,117
prod_life,s2,bin,0.7509293680297398,0.7521367521367521,,1.0,succ-rate if 1: 0.70 (n=290) vs 0: 0.70 (n=96),False,269,117
prod_life,s3,bin,1.0,1.0,,1.0,succ-rate if 1: 0.70 (n=386) vs 0: nan (n=0),False,269,117
prod_life,s4,bin,0.9553903345724907,0.9316239316239316,,0.327855203012386,succ-rate if 1: 0.70 (n=366) vs 0: 0.60 (n=20),False,269,117
prod_life,s5,bin,0.45353159851301117,0.4188034188034188,,0.5777190885078624,succ-rate if 1: 0.71 (n=171) vs 0: 0.68 (n=215),False,269,117
prod_life,aligned_h4d1,bin,0.41596638655462187,0.3490566037735849,,0.2826308279868198,succ-rate if 1: 0.73 (n=136) vs 0: 0.67 (n=208),False,269,117
prod_life,T1_displacement,bin,0.5539033457249071,0.5726495726495726,,0.7395224350306657,succ-rate if 1: 0.69 (n=216) vs 0: 0.71 (n=170),False,269,117
prod_life,T2_fvg,bin,0.5278810408921933,0.6153846153846154,,0.11987874364281983,succ-rate if 1: 0.66 (n=214) vs 0: 0.74 (n=172),False,269,117
prod_life,T3_bos_fast,bin,0.9516728624535316,0.9487179487179487,,1.0,succ-rate if 1: 0.70 (n=367) vs 0: 0.68 (n=19),False,269,117
prod_life,T4_bos_margin,bin,0.8921933085501859,0.8034188034188035,,0.023171258236648368,succ-rate if 1: 0.72 (n=334) vs 0: 0.56 (n=52),False,269,117
prod_life,T5_origin,bin,0.8513011152416357,0.8461538461538461,,0.8780606072172987,succ-rate if 1: 0.70 (n=328) vs 0: 0.69 (n=58),False,269,117
prod_life,T6_not_chop,bin,0.3940520446096654,0.47863247863247865,,0.1445715174903451,succ-rate if 1: 0.65 (n=162) vs 0: 0.73 (n=224),False,269,117
prod_life,T7_body,bin,0.5390334572490706,0.6153846153846154,,0.18120381827905507,succ-rate if 1: 0.67 (n=217) vs 0: 0.73 (n=169),False,269,117
prod_life,T8_size,bin,0.9962825278810409,0.9914529914529915,,0.51489132629029,succ-rate if 1: 0.70 (n=384) vs 0: 0.50 (n=2),False,269,117
prod_hold,ob_body_ratio,cont,0.3147902869757174,0.3110775107432794,0.5084753499695679,0.78181754151244,,False,155,212
prod_hold,ob_prox_wick,cont,0.1975054269840686,0.20833850674613097,0.4970632988435788,0.9237426039510253,,False,155,212
prod_hold,ob_dist_wick,cont,0.3795737641105488,0.4177474610605208,0.49227023737066344,0.8005735399568998,,False,155,212
prod_hold,zone_h_atr,cont,0.7680506331090805,0.7947057890146868,0.5038344491783323,0.9005083628535343,,False,155,212
prod_hold,risk_atr,cont,0.5934681429406449,0.596046282006069,0.5041996348143639,0.8910519711612405,,False,155,212
prod_hold,disp1_body_atr,cont,0.9618090035017848,0.9312241312071757,0.4863359707851491,0.6550217162875813,,False,155,212
prod_hold,disp1_body_pct,cont,0.7261052105689059,0.7350319328023599,0.5080128205128205,0.7962045437282319,,False,155,212
prod_hold,disp_maxbody_atr,cont,1.0282154625133422,1.0784195935471739,0.4763846622032867,0.43979790479237246,,False,155,212
prod_hold,disp_n,cont,2.0,2.0,0.46235544735240414,0.20457442365294698,,False,155,212
prod_hold,impulse3_atr,cont,1.4861584204096925,1.8109483269658289,0.3881010346926354,0.0002498490760349004,,False,155,212
prod_hold,fvg_atr,cont,0.2590944610501549,0.3482839831896979,0.4274802191113816,0.017626493730339515,,False,155,212
prod_hold,bos_bars,cont,3.0,2.0,0.5735544735240414,0.014361821747727205,,False,155,212
prod_hold,bos_margin_atr,cont,0.3421917830802446,0.3464008208718953,0.5121728545343883,0.6906527166942806,,False,155,212
prod_hold,ob_to_bos_atr,cont,1.200134126813393,1.1463425131305969,0.5256238587948874,0.40187568786029004,,False,155,212
prod_hold,leg_gap,cont,0.0,0.0,0.5063451004260499,0.8054215575578314,,False,155,212
prod_hold,leg_ext_beyond_atr,cont,0.0,0.0,0.49430919050517347,0.7950789181406059,,False,155,212
prod_hold,opp_between,cont,0.0,0.0,0.5559190505173464,0.03522837298564836,,False,155,212
prod_hold,leg_len_atr,cont,2.7665648444123483,2.759829444380874,0.5079123554473524,0.7960165711122977,,False,155,212
prod_hold,chop10,cont,6.0,6.0,0.47953438831405965,0.5006665226998771,,False,155,212
prod_hold,chop20,cont,9.0,9.0,0.4724741326841144,0.36705594519213414,,False,155,212
prod_hold,range20_atr,cont,4.281559587550502,4.001110087855549,0.5590079123554473,0.05347399914351053,,False,155,212
prod_hold,touch_bars,cont,9.0,12.0,0.42161844271936016,0.02327808689807549,,False,155,212
prod_hold,touch_after_bos,cont,6.0,8.0,0.4242766407904023,0.028304459348090952,,False,155,212
prod_hold,run_after_bos_atr,cont,2.503276137540753,2.94326886768085,0.4310985650435192,0.04639023888403256,,False,155,212
prod_hold,approach_bars,cont,4.0,6.0,0.42324159021406726,0.02576463012671724,,False,155,212
prod_hold,approach_speed,cont,0.6131493636399794,0.4865199980248995,0.5618913196894848,0.07359785926738399,,False,155,212
prod_hold,mom3_atr,cont,0.4229347752238533,0.3812461338479321,0.48659139026111503,0.6987024378039783,,False,155,212
prod_hold,consec_toward,cont,1.0,1.0,0.430722183015761,0.03766521576226664,,False,155,212
prod_hold,prev_close_dist_atr,cont,0.7122328590451028,0.7058839764339603,0.49527170077628796,0.8917788807168908,,False,155,212
prod_hold,touch_range_atr,cont,1.2133026384531214,1.3582195795545056,0.4607856974829452,0.2570770507413258,,True,155,212
prod_hold,touch_body_atr,cont,0.6629478080176019,0.7103043787041747,0.45238767348859094,0.16876508836999404,,True,155,212
prod_hold,tb_fails,cont,2.0,2.0,0.510483870967742,0.7250915990405746,,False,155,212
prod_hold,score,cont,4.0,4.0,0.48668594035301277,0.474599485512874,,False,155,212
prod_hold,entry_mid,bin,0.2967741935483871,0.2783018867924528,,0.7265760319105329,succ-rate if 1: 0.44 (n=105) vs 0: 0.42 (n=262),False,155,212
prod_hold,sweep_leg,bin,0.07096774193548387,0.08962264150943396,,0.5677325927760073,succ-rate if 1: 0.37 (n=30) vs 0: 0.43 (n=337),False,155,212
prod_hold,ob_before_pivot,bin,0.18064516129032257,0.1320754716981132,,0.23983223099416145,succ-rate if 1: 0.50 (n=56) vs 0: 0.41 (n=311),False,155,212
prod_hold,gap_entry,bin,0.01834862385321101,0.046153846153846156,,0.3385320677202079,succ-rate if 1: 0.18 (n=11) vs 0: 0.37 (n=293),False,155,212
prod_hold,touch_big,bin,0.3211009174311927,0.39487179487179486,,0.21682310057845633,succ-rate if 1: 0.31 (n=112) vs 0: 0.39 (n=192),True,155,212
prod_hold,touch_close_through,bin,0.0,0.12307692307692308,,2.184040172698295e-05,succ-rate if 1: 0.00 (n=24) vs 0: 0.39 (n=280),True,155,212
prod_hold,s2,bin,0.7419354838709677,0.75,,0.9035198762001196,succ-rate if 1: 0.42 (n=274) vs 0: 0.43 (n=93),False,155,212
prod_hold,s3,bin,1.0,1.0,,1.0,succ-rate if 1: 0.42 (n=367) vs 0: nan (n=0),False,155,212
prod_hold,s4,bin,0.9483870967741935,0.9433962264150944,,1.0,succ-rate if 1: 0.42 (n=347) vs 0: 0.40 (n=20),False,155,212
prod_hold,s5,bin,0.43870967741935485,0.46226415094339623,,0.6722514115546048,succ-rate if 1: 0.41 (n=166) vs 0: 0.43 (n=201),False,155,212
prod_hold,aligned_h4d1,bin,0.43478260869565216,0.36507936507936506,,0.20979535523154857,succ-rate if 1: 0.47 (n=129) vs 0: 0.39 (n=198),False,155,212
prod_hold,T1_displacement,bin,0.5225806451612903,0.5707547169811321,,0.39582981854709404,succ-rate if 1: 0.40 (n=202) vs 0: 0.45 (n=165),False,155,212
prod_hold,T2_fvg,bin,0.5161290322580645,0.5801886792452831,,0.2430310123730387,succ-rate if 1: 0.39 (n=203) vs 0: 0.46 (n=164),False,155,212
prod_hold,T3_bos_fast,bin,0.9354838709677419,0.9575471698113207,,0.3523351828070745,succ-rate if 1: 0.42 (n=348) vs 0: 0.53 (n=19),False,155,212
prod_hold,T4_bos_margin,bin,0.8838709677419355,0.839622641509434,,0.2888553502141799,succ-rate if 1: 0.43 (n=315) vs 0: 0.35 (n=52),False,155,212
prod_hold,T5_origin,bin,0.8580645161290322,0.8443396226415094,,0.7684210914252899,succ-rate if 1: 0.43 (n=312) vs 0: 0.40 (n=55),False,155,212
prod_hold,T6_not_chop,bin,0.4258064516129032,0.41037735849056606,,0.8303655600148898,succ-rate if 1: 0.43 (n=153) vs 0: 0.42 (n=214),False,155,212
prod_hold,T7_body,bin,0.5806451612903226,0.5707547169811321,,0.9149309502793691,succ-rate if 1: 0.43 (n=211) vs 0: 0.42 (n=156),False,155,212
prod_hold,T8_size,bin,0.9935483870967742,0.9952830188679245,,1.0,succ-rate if 1: 0.42 (n=365) vs 0: 0.50 (n=2),False,155,212
prod_trade,ob_body_ratio,cont,0.3569498149765082,0.3571428571428511,0.5077551020408163,0.8261449599839839,,False,125,147
prod_trade,ob_prox_wick,cont,0.1525423728813613,0.2109196595391322,0.4580952380952381,0.23329488078110927,,False,125,147
prod_trade,ob_dist_wick,cont,0.3795737641105488,0.3829787234042707,0.5161088435374149,0.647499647466665,,False,125,147
prod_trade,zone_h_atr,cont,0.7670872142294526,0.8071261597508789,0.48653061224489796,0.7024423027885338,,False,125,147
prod_trade,risk_atr,cont,0.6028482964307165,0.5926673910950356,0.5338775510204081,0.3360374330384568,,False,125,147
prod_trade,disp1_body_atr,cont,1.0229549132541056,1.0067576165022742,0.5085714285714286,0.8081395923882602,,False,125,147
prod_trade,disp1_body_pct,cont,0.7123269346532004,0.7484241487290748,0.4694565096335895,0.3885961599871113,,False,125,147
prod_trade,disp_maxbody_atr,cont,1.1598700206270192,1.1414215893609292,0.48236734693877553,0.6168318398304393,,False,125,147
prod_trade,disp_n,cont,2.0,2.0,0.43360544217687075,0.05031990579524705,,False,125,147
prod_trade,impulse3_atr,cont,1.6039964211913396,1.886071021206349,0.4418503401360544,0.09856802534736742,,False,125,147
prod_trade,fvg_atr,cont,0.3046603514698405,0.298135303903459,0.4838095238095238,0.64597650320186,,False,125,147
prod_trade,bos_bars,cont,2.0,2.0,0.504734693877551,0.8914588956489722,,False,125,147
prod_trade,bos_margin_atr,cont,0.2793118346573508,0.3585487579121811,0.47537414965986396,0.48449481127741456,,False,125,147
prod_trade,ob_to_bos_atr,cont,1.200134126813393,1.1524183088678273,0.5246802721088435,0.48352881692771155,,False,125,147
prod_trade,leg_gap,cont,0.0,0.0,0.49578231292517005,0.8870225288233882,,False,125,147
prod_trade,leg_ext_beyond_atr,cont,0.0,0.0,0.5212517006802722,0.427592164234332,,False,125,147
prod_trade,opp_between,cont,0.0,0.0,0.5331156462585034,0.266072874312444,,False,125,147
prod_trade,leg_len_atr,cont,2.885806239800128,2.897125530147037,0.5029115646258503,0.93466808412601,,False,125,147
prod_trade,chop10,cont,6.0,7.0,0.4301496598639456,0.04567796510415759,,False,125,147
prod_trade,chop20,cont,9.0,10.0,0.473687074829932,0.45430920052452217,,False,125,147
prod_trade,range20_atr,cont,4.062261131517814,3.894456301091817,0.5431836734693878,0.22000923663735183,,False,125,147
prod_trade,touch_bars,cont,10.0,12.0,0.43183716867927396,0.07564132238276298,,False,125,147
prod_trade,touch_after_bos,cont,6.0,8.0,0.44007746639325585,0.11809552844258348,,False,125,147
prod_trade,run_after_bos_atr,cont,2.618029255441323,3.1787741527632485,0.4104199893673578,0.01971354596877998,,False,125,147
prod_trade,approach_bars,cont,4.0,5.0,0.43874838611680717,0.10925455606256522,,False,125,147
prod_trade,approach_speed,cont,0.597601236927993,0.5361238377151017,0.5413533834586466,0.2819761516983592,,False,125,147
prod_trade,mom3_atr,cont,0.4603825776363349,0.3693919698585525,0.5183792815371763,0.6329175774682165,,False,125,147
prod_trade,consec_toward,cont,1.0,1.0,0.4771398192450824,0.5384752961692297,,False,125,147
prod_trade,prev_close_dist_atr,cont,0.6499456572797385,0.7583311939601904,0.4219640009113693,0.042240875730114855,,False,125,147
prod_trade,touch_range_atr,cont,1.2065888331779808,1.390780755749858,0.41163514847725374,0.021441882893122564,,True,125,147
prod_trade,touch_body_atr,cont,0.6355052350488616,0.8840283292173586,0.3542948279790385,0.00014865493851992875,,True,125,147
prod_trade,tb_fails,cont,2.0,2.0,0.4637551020408163,0.2902643559180552,,False,125,147
prod_trade,score,cont,4.0,4.0,0.4807619047619048,0.4044222682164138,,False,125,147
prod_trade,entry_mid,bin,0.264,0.32653061224489793,,0.2885810201950102,succ-rate if 1: 0.41 (n=81) vs 0: 0.48 (n=191),False,125,147
prod_trade,sweep_leg,bin,0.112,0.09523809523809523,,0.6921222405094606,succ-rate if 1: 0.50 (n=28) vs 0: 0.45 (n=244),False,125,147
prod_trade,ob_before_pivot,bin,0.112,0.12244897959183673,,0.8516316422405417,succ-rate if 1: 0.44 (n=32) vs 0: 0.46 (n=240),False,125,147
prod_trade,gap_entry,bin,0.020202020202020204,0.05263157894736842,,0.30733300693419013,succ-rate if 1: 0.22 (n=9) vs 0: 0.43 (n=223),False,125,147
prod_trade,touch_big,bin,0.3333333333333333,0.44360902255639095,,0.10399822198952466,succ-rate if 1: 0.36 (n=92) vs 0: 0.47 (n=140),True,125,147
prod_trade,touch_close_through,bin,0.0,0.13533834586466165,,2.8907841519941153e-05,succ-rate if 1: 0.00 (n=18) vs 0: 0.46 (n=214),True,125,147
prod_trade,s2,bin,0.68,0.6870748299319728,,1.0,succ-rate if 1: 0.46 (n=186) vs 0: 0.47 (n=86),False,125,147
prod_trade,s3,bin,1.0,1.0,,1.0,succ-rate if 1: 0.46 (n=272) vs 0: nan (n=0),False,125,147
prod_trade,s4,bin,0.928,0.9319727891156463,,1.0,succ-rate if 1: 0.46 (n=253) vs 0: 0.47 (n=19),False,125,147
prod_trade,s5,bin,0.544,0.5714285714285714,,0.7134550896717232,succ-rate if 1: 0.45 (n=152) vs 0: 0.47 (n=120),False,125,147
prod_trade,aligned_h4d1,bin,0.384,0.4217687074829932,,0.5380943003456388,succ-rate if 1: 0.44 (n=110) vs 0: 0.48 (n=162),False,125,147
prod_trade,T1_displacement,bin,0.592,0.6326530612244898,,0.5329850191705823,succ-rate if 1: 0.44 (n=167) vs 0: 0.49 (n=105),False,125,147
prod_trade,T2_fvg,bin,0.568,0.5510204081632653,,0.8072154398476477,succ-rate if 1: 0.47 (n=152) vs 0: 0.45 (n=120),False,125,147
prod_trade,T3_bos_fast,bin,0.976,0.9387755102040817,,0.1530195735577642,succ-rate if 1: 0.47 (n=260) vs 0: 0.25 (n=12),False,125,147
prod_trade,T4_bos_margin,bin,0.88,0.8299319727891157,,0.30322928545085037,succ-rate if 1: 0.47 (n=232) vs 0: 0.38 (n=40),False,125,147
prod_trade,T5_origin,bin,0.792,0.8367346938775511,,0.351091492820525,succ-rate if 1: 0.45 (n=222) vs 0: 0.52 (n=50),False,125,147
prod_trade,T6_not_chop,bin,0.432,0.3401360544217687,,0.1339021510017209,succ-rate if 1: 0.52 (n=104) vs 0: 0.42 (n=168),False,125,147
prod_trade,T7_body,bin,0.648,0.6190476190476191,,0.7051854967861722,succ-rate if 1: 0.47 (n=172) vs 0: 0.44 (n=100),False,125,147
prod_trade,T8_size,bin,1.0,0.9931972789115646,,1.0,succ-rate if 1: 0.46 (n=271) vs 0: 0.00 (n=1),False,125,147
hist_hold,ob_body_ratio,cont,0.37889908256876675,0.374999999999889,0.5046568225213389,0.2745378141260464,,False,6641,14843
hist_hold,ob_prox_wick,cont,0.15254237288139103,0.16393442622949028,0.48473656860594894,0.0003357640255479173,,False,6641,14843
hist_hold,ob_dist_wick,cont,0.38709677419353683,0.3732200647248654,0.5112573237186168,0.008253802684953978,,False,6641,14843
hist_hold,zone_h_atr,cont,0.8061891879767373,0.7937967979029332,0.5112460375937219,0.008320990962121287,,False,6641,14843
hist_hold,risk_atr,cont,0.6280847327241182,0.615844933148554,0.5227392996554217,9.526620071317823e-08,,False,6641,14843
hist_hold,disp1_body_atr,cont,1.0613732446013693,1.075152095442714,0.49098378619573113,0.03438260408050739,,False,6641,14843
hist_hold,disp1_body_pct,cont,0.770958835341325,0.7761194029851656,0.4954314517144791,0.28392713906780487,,False,6641,14843
hist_hold,disp_maxbody_atr,cont,1.1904406188700118,1.2133468445232936,0.49067084858257887,0.02859805918882438,,False,6641,14843
hist_hold,disp_n,cont,2.0,2.0,0.5045133086644175,0.2747369107096346,,False,6641,14843
hist_hold,impulse3_atr,cont,1.878340651517041,1.9117559387045109,0.48829180446856085,0.006010643598942024,,False,6641,14843
hist_hold,fvg_atr,cont,0.329639465248735,0.34728249788991167,0.4892691473775464,0.01180644610735394,,False,6641,14843
hist_hold,bos_bars,cont,2.0,2.0,0.5003662131950717,0.9300044488654151,,False,6641,14843
hist_hold,bos_margin_atr,cont,0.35380709775140706,0.3763413145713178,0.48675006401134974,0.0018775164989076585,,False,6641,14843
hist_hold,ob_to_bos_atr,cont,1.1875403039200034,1.2040834725285854,0.49269046132129346,0.08632635278407065,,False,6641,14843
hist_hold,leg_gap,cont,0.0,0.0,0.4952372096426257,0.17532221799589254,,False,6641,14843
hist_hold,leg_ext_beyond_atr,cont,0.0,0.0,0.49522138370569446,0.12779660127702516,,False,6641,14843
hist_hold,opp_between,cont,0.0,0.0,0.4968208736154575,0.3532676932745148,,False,6641,14843
hist_hold,leg_len_atr,cont,2.7763728311319897,2.8257290905555794,0.4874949178199167,0.003344291144914529,,False,6641,14843
hist_hold,chop10,cont,6.0,6.0,0.510525237180324,0.01296001718668452,,False,6641,14843
hist_hold,chop20,cont,9.0,9.0,0.5082179677482217,0.053365156157049905,,False,6641,14843
hist_hold,range20_atr,cont,4.345223180606919,4.324559783317444,0.5052128556561031,0.22127721028263092,,False,6641,14843
hist_hold,touch_bars,cont,13.0,13.0,0.5102642208141038,0.0159456244628408,,False,6641,14843
hist_hold,touch_after_bos,cont,10.0,9.0,0.5101894787690135,0.016679210198439664,,False,6641,14843
hist_hold,run_after_bos_atr,cont,3.1068365236518267,3.1066174582320563,0.49581391287129845,0.3259920424347462,,False,6641,14843
hist_hold,approach_bars,cont,6.0,5.0,0.5069166597943888,0.10345835269136543,,False,6641,14843
hist_hold,approach_speed,cont,0.527717548251252,0.5482716554306576,0.48838122101222226,0.0064064367986770825,,False,6641,14843
hist_hold,mom3_atr,cont,0.5682645382613729,0.5659214110219978,0.5007374734437481,0.8626207867915078,,False,6641,14843
hist_hold,consec_toward,cont,1.0,1.0,0.5066518796957318,0.10714507693404977,,False,6641,14843
hist_hold,prev_close_dist_atr,cont,0.7189175712676769,0.7415254528639145,0.49021618767524117,0.021695072426020298,,False,6641,14843
hist_hold,touch_range_atr,cont,1.2654625849266519,1.4276894844316468,0.43002535102054923,1.403307194598845e-60,,True,6641,14843
hist_hold,touch_body_atr,cont,0.6271666895243291,0.875174239457771,0.3908097546570939,9.061092440505176e-145,,True,6641,14843
hist_hold,tb_fails,cont,2.0,2.0,0.5052547233751513,0.20284362466201866,,False,6641,14843
hist_hold,score,cont,4.0,4.0,0.5006097601616794,0.834724737987854,,False,6641,14843
hist_hold,entry_mid,bin,0.2683330823671134,0.26888095398504347,,0.9468948380250968,succ-rate if 1: 0.31 (n=5773) vs 0: 0.31 (n=15711),False,6641,14843
hist_hold,sweep_leg,bin,0.09411233248004819,0.1001819039277774,,0.17268655309167083,succ-rate if 1: 0.30 (n=2112) vs 0: 0.31 (n=19372),False,6641,14843
hist_hold,ob_before_pivot,bin,0.10600813130552628,0.10766017651418176,,0.7382980633985661,succ-rate if 1: 0.31 (n=2302) vs 0: 0.31 (n=19182),False,6641,14843
hist_hold,gap_entry,bin,0.007227827134467701,0.0152260324732197,,4.773944122425275e-07,succ-rate if 1: 0.18 (n=274) vs 0: 0.31 (n=21210),False,6641,14843
hist_hold,touch_big,bin,0.36485469055865083,0.46479822138381727,,7.798267901762964e-43,succ-rate if 1: 0.26 (n=9322) vs 0: 0.35 (n=12162),True,6641,14843
hist_hold,touch_close_through,bin,0.0009034783918084626,0.14451256484538166,,0.0,succ-rate if 1: 0.00 (n=2151) vs 0: 0.34 (n=19333),True,6641,14843
hist_hold,s2,bin,0.6770064749284747,0.6697433133463585,,0.2994236511589752,succ-rate if 1: 0.31 (n=14437) vs 0: 0.30 (n=7047),False,6641,14843
hist_hold,s3,bin,0.9945791296491492,0.9938691639156505,,0.5646373889663001,succ-rate if 1: 0.31 (n=21357) vs 0: 0.28 (n=127),False,6641,14843
hist_hold,s4,bin,0.9391657882848968,0.9413865121606144,,0.53194717634673,succ-rate if 1: 0.31 (n=20210) vs 0: 0.32 (n=1274),False,6641,14843
hist_hold,s5,bin,0.5847010992320434,0.5892339823485818,,0.5386598994922271,succ-rate if 1: 0.31 (n=12629) vs 0: 0.31 (n=8855),False,6641,14843
hist_hold,aligned_h4d1,bin,0.38247251919891584,0.3920366502728559,,0.18776670147078478,succ-rate if 1: 0.30 (n=8359) vs 0: 0.31 (n=13125),False,6641,14843
hist_hold,T1_displacement,bin,0.6634542990513477,0.6692043387455366,,0.41523478193089725,succ-rate if 1: 0.31 (n=14339) vs 0: 0.31 (n=7145),False,6641,14843
hist_hold,T2_fvg,bin,0.6041258846559253,0.6190797008690966,,0.03774433501801349,succ-rate if 1: 0.30 (n=13201) vs 0: 0.32 (n=8283),False,6641,14843
hist_hold,T3_bos_fast,bin,0.97650956181298,0.972579667183184,,0.09641538320510343,succ-rate if 1: 0.31 (n=20921) vs 0: 0.28 (n=563),False,6641,14843
hist_hold,T4_bos_margin,bin,0.8455051950007529,0.8528599339756114,,0.16535150895917916,succ-rate if 1: 0.31 (n=18274) vs 0: 0.32 (n=3210),False,6641,14843
hist_hold,T5_origin,bin,0.851528384279476,0.8430236475106111,,0.11106748265301998,succ-rate if 1: 0.31 (n=18168) vs 0: 0.30 (n=3316),False,6641,14843
hist_hold,T6_not_chop,bin,0.3958741153440747,0.4099575557501853,,0.05247187470193026,succ-rate if 1: 0.30 (n=8714) vs 0: 0.31 (n=12770),False,6641,14843
hist_hold,T7_body,bin,0.6761029965366662,0.670686518897797,,0.4409351888516896,succ-rate if 1: 0.31 (n=14445) vs 0: 0.31 (n=7039),False,6641,14843
hist_hold,T8_size,bin,0.9959343472368619,0.992925958364212,,0.00809287036966335,succ-rate if 1: 0.31 (n=21352) vs 0: 0.20 (n=132),False,6641,14843
hist_life,ob_body_ratio,cont,0.35714285714274385,0.40350877192996465,0.4551802244768297,2.578404992212733e-29,,False,13198,8695
hist_life,ob_prox_wick,cont,0.18923745173749618,0.12475247524752885,0.5892361712323151,3.2666102832739277e-111,,False,13198,8695
hist_life,ob_dist_wick,cont,0.369565217391273,0.39230769230769047,0.4799978145049771,5.259184415433945e-07,,False,13198,8695
hist_life,zone_h_atr,cont,0.8489581787618985,0.7519317665419034,0.60144928470787,8.468848592966222e-143,,False,13198,8695
hist_life,risk_atr,cont,0.6077491017213408,0.6441923059316471,0.4464481740964638,4.008662549690934e-41,,False,13198,8695
hist_life,disp1_body_atr,cont,1.1139134501841166,1.0182976050733843,0.5434854340852349,1.0804355757217799e-27,,False,13198,8695
hist_life,disp1_body_pct,cont,0.7764705882353158,0.7727272727272957,0.508388078750789,0.03544441147970561,,False,13198,8695
hist_life,disp_maxbody_atr,cont,1.2372264503233414,1.166249439963975,0.5362428186053945,9.951775681074171e-20,,False,13198,8695
hist_life,disp_n,cont,2.0,2.0,0.5011772568046408,0.7607289685436502,,False,13198,8695
hist_life,impulse3_atr,cont,1.9138626784785244,1.8831945272263442,0.5101391806537332,0.010995453213861464,,False,13198,8695
hist_life,fvg_atr,cont,0.3402689208648608,0.3445455133562679,0.4986114263919089,0.7276564507837093,,False,13198,8695
hist_life,bos_bars,cont,2.0,3.0,0.4845600615075681,7.532131973663768e-05,,False,13198,8695
hist_life,bos_margin_atr,cont,0.36625970719312945,0.3763413145713178,0.49309190119854535,0.08318319719106983,,False,13198,8695
hist_life,ob_to_bos_atr,cont,1.1850456524183985,1.22257439893213,0.4838252018772601,4.9805214179060475e-05,,False,13198,8695
hist_life,leg_gap,cont,0.0,0.0,0.4982799770749589,0.6005047832969542,,False,13198,8695
hist_life,leg_ext_beyond_atr,cont,0.0,0.0,0.4998393556589028,0.9562954577197923,,False,13198,8695
hist_life,opp_between,cont,0.0,0.0,0.49019108354629853,0.0021869812482604952,,False,13198,8695
hist_life,leg_len_atr,cont,2.842109977817663,2.776499036331165,0.521318100979107,8.969703208904502e-08,,False,13198,8695
hist_life,chop10,cont,6.0,6.0,0.518885012375322,1.884685351456029e-06,,False,13198,8695
hist_life,chop20,cont,9.0,9.0,0.5229300037705888,8.328941732328858e-09,,False,13198,8695
hist_life,range20_atr,cont,4.280793525035465,4.400008496815083,0.47880251952371194,1.0595836065284453e-07,,False,13198,8695
hist_life,touch_bars,cont,13.0,13.0,0.4895070924454809,0.008451263063783099,,False,13198,8695
hist_life,touch_after_bos,cont,9.0,10.0,0.4905449934430792,0.01759253915678537,,False,13198,8695
hist_life,run_after_bos_atr,cont,3.103919232063872,3.116774288970856,0.49927334904717036,0.8553955494986412,,False,13198,8695
hist_life,approach_bars,cont,5.0,6.0,0.4851431521025238,0.00018521858595203411,,False,13198,8695
hist_life,approach_speed,cont,0.5604605681570317,0.5151385907318803,0.5201680408649227,4.2363206835343035e-07,,False,13198,8695
hist_life,mom3_atr,cont,0.5198935166095588,0.6347851474978289,0.4625679906368792,6.13142407118323e-21,,False,13198,8695
hist_life,consec_toward,cont,1.0,1.0,0.47059724054239666,2.7048076576669995e-14,,False,13198,8695
hist_life,prev_close_dist_atr,cont,0.8098645028855973,0.6242911495918082,0.5812724077506298,2.385353075399249e-92,,False,13198,8695
hist_life,touch_range_atr,cont,1.3480399060299897,1.4118572434593288,0.4560677681224637,3.1316612579030476e-28,,True,13198,8695
hist_life,touch_body_atr,cont,0.7223611647285679,0.8870262757102356,0.4188633012076603,4.778428459798849e-92,,True,13198,8695
hist_life,tb_fails,cont,2.0,2.0,0.5013019598609614,0.7358988446663204,,False,13198,8695
hist_life,score,cont,4.0,4.0,0.5035757068808498,0.19108503753077466,,False,13198,8695
hist_life,entry_mid,bin,0.3603576299439309,0.14928119608970672,,1.4141655125507512e-270,succ-rate if 1: 0.79 (n=6054) vs 0: 0.53 (n=15839),False,13198,8695
hist_life,sweep_leg,bin,0.10781936657069253,0.08602645198389879,,1.1832384806171477e-07,succ-rate if 1: 0.66 (n=2171) vs 0: 0.60 (n=19722),False,13198,8695
hist_life,ob_before_pivot,bin,0.10569783300500075,0.10868315123634273,,0.48839629132445084,succ-rate if 1: 0.60 (n=2340) vs 0: 0.60 (n=19553),False,13198,8695
hist_life,gap_entry,bin,0.0038642218517957265,0.025646923519263946,,8.439966577049332e-46,succ-rate if 1: 0.19 (n=274) vs 0: 0.61 (n=21619),False,13198,8695
hist_life,touch_big,bin,0.41036520684952266,0.46589994249568717,,5.423924056676766e-16,succ-rate if 1: 0.57 (n=9467) vs 0: 0.63 (n=12426),True,13198,8695
hist_life,touch_close_through,bin,0.0006819215032580694,0.24634847613571018,,0.0,succ-rate if 1: 0.00 (n=2151) vs 0: 0.67 (n=19742),True,13198,8695
hist_life,s2,bin,0.6535838763449008,0.6964922369177688,,3.73434424066282e-11,succ-rate if 1: 0.59 (n=14682) vs 0: 0.63 (n=7211),False,13198,8695
hist_life,s3,bin,0.9927261706319139,0.9957446808510638,,0.005651684158660367,succ-rate if 1: 0.60 (n=21760) vs 0: 0.72 (n=133),False,13198,8695
hist_life,s4,bin,0.9357478405819063,0.9459459459459459,,0.001885820695034178,succ-rate if 1: 0.60 (n=20575) vs 0: 0.64 (n=1318),False,13198,8695
hist_life,s5,bin,0.615547810274284,0.5522714203565268,,1.397534232938589e-20,succ-rate if 1: 0.63 (n=12926) vs 0: 0.57 (n=8967),False,13198,8695
hist_life,aligned_h4d1,bin,0.38642218517957266,0.39551466359977,,0.17861118872967263,succ-rate if 1: 0.60 (n=8539) vs 0: 0.61 (n=13354),False,13198,8695
hist_life,T1_displacement,bin,0.6919987876951054,0.6358826912018402,,7.383806746023913e-18,succ-rate if 1: 0.62 (n=14662) vs 0: 0.56 (n=7231),False,13198,8695
hist_life,T2_fvg,bin,0.6146385816032732,0.6159861989649223,,0.8424997116747012,succ-rate if 1: 0.60 (n=13468) vs 0: 0.60 (n=8425),False,13198,8695
hist_life,T3_bos_fast,bin,0.9752992877708744,0.9719378953421507,,0.1291398377972176,succ-rate if 1: 0.60 (n=21323) vs 0: 0.57 (n=570),False,13198,8695
hist_life,T4_bos_margin,bin,0.8504318836187301,0.8523289246693502,,0.7123715526251526,succ-rate if 1: 0.60 (n=18635) vs 0: 0.61 (n=3258),False,13198,8695
hist_life,T5_origin,bin,0.8468707379906046,0.8455434157561817,,0.7886514949553112,succ-rate if 1: 0.60 (n=18529) vs 0: 0.60 (n=3364),False,13198,8695
hist_life,T6_not_chop,bin,0.39672677678436125,0.4159861989649224,,0.004675787747463425,succ-rate if 1: 0.59 (n=8853) vs 0: 0.61 (n=13040),False,13198,8695
hist_life,T7_body,bin,0.6513108046673739,0.7025876940770558,,2.4688301873867447e-15,succ-rate if 1: 0.58 (n=14705) vs 0: 0.64 (n=7188),False,13198,8695
hist_life,T8_size,bin,0.9955296257008638,0.9906843013225992,,1.7804600619862894e-05,succ-rate if 1: 0.60 (n=21753) vs 0: 0.42 (n=140),False,13198,8695
hist_H1_hold,ob_body_ratio,cont,0.3628151677586956,0.343949044586026,0.4963123457498709,0.8342735932740613,,False,380,917
hist_H1_hold,ob_prox_wick,cont,0.19844241968288578,0.19565217391287035,0.47883544739711875,0.22965327738820573,,False,380,917
hist_H1_hold,ob_dist_wick,cont,0.40170454545454937,0.37675840978593167,0.5294524479136773,0.09460484772886327,,False,380,917
hist_H1_hold,zone_h_atr,cont,0.811888766765641,0.841023438102158,0.47895884750043044,0.2324077194340175,,False,380,917
hist_H1_hold,risk_atr,cont,0.632335855647061,0.6164943873123218,0.5182345175916891,0.3007251217354663,,False,380,917
hist_H1_hold,disp1_body_atr,cont,1.1375619661586938,1.1823388550032157,0.4719020834529071,0.11077712969632944,,False,380,917
hist_H1_hold,disp1_body_pct,cont,0.7290610127864857,0.7439613526570183,0.4828229925959938,0.3296311316170709,,False,380,917
hist_H1_hold,disp_maxbody_atr,cont,1.3230716552271589,1.3191488133269258,0.48471847557825865,0.3857926480984549,,False,380,917
hist_H1_hold,disp_n,cont,2.0,2.0,0.505495609252138,0.7474883530258218,,False,380,917
hist_H1_hold,impulse3_atr,cont,1.9569937542081015,1.991365077390527,0.49110371348217874,0.6136592212215115,,False,380,917
hist_H1_hold,fvg_atr,cont,0.3260605512694561,0.3694335168519207,0.4704643287608334,0.09367661573763826,,False,380,917
hist_H1_hold,bos_bars,cont,2.0,2.0,0.5007533145841704,0.9650372007786857,,False,380,917
hist_H1_hold,bos_margin_atr,cont,0.4301252633978184,0.415872827048003,0.4904092291798198,0.5862523429849114,,False,380,917
hist_H1_hold,ob_to_bos_atr,cont,1.0783545095722071,1.0799770828730637,0.48966595879010505,0.5575653184162248,,False,380,917
hist_H1_hold,leg_gap,cont,0.0,0.0,0.49898697124490615,0.9465200488415236,,False,380,917
hist_H1_hold,leg_ext_beyond_atr,cont,0.0,0.0,0.4906258968030764,0.48051511291200255,,False,380,917
hist_H1_hold,opp_between,cont,0.0,0.0,0.4968619066750847,0.8192133639849114,,False,380,917
hist_H1_hold,leg_len_atr,cont,2.7836577598298815,2.8275827568192056,0.47808643746771506,0.21361141116636362,,False,380,917
hist_H1_hold,chop10,cont,7.0,7.0,0.5155914595649429,0.37315489164400495,,False,380,917
hist_H1_hold,chop20,cont,11.0,10.0,0.5258810193422487,0.141161456509141,,False,380,917
hist_H1_hold,range20_atr,cont,4.249955430041153,4.420645684410734,0.48567697870630777,0.4162928379143881,,False,380,917
hist_H1_hold,touch_bars,cont,16.0,13.0,0.5122510474659933,0.48650614526393765,,False,380,917
hist_H1_hold,touch_after_bos,cont,11.0,10.0,0.5151825173621075,0.38827603938831945,,False,380,917
hist_H1_hold,run_after_bos_atr,cont,3.066430839609052,3.159270976319243,0.5048642598863571,0.7825435258481148,,False,380,917
hist_H1_hold,approach_bars,cont,6.0,6.0,0.5036661309762958,0.8346112575835715,,False,380,917
hist_H1_hold,approach_speed,cont,0.5397703386066337,0.4942127642487975,0.4980227285771681,0.9107082656252511,,False,380,917
hist_H1_hold,mom3_atr,cont,0.4827716598906997,0.4423380773934829,0.5037694426906962,0.8306516332158537,,False,380,917
hist_H1_hold,consec_toward,cont,1.0,1.0,0.5231375193709464,0.17370260564201767,,False,380,917
hist_H1_hold,prev_close_dist_atr,cont,0.8141422946206465,0.8072610459336474,0.5070395454284566,0.6895458015817959,,False,380,917
hist_H1_hold,touch_range_atr,cont,1.3996747559820992,1.4990133756685589,0.44711301153647476,0.002684795865087866,,True,380,917
hist_H1_hold,touch_body_atr,cont,0.6595531845922833,0.8751605083997256,0.4081070998105952,1.832154031963595e-07,,True,380,917
hist_H1_hold,tb_fails,cont,2.0,2.0,0.5224875165011766,0.18629818056626402,,False,380,917
hist_H1_hold,score,cont,4.0,4.0,0.5026961487688687,0.8325591348491695,,False,380,917
hist_H1_hold,entry_mid,bin,0.3026315789473684,0.33478735005452565,,0.26898316101475117,succ-rate if 1: 0.27 (n=422) vs 0: 0.30 (n=875),False,380,917
hist_H1_hold,sweep_leg,bin,0.10526315789473684,0.16030534351145037,,0.011581559729145034,succ-rate if 1: 0.21 (n=187) vs 0: 0.31 (n=1110),False,380,917
hist_H1_hold,ob_before_pivot,bin,0.15,0.14285714285714285,,0.7296809980195393,succ-rate if 1: 0.30 (n=188) vs 0: 0.29 (n=1109),False,380,917
hist_H1_hold,gap_entry,bin,0.018421052631578946,0.014176663031624863,,0.6217094838835873,succ-rate if 1: 0.35 (n=20) vs 0: 0.29 (n=1277),False,380,917
hist_H1_hold,touch_big,bin,0.45789473684210524,0.4994547437295529,,0.17971703437803038,succ-rate if 1: 0.28 (n=632) vs 0: 0.31 (n=665),True,380,917
hist_H1_hold,touch_close_through,bin,0.0,0.15485278080697928,,2.0866697102005004e-23,succ-rate if 1: 0.00 (n=142) vs 0: 0.33 (n=1155),True,380,917
hist_H1_hold,s2,bin,0.5868421052631579,0.5441657579062159,,0.17668877855941806,succ-rate if 1: 0.31 (n=722) vs 0: 0.27 (n=575),False,380,917
hist_H1_hold,s3,bin,0.9947368421052631,0.9912758996728462,,0.7324424869098001,succ-rate if 1: 0.29 (n=1287) vs 0: 0.20 (n=10),False,380,917
hist_H1_hold,s4,bin,0.9026315789473685,0.920392584514722,,0.3243054967658074,succ-rate if 1: 0.29 (n=1187) vs 0: 0.34 (n=110),False,380,917
hist_H1_hold,s5,bin,0.7447368421052631,0.7677208287895311,,0.3909917510320272,succ-rate if 1: 0.29 (n=987) vs 0: 0.31 (n=310),False,380,917
hist_H1_hold,aligned_h4d1,bin,0.45789473684210524,0.44274809160305345,,0.62402650156831,succ-rate if 1: 0.30 (n=580) vs 0: 0.29 (n=717),False,380,917
hist_H1_hold,T1_displacement,bin,0.6947368421052632,0.7317339149400218,,0.19624020606760612,succ-rate if 1: 0.28 (n=935) vs 0: 0.32 (n=362),False,380,917
hist_H1_hold,T2_fvg,bin,0.5868421052631579,0.6423118865866958,,0.06743165372866727,succ-rate if 1: 0.27 (n=812) vs 0: 0.32 (n=485),False,380,917
hist_H1_hold,T3_bos_fast,bin,0.968421052631579,0.9727371864776445,,0.7144889610474408,succ-rate if 1: 0.29 (n=1260) vs 0: 0.32 (n=37),False,380,917
hist_H1_hold,T4_bos_margin,bin,0.8421052631578947,0.8735005452562704,,0.15380588533873768,succ-rate if 1: 0.29 (n=1121) vs 0: 0.34 (n=176),False,380,917
hist_H1_hold,T5_origin,bin,0.85,0.8200654307524536,,0.22427513717491215,succ-rate if 1: 0.30 (n=1075) vs 0: 0.26 (n=222),False,380,917
hist_H1_hold,T6_not_chop,bin,0.36578947368421055,0.38386041439476554,,0.5715144487653743,succ-rate if 1: 0.28 (n=491) vs 0: 0.30 (n=806),False,380,917
hist_H1_hold,T7_body,bin,0.6289473684210526,0.6390403489640131,,0.7513661358540211,succ-rate if 1: 0.29 (n=825) vs 0: 0.30 (n=472),False,380,917
hist_H1_hold,T8_size,bin,1.0,0.9956379498364231,,0.32757024058076656,succ-rate if 1: 0.29 (n=1293) vs 0: 0.00 (n=4),False,380,917
