ts,event,direction,symbol,tf,lo_s,hi_s
2026-10-05T21:10:11.475861+00:00,reaction,bull,GBPAUD,H1,1.892,1.894
2026-10-05T21:35:59.537324+00:00,reaction,bull,GBPAUD,H1,1.892,1.894
2026-10-05T21:50:57.520142+00:00,reaction,bull,GBPAUD,H1,1.892,1.894
2026-10-05T22:16:15.127881+00:00,sl,bull,XAUUSD,H1,4344,4358
2026-10-06T09:28:10.948913+00:00,reaction,bull,AUDUSD,H1,0.696476,0.697204
2026-10-06T09:43:11.227846+00:00,contact,bull,NZDCHF,H1,0.46482,0.46555
2026-10-06T13:13:12.031393+00:00,reaction,bull,NZDCHF,H1,0.46482,0.46555
2026-10-06T21:42:03.910213+00:00,contact,bear,EURCAD,M15,1.59937,1.60027
2026-10-06T22:12:00.346278+00:00,contact,bear,ETH,M15,2699.28,2702.63
2026-10-06T22:12:00.496872+00:00,reaction,bear,EURCAD,M15,1.59937,1.60027
2026-10-07T01:26:59.830722+00:00,reaction,bear,ETH,M15,2699.28,2702.63
2026-10-07T02:11:24.830956+00:00,sl,bull,ADA,H1,0.2503,0.253
2026-10-07T04:26:42.700888+00:00,contact,bear,XPDUSD,M5,1166,1167
2026-10-07T04:27:01.083781+00:00,contact,bull,NZDUSD,M15,0.560507,0.56079
2026-10-07T05:11:42.631818+00:00,reaction,bear,XPDUSD,M5,1166,1167
2026-10-07T06:12:01.628242+00:00,sl,bull,NZDUSD,M15,0.560507,0.56079
2026-10-07T07:27:02.197424+00:00,contact,bull,SUI,M15,1.1355,1.1389
2026-10-07T07:36:24.546977+00:00,contact,bear,COPPER,M5,6.6295,6.632
2026-10-07T07:41:24.999405+00:00,reaction,bull,EURUSD,H1,1.1207,1.12158
2026-10-07T07:41:43.463827+00:00,sl,bear,COPPER,M5,6.6295,6.632
2026-10-07T08:11:44.369862+00:00,contact,bull,NZDUSD,M5,0.560507,0.56057
2026-10-07T08:16:24.443998+00:00,sl,bull,NZDUSD,M5,0.560507,0.56057
2026-10-07T08:42:01.107957+00:00,reaction,bull,SUI,M15,1.1355,1.1389
2026-10-07T09:42:01.980014+00:00,contact,bull,AUDUSD,M15,0.696767,0.697107
2026-10-07T10:12:06.878285+00:00,sl,bull,BNB,M15,767.67,768.62
2026-10-07T10:27:02.101253+00:00,sl,bull,AUDUSD,M15,0.696767,0.697107
2026-10-07T10:41:42.926114+00:00,contact,bear,GBPUSD,M5,1.32298,1.32328
2026-10-07T10:46:24.466900+00:00,reaction,bear,GBPUSD,M5,1.32298,1.32328
2026-10-07T10:56:24.409958+00:00,reaction,bull,AUDUSD,H1,0.69541,0.696282
2026-10-07T11:42:20.986630+00:00,contact,bull,AUDUSD,M30,0.69541,0.695749
2026-10-07T12:12:23.414307+00:00,sl,bull,AUDUSD,M30,0.69541,0.695749
2026-10-07T15:01:28.354570+00:00,contact,bull,BNB,M5,763.45,765.7
2026-10-07T15:16:24.795504+00:00,reaction,bull,BNB,M5,763.45,765.7
2026-10-07T15:56:42.764007+00:00,contact,bear,SOL,M5,116.79,117.13
2026-10-07T16:06:24.610056+00:00,sl,bear,SOL,M5,116.79,117.13
2026-10-07T16:06:24.873140+00:00,contact,bear,BTC,M5,83562.9,83726.4
2026-10-07T16:41:46.344909+00:00,reaction,bear,BTC,M5,83562.9,83726.4
2026-10-07T18:01:24.732827+00:00,reaction,bull,NZDCAD,M5,0.79647,0.7967
2026-10-07T21:03:09.534423+00:00,reaction,bear,CADJPY,M5,110.893,110.929
2026-10-07T23:58:31.064111+00:00,reaction,bear,USDJPY,M5,158.074,158.094
2026-10-08T00:08:08.797351+00:00,contact,bull,LINK,M5,13.29,13.305
2026-10-08T00:18:08.543240+00:00,reaction,bull,LINK,M5,13.29,13.305
2026-10-08T00:38:08.645372+00:00,contact,bull,XRP,M5,1.4196,1.421
2026-10-08T00:48:10.962710+00:00,reaction,bull,XRP,M5,1.4196,1.421
2026-10-08T01:23:08.599749+00:00,reaction,bull,BNB,M5,772.87,773.38
2026-10-08T01:23:08.758099+00:00,sl,bull,DOGE,M5,0.08913,0.08923
2026-10-08T01:43:09.337272+00:00,sl,bear,COPPER,H1,6.73,6.7435
2026-10-08T01:43:47.960684+00:00,reaction,bear,AVAX,M15,11.193,11.261
2026-10-08T02:28:48.221561+00:00,reaction,bear,CADJPY,M15,110.786,110.894
2026-10-08T02:44:09.797821+00:00,contact,bear,GBPJPY,M30,208.761,208.908
2026-10-08T02:44:10.041513+00:00,contact,bear,USDJPY,M30,157.938,158.108
2026-10-08T03:14:04.057357+00:00,sl,bear,GBPJPY,M30,208.761,208.908
2026-10-08T03:14:04.301557+00:00,sl,bear,USDJPY,M30,157.938,158.108
2026-10-08T04:33:08.452041+00:00,contact,bear,BTC,M5,82921.8,83028.1
2026-10-08T04:38:08.637279+00:00,reaction,bear,BTC,M5,82921.8,83028.1
2026-10-08T05:38:08.315751+00:00,contact,bull,NZDUSD,M5,0.560255,0.560318
2026-10-08T05:43:26.872862+00:00,sl,bull,NZDUSD,M5,0.560255,0.560318
2026-10-08T05:53:08.011868+00:00,contact,bull,GBPUSD,M5,1.32001,1.32015
2026-10-08T05:58:28.873976+00:00,sl,bull,GBPUSD,M5,1.32001,1.32015
2026-10-08T06:51:10.959719+00:00,reaction,bear,XAUUSD,M5,4143.2,4146.1
2026-10-08T06:56:11.280490+00:00,sl,bear,XRP,M5,1.4044,1.4072
2026-10-08T07:31:50.388557+00:00,contact,bear,CADJPY,M15,110.998,111.068
2026-10-08T07:31:50.567869+00:00,contact,bear,NZDJPY,M15,88.507,88.573
2026-10-08T07:46:29.535035+00:00,contact,bull,XAUUSD,M5,4142.7,4145.9
2026-10-08T07:46:49.270932+00:00,sl,bear,CADJPY,M15,110.998,111.068
2026-10-08T07:56:11.659675+00:00,sl,bull,XAUUSD,M5,4142.7,4145.9
