symbol,tf,direction,ts_ob,touched_at,status,hold,trade_exit,trade_r,score,zone_h_atr,ob_body_ratio,disp_maxbody_atr,fvg_atr,chop10,bos_margin_atr,leg_ext_beyond_atr,approach_speed,risk_pct,tb_fails,T1_displacement,T2_fvg,T3_bos_fast,T4_bos_margin,T5_origin,T6_not_chop,T7_body,T8_size
XAUUSD,M5,bear,2026-10-08T06:10:00+00:00,2026-10-08T06:40:00+00:00,echec,sl,,,5,0.7726152379221364,0.1033844081495201,0.5328560388161425,0.1066752812083097,4,0.1066752812083097,0.0,1.3588089173424338,0.0286523345920556,3,0,0,1,1,1,1,0,1
XAUUSD,M5,bull,2026-10-08T07:00:00+00:00,2026-10-08T07:30:00+00:00,echec,sl,,,5,0.8247615382392582,0.4063787578208454,1.0310463179087448,0.4124436991927437,5,0.5413244889313368,0.0,1.082586047789559,0.0770431424363367,0,1,1,1,1,1,1,1,1
XAUUSD,H1,bull,2026-09-17T09:00:00+00:00,2026-09-22T05:00:00+00:00,reaction,sl,sl,-1.0,5,0.6366010765307131,0.4246346276044279,1.1380300773819003,0.1918468379190747,4,0.6802035983438598,0.0043645102400854,0.080565375165711,0.196415448074042,1,1,0,1,1,1,1,1,1
AUDUSD,H1,bull,2026-10-05T13:00:00+00:00,2026-10-07T10:00:00+00:00,reaction,sl,sl,-1.0,5,1.0647677128491406,0.7778005744768157,1.5401338480891344,0.8299974279205652,6,0.1779710224458555,0.0,0.1699365968553511,0.0685059278094222,1,1,1,1,1,1,0,1,1
BNB,M15,bull,2026-10-07T07:00:00+00:00,2026-10-07T10:00:00+00:00,echec,sl,sl,-1.0,5,0.5510500845771115,0.1684210526315373,2.7958541133279766,0.1160105441215179,5,2.221601919926588,0.0,0.5866818945572609,0.1322142936851478,2,1,0,1,1,1,1,0,1
GBPUSD,M5,bull,2026-10-07T14:05:00+00:00,2026-10-08T05:50:00+00:00,echec,sl,sl,-1.0,5,0.3371712114781177,0.8743589743589744,1.053876171261091,0.5478311735212835,3,0.5486957150891761,0.0,0.0709141580406,0.0121318056039855,0,1,1,1,1,1,1,1,1
CADJPY,M5,bear,2026-10-07T15:55:00+00:00,2026-10-07T21:00:00+00:00,reaction,sl,sl,-1.0,4,0.6690056435722219,0.1667726213180758,0.7804356999078368,0.2601452333026122,10,0.4644336699179061,0.0,0.0995468165037497,0.0240682281185658,3,0,1,1,1,1,0,0,1
EURUSD,H1,bull,2026-10-06T06:00:00+00:00,2026-10-07T07:00:00+00:00,echec,sl,sl,-1.0,4,0.6742663662109882,0.142934561712505,2.511987066531602,1.06168862052623,3,0.871220476162335,0.0,0.2551066331390613,0.0730628176740746,1,1,1,1,1,1,1,0,1
COPPER,H1,bear,2026-09-27T23:00:00+00:00,2026-10-08T01:00:00+00:00,echec,sl,sl,-1.0,4,0.4993164312360248,0.0740675332014693,1.8862810434744643,1.5164144075645352,3,1.7568312481483686,0.0,0.0756840070763711,0.1016946610140039,1,1,1,1,1,1,1,0,1
GBPJPY,M30,bear,2026-10-07T23:30:00+00:00,2026-10-08T02:30:00+00:00,echec,sl,sl,-1.0,4,0.8485197248529384,0.5237699813161719,2.1126679094921563,1.1602190508083616,10,0.051964566915428,0.0288007006463473,0.8254219152367164,0.0486864684613171,2,1,1,1,0,1,0,1,1
AUDUSD,M30,bull,2026-10-05T13:30:00+00:00,2026-10-07T11:30:00+00:00,echec,sl,sl,-1.0,4,0.6080524279579633,0.4287222808870116,1.3938547824977952,0.7825919404534646,1,0.3486509697794869,0.0,0.1378028630094258,0.038772924004181,0,1,1,1,1,1,1,1,1
ADA,H1,bull,2026-10-04T20:00:00+00:00,2026-10-07T02:00:00+00:00,echec,sl,sl,-1.0,4,0.6472098865905529,0.4814814814814936,2.109424815554404,0.0719122096211784,2,0.0719122096211651,0.0,0.4145527378161739,1.071434994672241,2,1,0,1,0,1,1,1,1
NZDUSD,M5,bull,2026-10-08T04:20:00+00:00,2026-10-08T05:35:00+00:00,echec,sl,sl,-1.0,4,0.7103043787041747,1.0,1.0664683976555558,1.0664683976555558,1,0.3554894658851852,0.0,0.92454243252796,0.0119899320340194,0,1,1,1,1,1,1,1,1
XRP,M5,bear,2026-10-08T06:15:00+00:00,2026-10-08T06:50:00+00:00,echec,sl,,,4,0.7027332534791814,0.1071428571428486,1.5309545879368338,1.1795879611972708,5,0.2007809295655201,0.0,0.5646963644029385,0.1636340550729138,1,1,1,1,1,1,1,0,1
CADJPY,M15,bear,2026-10-07T14:30:00+00:00,2026-10-08T07:15:00+00:00,echec,sl,,,4,0.7323554488296444,0.4856675749318801,1.0357541475763996,0.3138552179616525,7,0.4289567500828893,0.0313695576446921,0.2003930813955406,0.0457357077370537,1,1,1,1,1,1,0,1,1
BTC,M5,bear,2026-10-08T03:25:00+00:00,2026-10-08T04:30:00+00:00,reaction,sl,sl,-1.0,4,0.8420125375423204,0.1358210358116098,0.8310906717484269,0.1090603700285013,4,0.3552772141204481,0.0,2.7470866790200184,0.1023605211307717,3,0,0,1,1,1,1,0,1
NZDUSD,M15,bull,2026-10-06T10:45:00+00:00,2026-10-07T04:15:00+00:00,echec,sl,time,-0.5844,4,0.8071261597508789,0.888748419721871,1.5288799359798568,1.077528729073234,8,1.7984321827571732,0.1792479924941901,0.1200988893416443,0.0479594522310238,2,1,1,1,1,0,0,1,1
USDJPY,M30,bear,2026-10-07T23:30:00+00:00,2026-10-08T02:30:00+00:00,echec,sl,sl,-1.0,4,1.4804867202849108,0.4588457050534063,2.063990641725629,0.4616471471384777,10,0.2787955425148319,0.0174081106146058,0.7946935381908121,0.0574222589358118,1,1,1,1,1,1,0,1,1
BNB,M5,bull,2026-10-07T13:45:00+00:00,2026-10-07T15:00:00+00:00,reaction,sl,sl,-1.0,4,1.4240469119847052,0.3244444444444525,2.417715201680731,1.2151866982269224,3,0.537973277860903,0.0,0.1450823862466422,0.157473132972047,0,1,1,1,1,1,1,1,1
CADJPY,M15,bear,2026-10-07T23:45:00+00:00,2026-10-08T02:15:00+00:00,reaction,sl,sl,-1.0,4,1.2714631990133156,0.5833980925468033,1.824960636831758,0.1412936497384631,10,0.023623795220099,0.1177596788347903,0.5612073583116939,0.0525477104270526,4,1,0,1,0,0,0,1,1
NZDJPY,M15,bear,2026-10-08T06:30:00+00:00,2026-10-08T07:15:00+00:00,touchee,open,,,4,0.9463837138847868,0.7728323699421965,1.118592727255267,0.1577670884880765,3,0.2150971539303457,0.0861045066852401,1.3193573648250454,0.0660735232084036,1,1,0,1,1,1,1,1,1
NZDCHF,H1,bull,2026-10-06T06:00:00+00:00,2026-10-06T09:00:00+00:00,reaction,tp,time,0.8063,4,0.7341660993278255,0.0547866911614615,0.8850155779119018,0.1810313631328869,10,0.4726896735047616,0.0,0.9956425251508896,0.1438905798327041,4,0,0,1,1,1,0,0,1
SUI,M15,bull,2026-10-07T06:15:00+00:00,2026-10-07T07:15:00+00:00,reaction,tp,time,-0.1148,4,0.5433295073187012,0.0294117647058785,1.0067576165022742,0.0639211185080741,9,0.3835267110484804,0.0,0.3409126320430976,0.2296436666236292,3,1,0,1,1,1,0,0,1
AUDUSD,H1,bull,2026-10-06T06:00:00+00:00,2026-10-06T09:00:00+00:00,reaction,tp,time,1.7758,4,1.116567826978548,0.2668576104746317,2.0873056824466407,0.5963861052936975,9,0.2239531705339133,0.0,1.3429880459026755,0.0569428801230125,1,1,1,1,1,1,0,1,1
GBPAUD,H1,bull,2026-09-30T00:00:00+00:00,2026-10-05T21:00:00+00:00,reaction,open,,,4,0.7297154199605042,0.1514841351074718,2.200261799724369,1.0945950974108014,9,0.2690575731132595,0.5896947658925815,0.0934392799391967,0.0309365894130696,3,1,1,1,1,0,0,0,1
NZDUSD,M5,bull,2026-10-07T06:20:00+00:00,2026-10-07T08:10:00+00:00,echec,sl,sl,-1.0,4,0.5155136642249427,1.0,2.580992036162261,1.0320055327463276,4,1.5499647077123753,0.0,0.3441974851080642,0.0122940267296265,0,1,1,1,1,1,1,1,1
AVAX,M15,bear,2026-10-07T21:00:00+00:00,2026-10-08T01:30:00+00:00,reaction,open,,,4,0.7390706290965497,0.2794117647058858,1.7063836583552792,0.0326060571660256,9,1.3477170295289966,0.0,0.1782464458409339,0.2723664640192658,2,1,0,1,1,1,0,1,1
EURCAD,M15,bear,2026-10-06T20:30:00+00:00,2026-10-06T21:30:00+00:00,reaction,tp,tp,2.0,4,0.9651380903004828,0.4443708609271523,0.8364104006405377,0.0965138090300483,10,0.3645793157002619,0.0965138090300483,0.6916396870954653,0.0366715064278571,3,0,0,1,1,1,0,1,1
USDJPY,M5,bear,2026-10-07T20:50:00+00:00,2026-10-07T23:55:00+00:00,echec,sl,sl,-1.0,4,0.6411645468408586,0.250381679389313,0.9304227507973069,0.769886894794405,9,0.0318135080493555,0.0,1.454122037148237,0.0098374966310019,4,0,1,0,0,1,0,1,1
AUDUSD,M15,bull,2026-10-07T08:00:00+00:00,2026-10-07T09:30:00+00:00,echec,sl,sl,-1.0,4,1.3394520274891248,0.4284712482468443,1.339686854282163,0.3830024994450846,6,0.3834721530311607,0.0,1.149594565317849,0.0262123597717378,1,1,1,1,1,1,0,1,1
NZDCAD,M5,bull,2026-10-07T14:45:00+00:00,2026-10-07T18:00:00+00:00,reaction,tp,tp,2.0,4,0.5010953695037742,0.0435345944545218,0.9585607716187772,0.4792803858093886,3,0.108945067378509,0.0,1.50319954111571,0.0141802460003531,2,0,1,1,1,1,1,0,1
SOL,M5,bear,2026-10-07T12:35:00+00:00,2026-10-07T15:55:00+00:00,echec,sl,sl,-1.0,4,1.132483177607012,0.4117647058823677,1.5654914513979743,0.5329332600504115,6,0.1332333150126147,0.0,0.1626983750634573,0.1581833622674466,1,1,1,1,1,1,0,1,1
GBPUSD,M5,bear,2026-10-07T09:55:00+00:00,2026-10-07T10:40:00+00:00,reaction,tp,tp,2.0,4,0.8626960383837491,0.4703525641025641,0.2028856468474602,0.3045012859840076,6,0.811542587389841,0.0,0.4691946602988539,0.0118806229168877,2,0,1,1,1,1,0,1,1
LINK,M5,bull,2026-10-07T22:50:00+00:00,2026-10-08T00:05:00+00:00,reaction,tp,tp,2.0,4,0.6599848943116969,0.2666666666666272,0.9679778449904628,0.5279879154493575,7,1.1439738168068891,0.0,0.5206547499569837,0.0687049905653264,2,0,1,1,1,1,0,1,1
XRP,M5,bull,2026-10-08T00:05:00+00:00,2026-10-08T00:35:00+00:00,reaction,tp,tp,2.0,4,0.7358384609567435,0.6428571428571995,1.681916482186809,0.1051197801366609,4,0.7358384609567435,0.2102395602733219,0.4598990380979501,0.0770892281373579,2,1,0,1,1,0,1,1,1
BTC,M5,bear,2026-10-07T12:35:00+00:00,2026-10-07T16:05:00+00:00,reaction,tp,tp,2.0,4,1.5194836226001154,0.4011130136985988,1.1598700206270192,0.3655607003001574,9,0.1393851170437938,0.0,0.2574044868607302,0.1041797606565124,1,1,1,1,1,1,0,1,1
BNB,M5,bull,2026-10-08T00:40:00+00:00,2026-10-08T01:20:00+00:00,reaction,tp,sl,-1.0,4,0.8006728375773298,0.1764705882351367,1.4286515337163874,0.4709840221042486,8,0.0627978696138522,0.1098962718244198,1.4914494033303587,0.0442132768767819,4,1,1,1,0,0,0,0,1
XPDUSD,M5,bear,2026-10-07T02:30:00+00:00,2026-10-07T04:15:00+00:00,reaction,tp,tp,2.0,4,0.6879771464397804,1.0,0.0,0.3439885732198902,3,0.6879771464397804,0.3439885732198902,0.2407920012539231,0.0919962978335169,2,0,1,1,1,0,1,1,1
DOGE,M5,bull,2026-10-08T00:40:00+00:00,2026-10-08T01:20:00+00:00,echec,sl,sl,-1.0,4,0.7597018612868052,0.6999999999999861,1.6713440948310136,0.607761489029402,4,0.303880744514701,0.0,1.215522978058839,0.1082509854538228,0,1,1,1,1,1,1,1,1
COPPER,M5,bear,2026-10-07T06:10:00+00:00,2026-10-07T07:25:00+00:00,echec,sl,sl,-1.0,4,0.5464834805410289,0.2000762921991226,1.4207736645536455,0.5464834805410289,7,1.0929669610820578,0.0,1.3333863385788989,0.0411614401820344,2,1,1,1,1,1,0,0,1
ETH,M15,bear,2026-10-06T18:00:00+00:00,2026-10-06T22:00:00+00:00,reaction,tp,time,0.7288,4,0.5173128628391935,0.4029850746268494,0.4725305553098349,0.2362652776549525,6,0.3968638977602531,0.0,0.2182962012795053,0.1357315659032107,3,0,0,1,1,1,0,1,1
