criterion,sample,n,fail_share,hold_tp_fail,hold_tp_pass,life_fail,life_pass,rgross_fail,rgross_pass,fisher_p_hold
T1_displacement,hist,21894,0.3302731341920161,0.31280615815255425,0.30727386847060467,0.5621629096943714,0.622902741781476,0.029385810130637374,-0.015348813521605682,0.41523478193089725
T1_displacement,prod,388,0.44072164948453607,0.4484848484848485,0.400990099009901,0.7058823529411765,0.6898148148148148,0.27483619047619046,0.050491616766467066,0.39582981854709404
T1_displacement,prod_alerted,41,0.2682926829268293,0.6363636363636364,0.18518518518518517,0.8181818181818182,0.3793103448275862,0.85351,-0.5801416666666667,0.017390842178101502
T2_fvg,hist,21894,0.38480862336713256,0.31739707835325365,0.3039163699719718,0.603679525222552,0.6023166023166023,0.01671002470007183,-0.011108903950785124,0.03774433501801349
T2_fvg,prod,388,0.44587628865979384,0.4573170731707317,0.39408866995073893,0.7383720930232558,0.6635514018691588,0.11164833333333335,0.15718486842105261,0.2430310123730387
T2_fvg,prod_alerted,41,0.3170731707317073,0.45454545454545453,0.25925925925925924,0.75,0.39285714285714285,0.042030000000000046,-0.24202500000000002,0.27240456797722007
T3_bos_fast,hist,21894,0.02603453000822143,0.27708703374777977,0.3099756225801826,0.5719298245614035,0.6036674013975519,-0.057941692160600015,0.0011803321858704855,0.09641538320510343
T3_bos_fast,prod,388,0.04896907216494845,0.5263157894736842,0.4166666666666667,0.6842105263157895,0.6975476839237057,-0.32974166666666666,0.15864153846153844,0.3523351828070745
T3_bos_fast,prod_alerted,41,0.024390243902439025,0.0,0.32432432432432434,0.0,0.5128205128205128,-1.0,-0.1329787878787879,1.0
T4_bos_margin,hist,21894,0.14880789257330776,0.31962616822429907,0.30726715552150596,0.6058931860036832,0.6023074859136034,0.02943061652433669,-0.005607257442531005,0.16535150895917916
T4_bos_margin,prod,388,0.13402061855670103,0.34615384615384615,0.43492063492063493,0.5576923076923077,0.718562874251497,-0.0881375,0.17592844827586204,0.2888553502141799
T4_bos_margin,prod_alerted,41,0.12195121951219512,0.2,0.3333333333333333,0.4,0.5142857142857142,-1.0,-0.01338965517241377,1.0
T5_origin,hist,21894,0.15364940166255595,0.2973462002412545,0.3112615587846764,0.6007728894173603,0.6032165794160506,0.008960796393484552,-0.002095911147739883,0.11106748265301998
T5_origin,prod,388,0.14948453608247422,0.4,0.42628205128205127,0.6896551724137931,0.698170731707317,0.211224,0.12039954954954955,0.7684210914252899
T5_origin,prod_alerted,41,0.14634146341463414,0.6,0.2727272727272727,0.8333333333333334,0.4411764705882353,0.28312,-0.23461724137931034,0.30071601898227285
T6_not_chop,hist,21894,0.5955969672056272,0.31417384494909945,0.3016984163415194,0.6105828220858895,0.5914379306449791,0.011546402176023998,-0.017819097943884855,0.05247187470193026
T6_not_chop,prod,388,0.5773195876288659,0.4158878504672897,0.43137254901960786,0.7276785714285714,0.654320987654321,0.07383988095238096,0.23927692307692303,0.8303655600148898
T6_not_chop,prod_alerted,41,0.5365853658536586,0.45,0.16666666666666666,0.6363636363636364,0.3333333333333333,0.032194736842105276,-0.4,0.08600933684359714
T7_body,hist,21894,0.32830912578788707,0.3055831794288961,0.310834198684666,0.6402337228714524,0.5845630737844271,0.012663951899389524,-0.006731231487405956,0.4409351888516896
T7_body,prod,388,0.4381443298969072,0.4166666666666667,0.4265402843601896,0.7337278106508875,0.6682027649769585,0.10992099999999999,0.15289418604651164,0.9149309502793691
T7_body,prod_alerted,41,0.3170731707317073,0.3333333333333333,0.3076923076923077,0.5384615384615384,0.48148148148148145,-0.43084999999999996,-0.04499166666666667,1.0
T8_size,hist,21894,0.006394445966931579,0.20454545454545456,0.3097602098164106,0.42142857142857143,0.6040086424860939,-0.2342731830634174,0.0010106421439453766,0.00809287036966335
T8_size,prod,388,0.005154639175257732,0.5,0.42191780821917807,0.5,0.6979166666666666,-1.0,0.14129114391143913,1.0
T8_size,prod_alerted,41,0.0,,0.3157894736842105,,0.5,,-0.15847941176470587,1.0
NOT_TEXTBOOK(>=2 fails),hist,21894,0.6279802685667306,0.31053371826189946,0.30670846394984325,0.6036802676558295,0.6014243614931237,0.013640457108318222,-0.024190287754132605,0.5615403367933747
NOT_TEXTBOOK(>=2 fails),prod,388,0.7036082474226805,0.43023255813953487,0.4036697247706422,0.7132352941176471,0.6578947368421053,0.1241513368983957,0.16557176470588233,0.6459356567042631
NOT_TEXTBOOK(>=2 fails),prod_alerted,41,0.5365853658536586,0.5,0.1111111111111111,0.6818181818181818,0.2777777777777778,0.20188947368421054,-0.6149466666666666,0.014916473759632825
