tp,risk_atr,symbol,group,direction,ts_ob,score,entry,sl,fill_at,fill_session,r,exit,model_used,touch_at,struct_M15,ema50_M15,ema2050_M15,struct_H1,ema50_H1,ema2050_H1,struct_H4,ema50_H4,ema2050_H4,struct_D1,ema50_D1,ema2050_D1,fill_struct_M15,fill_ema50_M15,fill_ema2050_M15,fill_struct_H1,fill_ema50_H1,fill_ema2050_H1,fill_struct_H4,fill_ema50_H4,fill_ema2050_H4,fill_struct_D1,fill_ema50_D1,fill_ema2050_D1
1R,0.5728,XPDUSD,METAUX,bull,2026-08-26T06:00:00+00:00,4,1341.75,1337.0935169272336,2026-08-26 15:00:00+00:00,NY,1.0,tp,m15,2026-08-26 14:00:00+00:00,-1,-1,-1,1,-1,-1,0,-1,-1,-1,-1,-1,-1,-1,-1,1,-1,-1,0,-1,-1,-1,-1,-1
1R,1.007,XPDUSD,METAUX,bull,2026-09-09T12:00:00+00:00,4,1354.25,1343.4644878818465,2026-09-10 10:30:00+00:00,,-1.0,sl,m15,2026-09-09 23:00:00+00:00,-1,-1,-1,1,-1,-1,0,-1,-1,-1,-1,-1,-1,-1,-1,1,-1,-1,0,-1,-1,-1,-1,-1
1R,0.6553,XPDUSD,METAUX,bear,2026-09-11T13:00:00+00:00,4,1333.75,1339.974978219091,2026-09-16 07:00:00+00:00,London,1.0,tp,m15,2026-09-16 04:00:00+00:00,-1,-1,-1,1,-1,-1,0,-1,-1,-1,-1,-1,-1,-1,-1,1,-1,-1,0,-1,-1,-1,-1,-1
1R,0.5943,XPDUSD,METAUX,bull,2026-09-16T01:00:00+00:00,4,1313.0,1308.0866331556374,2026-09-16 12:30:00+00:00,NY,1.0,tp,m15,2026-09-16 08:00:00+00:00,-1,-1,-1,1,-1,-1,0,-1,-1,-1,-1,-1,-1,-1,-1,1,-1,-1,0,-1,-1,-1,-1,-1
1R,0.2822,COPPER,METAUX,bear,2026-08-18T12:00:00+00:00,5,6.559000015258789,6.568722787753652,2026-08-21 06:15:00+00:00,London,-1.0,sl,m15,2026-08-21 02:00:00+00:00,0,1,1,1,1,1,0,1,-1,0,1,1,0,1,1,1,1,1,0,1,-1,0,1,1
1R,0.5177,COPPER,METAUX,bear,2026-08-18T06:00:00+00:00,5,6.577000141143799,6.588622690136755,2026-08-21 08:00:00+00:00,London,-0.8174,time,m15,2026-08-21 06:00:00+00:00,0,1,1,1,1,1,0,1,-1,0,1,1,0,1,1,1,1,1,0,1,-1,0,1,1
1R,0.8349,COPPER,METAUX,bull,2026-08-28T07:00:00+00:00,4,6.694000005722046,6.675917093510433,2026-08-28 14:00:00+00:00,NY,-1.0,sl,m15,2026-08-28 13:00:00+00:00,0,1,1,1,1,1,0,1,-1,0,1,1,0,1,1,1,1,1,0,1,-1,0,1,1
1R,0.6,XAUUSD,METAUX,bear,2026-09-11T13:00:00+00:00,5,4433.39990234375,4445.9453931370235,2026-09-18 06:15:00+00:00,London,0.255,time,m15,2026-09-17 12:00:00+00:00,0,-1,-1,0,-1,-1,0,-1,-1,-1,-1,-1,0,-1,-1,0,-1,-1,0,-1,-1,-1,-1,-1
1R,0.3727,XAUUSD,METAUX,bull,2026-09-17T09:00:00+00:00,4,4351.2998046875,4342.753180100769,2026-09-22 07:00:00+00:00,London,1.0,tp,m15,2026-09-22 05:00:00+00:00,0,-1,-1,0,-1,-1,0,-1,-1,-1,-1,-1,0,-1,-1,0,-1,-1,0,-1,-1,-1,-1,-1
1R,0.2697,XAUUSD,METAUX,bull,2026-09-29T17:00:00+00:00,4,4177.7998046875,4173.62629743893,2026-10-01 00:15:00+00:00,,-1.0,sl,m15,2026-09-30 17:00:00+00:00,0,-1,-1,0,-1,-1,0,-1,-1,-1,-1,-1,0,-1,-1,0,-1,-1,0,-1,-1,-1,-1,-1
1R,0.6456,XAUUSD,METAUX,bull,2026-09-30T05:00:00+00:00,5,4206.199951171875,4196.878154777374,2026-09-30 14:00:00+00:00,NY,-1.0,sl,m15,2026-09-30 09:00:00+00:00,0,-1,-1,0,-1,-1,0,-1,-1,-1,-1,-1,0,-1,-1,0,-1,-1,0,-1,-1,-1,-1,-1
1R,0.5537,XPTUSD,METAUX,bull,2026-08-20T13:00:00+00:00,4,1815.1500244140625,1807.6201252575552,2026-08-31 02:15:00+00:00,,0.3519,time,m15,2026-08-31 01:00:00+00:00,-1,-1,-1,1,1,1,0,-1,-1,-1,-1,-1,-1,-1,-1,1,1,1,0,-1,-1,-1,-1,-1
1R,0.8443,XPTUSD,METAUX,bull,2026-08-25T13:00:00+00:00,4,1848.0,1838.0082733507384,2026-08-26 15:00:00+00:00,NY,0.2702,time,m15,2026-08-26 14:00:00+00:00,-1,-1,-1,1,1,1,0,-1,-1,-1,-1,-1,-1,-1,-1,1,1,1,0,-1,-1,-1,-1,-1
1R,0.8693,XPTUSD,METAUX,bear,2026-08-27T03:00:00+00:00,4,1859.5,1868.5187396793267,2026-08-27 17:30:00+00:00,,1.0,tp,m15,2026-08-27 17:00:00+00:00,-1,-1,-1,1,1,1,0,-1,-1,-1,-1,-1,-1,-1,-1,1,1,1,0,-1,-1,-1,-1,-1
1R,0.8082,XAGUSD,METAUX,bull,2026-08-27T13:00:00+00:00,4,68.7400016784668,68.30296409585061,2026-08-28 15:45:00+00:00,,-1.0,sl,m15,2026-08-28 14:00:00+00:00,-1,-1,-1,1,1,1,0,-1,-1,-1,-1,-1,-1,-1,-1,1,1,1,0,-1,-1,-1,-1,-1
1R,0.2165,XAGUSD,METAUX,bull,2026-10-05T05:00:00+00:00,4,61.220001220703125,61.11596974548655,2026-10-05 15:15:00+00:00,NY,1.0,tp,m15,2026-10-05 13:00:00+00:00,-1,-1,-1,1,1,1,0,-1,-1,-1,-1,-1,-1,-1,-1,1,1,1,0,-1,-1,-1,-1,-1
1R,0.6543,AUDNZD,FOREX,bull,2026-09-14T13:00:00+00:00,5,1.2348099946975708,1.2338139435588644,2026-09-14 16:00:00+00:00,,-0.0101,time,m15,2026-09-14 16:00:00+00:00,1,1,1,1,1,1,1,1,1,-1,1,1,1,1,1,1,1,1,1,1,1,-1,1,1
1R,0.629,AUDJPY,FOREX,bull,2026-08-27T09:00:00+00:00,5,114.43800354003906,114.3673878248967,2026-08-31 01:15:00+00:00,,1.0,tp,m15,2026-08-31 01:00:00+00:00,0,1,1,1,1,1,0,-1,-1,-1,-1,-1,0,1,1,1,1,1,0,-1,-1,-1,-1,-1
1R,0.5721,AUDJPY,FOREX,bear,2026-09-29T23:00:00+00:00,4,109.91400146484375,110.05097159487494,2026-10-01 03:45:00+00:00,,0.3285,time,m15,2026-10-01 03:00:00+00:00,0,1,1,1,1,1,0,-1,-1,-1,-1,-1,0,1,1,1,1,1,0,-1,-1,-1,-1,-1
1R,0.5748,AUDUSD,FOREX,bear,2026-09-24T07:00:00+00:00,4,0.7040521204471588,0.7045678964990356,2026-09-25 16:00:00+00:00,,1.0,tp,m15,2026-09-25 11:00:00+00:00,1,1,1,1,1,1,0,-1,-1,-1,-1,-1,1,1,1,1,1,1,0,-1,-1,-1,-1,-1
1R,0.9096,CADJPY,FOREX,bear,2026-08-30T23:00:00+00:00,4,115.14299774169922,115.24035212127998,2026-08-31 12:45:00+00:00,NY,-0.113,time,m15,2026-08-31 12:00:00+00:00,-1,-1,-1,0,1,1,0,-1,-1,-1,-1,-1,-1,-1,-1,0,1,1,0,-1,-1,-1,-1,-1
1R,0.6321,CHFJPY,FOREX,bull,2026-08-28T06:00:00+00:00,4,198.12399291992188,198.01758332238836,2026-08-28 14:00:00+00:00,NY,-1.0,sl,m15,2026-08-28 14:00:00+00:00,0,-1,-1,0,1,1,1,1,1,-1,-1,-1,0,-1,-1,0,1,1,1,1,1,-1,-1,-1
1R,0.7617,CHFJPY,FOREX,bear,2026-09-24T06:00:00+00:00,4,192.07550048828125,192.3671516961266,2026-09-24 21:00:00+00:00,,1.0,tp,m15,2026-09-24 09:00:00+00:00,0,-1,-1,0,1,1,1,1,1,-1,-1,-1,0,-1,-1,0,1,1,1,1,1,-1,-1,-1
1R,0.9037,CHFJPY,FOREX,bull,2026-10-01T06:00:00+00:00,5,189.04800415039062,188.73572784140754,2026-10-01 11:30:00+00:00,,-0.2274,time,m15,2026-10-01 09:00:00+00:00,0,-1,-1,0,1,1,1,1,1,-1,-1,-1,0,-1,-1,0,1,1,1,1,1,-1,-1,-1
1R,0.6311,EURCHF,FOREX,bull,2026-09-02T06:00:00+00:00,4,0.940684974193573,0.9400170534915175,2026-09-03 05:15:00+00:00,,0.0974,time,m15,2026-09-02 20:00:00+00:00,0,1,1,0,-1,-1,0,-1,-1,1,-1,1,0,1,1,0,-1,-1,0,-1,-1,1,-1,1
1R,0.2671,EURCAD,FOREX,bear,2026-09-03T06:00:00+00:00,4,1.6045000553131104,1.6048936931987827,2026-09-04 08:45:00+00:00,London,1.0,tp,m15,2026-09-03 12:00:00+00:00,1,1,1,0,-1,-1,0,-1,-1,1,-1,-1,1,1,1,0,-1,-1,0,-1,-1,1,-1,-1
1R,0.4738,EURCAD,FOREX,bull,2026-09-11T11:00:00+00:00,4,1.6065700054168701,1.6058432592667198,2026-09-14 00:30:00+00:00,,0.0,time,m15,2026-09-11 18:00:00+00:00,1,1,1,0,-1,-1,0,-1,-1,1,-1,-1,1,1,1,0,-1,-1,0,-1,-1,1,-1,-1
1R,0.4703,EURGBP,FOREX,bull,2026-09-24T12:00:00+00:00,5,0.8597300052642822,0.8594838305348037,2026-09-25 20:45:00+00:00,,1.0,tp,m15,2026-09-25 13:00:00+00:00,1,1,1,-1,-1,-1,-1,-1,-1,0,-1,-1,1,1,1,-1,-1,-1,-1,-1,-1,0,-1,-1
1R,0.4982,EURJPY,FOREX,bear,2026-09-22T06:00:00+00:00,4,180.63299560546875,180.7408177612971,2026-09-24 11:15:00+00:00,,1.0,tp,m15,2026-09-24 09:00:00+00:00,0,1,1,-1,-1,-1,-1,-1,-1,0,-1,-1,0,1,1,-1,-1,-1,-1,-1,-1,0,-1,-1
1R,0.5887,EURJPY,FOREX,bear,2026-09-29T23:00:00+00:00,4,178.41600036621094,178.56789294360706,2026-09-30 11:00:00+00:00,,1.0,tp,m15,2026-09-30 11:00:00+00:00,0,1,1,-1,-1,-1,-1,-1,-1,0,-1,-1,0,1,1,-1,-1,-1,-1,-1,-1,0,-1,-1
1R,0.5971,EURNZD,FOREX,bull,2026-09-01T07:00:00+00:00,5,1.9636800289154053,1.9624358517042022,2026-09-01 13:45:00+00:00,NY,-1.0,sl,m15,2026-09-01 12:00:00+00:00,0,1,1,1,1,-1,0,-1,-1,1,1,1,0,1,1,1,1,-1,0,-1,-1,1,1,1
1R,0.4518,EURNZD,FOREX,bear,2026-09-27T23:00:00+00:00,4,2.0126500129699707,2.013774378312051,2026-09-29 15:15:00+00:00,NY,1.0,tp,m15,2026-09-29 15:00:00+00:00,0,1,1,1,1,-1,0,-1,-1,1,1,1,0,1,1,1,1,-1,0,-1,-1,1,1,1
1R,0.9333,EURUSD,FOREX,bull,2026-09-03T10:00:00+00:00,4,1.1609008312225342,1.1600470909810887,2026-09-04 12:30:00+00:00,NY,-1.0,sl,m15,2026-09-04 12:00:00+00:00,0,1,1,0,-1,-1,-1,-1,-1,0,-1,-1,0,1,1,0,-1,-1,-1,-1,-1,0,-1,-1
1R,1.004,EURUSD,FOREX,bear,2026-09-14T11:00:00+00:00,4,1.154334545135498,1.155317000158061,2026-09-14 14:30:00+00:00,NY,-0.1357,time,m15,2026-09-14 14:00:00+00:00,0,1,1,0,-1,-1,-1,-1,-1,0,-1,-1,0,1,1,0,-1,-1,-1,-1,-1,0,-1,-1
1R,0.6847,EURUSD,FOREX,bear,2026-09-24T07:00:00+00:00,5,1.1394068002700806,1.1401771167826447,2026-09-25 08:00:00+00:00,London,-0.0837,time,m15,2026-09-24 16:00:00+00:00,0,1,1,0,-1,-1,-1,-1,-1,0,-1,-1,0,1,1,0,-1,-1,-1,-1,-1,0,-1,-1
1R,0.688,GBPCAD,FOREX,bull,2026-08-28T13:00:00+00:00,4,1.8809950351715088,1.8799652067139172,2026-08-28 17:00:00+00:00,,0.1699,time,m15,2026-08-28 16:00:00+00:00,1,1,1,-1,1,1,0,1,1,-1,1,-1,1,1,1,-1,1,1,0,1,1,-1,1,-1
1R,0.8994,GBPCAD,FOREX,bear,2026-09-09T07:00:00+00:00,4,1.8669699430465698,1.8681876520279161,2026-09-09 11:15:00+00:00,,-1.0,sl,m15,2026-09-09 11:00:00+00:00,1,1,1,-1,1,1,0,1,1,-1,1,-1,1,1,1,-1,1,1,0,1,1,-1,1,-1
1R,0.3657,GBPCAD,FOREX,bull,2026-09-11T11:00:00+00:00,4,1.8716399669647217,1.8709565697134587,2026-09-14 06:15:00+00:00,London,1.0,tp,m15,2026-09-14 06:00:00+00:00,1,1,1,-1,1,1,0,1,1,-1,1,-1,1,1,1,-1,1,1,0,1,1,-1,1,-1
1R,0.6328,GBPCAD,FOREX,bull,2026-09-18T13:00:00+00:00,4,1.868535041809082,1.8673026772850119,2026-09-23 13:45:00+00:00,NY,1.0,tp,m15,2026-09-23 12:00:00+00:00,1,1,1,-1,1,1,0,1,1,-1,1,-1,1,1,1,-1,1,1,0,1,1,-1,1,-1
1R,0.9547,GBPAUD,FOREX,bear,2026-09-17T10:00:00+00:00,4,1.8837800025939941,1.886069896340472,2026-09-23 14:15:00+00:00,NY,1.0,tp,m15,2026-09-23 14:00:00+00:00,0,-1,-1,0,-1,-1,0,1,1,0,1,-1,0,-1,-1,0,-1,-1,0,1,1,0,1,-1
1R,0.391,GBPCHF,FOREX,bear,2026-08-27T07:00:00+00:00,5,1.0948100090026855,1.0952228117158547,2026-08-28 14:45:00+00:00,NY,-1.0,sl,m15,2026-08-28 14:00:00+00:00,0,1,1,1,1,-1,0,-1,-1,1,1,1,0,1,1,1,1,-1,0,-1,-1,1,1,1
1R,0.3404,GBPCHF,FOREX,bull,2026-08-28T13:00:00+00:00,4,1.0917600393295288,1.0913262960614118,2026-09-03 06:30:00+00:00,London,-1.0,sl,m15,2026-09-03 06:00:00+00:00,0,1,1,1,1,-1,0,-1,-1,1,1,1,0,1,1,1,1,-1,0,-1,-1,1,1,1
1R,0.5965,GBPCHF,FOREX,bear,2026-08-31T05:00:00+00:00,4,1.0958600044250488,1.0965258121235986,2026-09-01 00:45:00+00:00,,-0.4655,time,m15,2026-08-31 08:00:00+00:00,0,1,1,1,1,-1,0,-1,-1,1,1,1,0,1,1,1,1,-1,0,-1,-1,1,1,1
1R,0.6407,GBPCHF,FOREX,bull,2026-09-08T05:00:00+00:00,4,1.0951350331306458,1.0944137386502528,2026-09-08 14:45:00+00:00,NY,0.3812,time,m15,2026-09-08 14:00:00+00:00,0,1,1,1,1,-1,0,-1,-1,1,1,1,0,1,1,1,1,-1,0,-1,-1,1,1,1
1R,0.494,GBPCHF,FOREX,bear,2026-09-23T15:00:00+00:00,5,1.093150019645691,1.0938064289886398,2026-09-24 07:30:00+00:00,London,-1.0,sl,m15,2026-09-23 21:00:00+00:00,0,1,1,1,1,-1,0,-1,-1,1,1,1,0,1,1,1,1,-1,0,-1,-1,1,1,1
1R,0.9282,GBPJPY,FOREX,bull,2026-09-15T10:00:00+00:00,4,208.78700256347656,208.542847146105,2026-09-15 21:00:00+00:00,,-1.0,sl,m15,2026-09-15 21:00:00+00:00,0,-1,1,1,1,1,0,-1,-1,-1,-1,-1,0,-1,1,1,1,1,0,-1,-1,-1,-1,-1
1R,0.391,GBPJPY,FOREX,bear,2026-09-17T10:00:00+00:00,4,208.61199951171875,208.736972943651,2026-09-18 00:00:00+00:00,,-1.0,sl,m15,2026-09-17 23:00:00+00:00,0,-1,1,1,1,1,0,-1,-1,-1,-1,-1,0,-1,1,1,1,1,0,-1,-1,-1,-1,-1
1R,0.6496,GBPJPY,FOREX,bear,2026-09-29T23:00:00+00:00,4,208.13299560546875,208.3052674602115,2026-09-30 07:15:00+00:00,London,0.4063,time,m15,2026-09-30 07:00:00+00:00,0,-1,1,1,1,1,0,-1,-1,-1,-1,-1,0,-1,1,1,1,1,0,-1,-1,-1,-1,-1
1R,0.479,GBPNZD,FOREX,bull,2026-09-28T04:00:00+00:00,4,2.3354299068450928,2.3339338112847385,2026-09-28 16:15:00+00:00,,-1.0,sl,m15,2026-09-28 16:00:00+00:00,0,-1,-1,1,1,1,-1,1,1,0,1,1,0,-1,-1,1,1,1,-1,1,1,0,1,1
1R,0.4111,NZDCHF,FOREX,bull,2026-09-24T06:00:00+00:00,5,0.46786999702453613,0.46741460076132657,2026-09-24 12:30:00+00:00,NY,1.0,tp,m15,2026-09-24 12:00:00+00:00,1,1,1,-1,-1,-1,0,-1,-1,-1,-1,-1,1,1,1,-1,-1,-1,0,-1,-1,-1,-1,-1
1R,0.5438,NZDCAD,FOREX,bear,2026-09-10T06:00:00+00:00,4,0.8079299926757812,0.8086127748083158,2026-09-11 13:00:00+00:00,NY,1.0,tp,m15,2026-09-11 12:00:00+00:00,0,1,1,-1,-1,-1,-1,-1,-1,-1,-1,-1,0,1,1,-1,-1,-1,-1,-1,-1,-1,-1,-1
1R,0.7045,NZDJPY,FOREX,bear,2026-08-30T23:00:00+00:00,4,94.69400024414062,94.78979595515506,2026-09-01 00:00:00+00:00,,1.0,tp,m15,2026-09-01 00:00:00+00:00,0,1,1,0,-1,-1,-1,-1,-1,-1,-1,-1,0,1,1,0,-1,-1,-1,-1,-1,-1,-1,-1
1R,1.0724,NZDJPY,FOREX,bull,2026-09-18T06:00:00+00:00,4,89.84150314331055,89.60812244784947,2026-09-18 14:45:00+00:00,NY,-1.0,sl,m15,2026-09-18 12:00:00+00:00,0,1,1,0,-1,-1,-1,-1,-1,-1,-1,-1,0,1,1,0,-1,-1,-1,-1,-1,-1,-1,-1
1R,0.8273,USDCHF,FOREX,bear,2026-09-09T09:00:00+00:00,5,0.8096100091934204,0.8104508260088806,2026-09-09 15:00:00+00:00,NY,-1.0,sl,m15,2026-09-09 15:00:00+00:00,-1,-1,1,1,1,-1,1,1,1,1,1,1,-1,-1,1,1,1,-1,1,1,1,1,1,1
1R,0.8698,USDCHF,FOREX,bear,2026-10-01T06:00:00+00:00,4,0.8371700048446655,0.8383052873875252,2026-10-01 10:00:00+00:00,,1.0,tp,m15,2026-10-01 09:00:00+00:00,-1,-1,1,1,1,-1,1,1,1,1,1,1,-1,-1,1,1,1,-1,1,1,1,1,1,1
1R,0.596,USDJPY,FOREX,bear,2026-08-25T23:00:00+00:00,4,159.19200134277344,159.2684034430252,2026-08-26 12:45:00+00:00,NY,-1.0,sl,m15,2026-08-26 12:00:00+00:00,1,-1,1,1,1,1,1,1,1,0,-1,-1,1,-1,1,1,1,1,1,1,1,0,-1,-1
1R,0.753,USDJPY,FOREX,bear,2026-09-22T07:00:00+00:00,4,157.60400390625,157.77002662082364,2026-09-22 16:15:00+00:00,,1.0,tp,m15,2026-09-22 16:00:00+00:00,1,-1,1,1,1,1,1,1,1,0,-1,-1,1,-1,1,1,1,1,1,1,1,0,-1,-1
1R,0.7561,USDJPY,FOREX,bull,2026-10-05T01:00:00+00:00,4,157.614501953125,157.41908364248792,2026-10-05 07:45:00+00:00,London,1.0,tp,m15,2026-10-05 06:00:00+00:00,1,-1,1,1,1,1,1,1,1,0,-1,-1,1,-1,1,1,1,1,1,1,1,0,-1,-1
1R,0.6674,ADA,CRYPTO,bear,2026-09-15T17:00:00+00:00,4,0.20274999999999999,0.20474981650112545,2026-09-17 14:15:00+00:00,NY,1.0,tp,m15,2026-09-17 12:00:00+00:00,-1,-1,-1,1,1,1,1,1,1,1,1,1,-1,-1,-1,1,1,1,1,1,1,1,1,1
1R,0.8019,BCH,CRYPTO,bear,2026-09-15T13:00:00+00:00,5,223.10000000000002,225.01970075190295,2026-09-15 17:30:00+00:00,,0.2605,time,m15,2026-09-15 16:00:00+00:00,0,-1,-1,0,-1,1,0,1,1,1,1,1,0,-1,-1,0,-1,1,0,1,1,1,1,1
1R,0.5207,BCH,CRYPTO,bull,2026-09-23T04:00:00+00:00,4,340.4,335.2007685810293,2026-09-23 12:00:00+00:00,,1.0,tp,m15,2026-09-23 12:00:00+00:00,0,-1,-1,0,-1,1,0,1,1,1,1,1,0,-1,-1,0,-1,1,0,1,1,1,1,1
1R,0.3059,BCH,CRYPTO,bear,2026-09-28T23:00:00+00:00,4,310.1,311.41492523899495,2026-09-29 06:15:00+00:00,London,-1.0,sl,m15,2026-09-29 06:00:00+00:00,0,-1,-1,0,-1,1,0,1,1,1,1,1,0,-1,-1,0,-1,1,0,1,1,1,1,1
1R,0.6308,AVAX,CRYPTO,bull,2026-09-05T15:00:00+00:00,5,7.556,7.524503317939571,2026-09-06 14:30:00+00:00,NY,1.0,tp,m15,2026-09-06 14:00:00+00:00,-1,-1,-1,-1,-1,-1,-1,-1,1,1,1,1,-1,-1,-1,-1,-1,-1,-1,-1,1,1,1,1
1R,0.8829,AVAX,CRYPTO,bull,2026-09-24T12:00:00+00:00,4,10.124,9.95651557219364,2026-09-24 23:15:00+00:00,,1.0,tp,m15,2026-09-24 23:00:00+00:00,-1,-1,-1,-1,-1,-1,-1,-1,1,1,1,1,-1,-1,-1,-1,-1,-1,-1,-1,1,1,1,1
1R,0.56,AVAX,CRYPTO,bull,2026-09-26T09:00:00+00:00,4,10.600999999999999,10.502175775930722,2026-09-26 20:30:00+00:00,,1.0,tp,m15,2026-09-26 20:00:00+00:00,-1,-1,-1,-1,-1,-1,-1,-1,1,1,1,1,-1,-1,-1,-1,-1,-1,-1,-1,1,1,1,1
1R,1.139,BNB,CRYPTO,bear,2026-09-14T20:00:00+00:00,4,729.55,733.9428428226058,2026-09-17 12:15:00+00:00,,0.4052,time,m15,2026-09-16 23:00:00+00:00,0,-1,-1,-1,-1,1,0,1,1,0,1,1,0,-1,-1,-1,-1,1,0,1,1,0,1,1
1R,0.8169,BNB,CRYPTO,bull,2026-09-18T12:00:00+00:00,5,749.28,744.7209465372198,2026-09-20 02:45:00+00:00,,-0.2172,time,m15,2026-09-20 02:00:00+00:00,0,-1,-1,-1,-1,1,0,1,1,0,1,1,0,-1,-1,-1,-1,1,0,1,1,0,1,1
1R,0.6394,BNB,CRYPTO,bull,2026-09-21T07:00:00+00:00,4,769.895,765.6804115839436,2026-09-23 14:00:00+00:00,NY,-1.0,sl,m15,2026-09-23 14:00:00+00:00,0,-1,-1,-1,-1,1,0,1,1,0,1,1,0,-1,-1,-1,-1,1,0,1,1,0,1,1
1R,0.6104,DOT,CRYPTO,bull,2026-09-08T13:00:00+00:00,4,1.0750000000000002,1.0586616368151995,2026-09-10 16:15:00+00:00,,1.0,tp,m15,2026-09-10 12:00:00+00:00,0,1,-1,0,1,1,1,1,1,1,1,1,0,1,-1,0,1,1,1,1,1,1,1,1
1R,0.5727,DOGE,CRYPTO,bull,2026-09-18T18:00:00+00:00,4,0.08765,0.0871459960215337,2026-09-18 23:30:00+00:00,,0.2579,time,m15,2026-09-18 23:00:00+00:00,0,-1,-1,-1,-1,1,-1,1,1,1,1,1,0,-1,-1,-1,-1,1,-1,1,1,1,1,1
1R,0.3137,BTC,CRYPTO,bull,2026-09-12T12:00:00+00:00,5,77356.05,77277.47684367682,2026-09-12 16:00:00+00:00,,0.0249,time,m15,2026-09-12 16:00:00+00:00,0,-1,-1,1,-1,1,0,1,1,0,1,1,0,-1,-1,1,-1,1,0,1,1,0,1,1
1R,0.6277,BTC,CRYPTO,bull,2026-09-14T12:00:00+00:00,4,77848.86499999999,77594.82550808309,2026-09-15 01:00:00+00:00,,0.2716,time,m15,2026-09-15 00:00:00+00:00,0,-1,-1,1,-1,1,0,1,1,0,1,1,0,-1,-1,1,-1,1,0,1,1,0,1,1
1R,0.6363,ETH,CRYPTO,bull,2026-09-21T07:00:00+00:00,5,2662.89,2645.189009504036,2026-09-23 14:00:00+00:00,NY,0.761,time,m15,2026-09-23 14:00:00+00:00,-1,1,-1,-1,1,1,-1,1,1,0,1,1,-1,1,-1,-1,1,1,-1,1,1,0,1,1
1R,0.4176,ETH,CRYPTO,bull,2026-09-25T07:00:00+00:00,4,2674.52,2666.352118019879,2026-09-25 14:00:00+00:00,NY,1.0,tp,m15,2026-09-25 13:00:00+00:00,-1,1,-1,-1,1,1,-1,1,1,0,1,1,-1,1,-1,-1,1,1,-1,1,1,0,1,1
1R,0.6246,LINK,CRYPTO,bear,2026-09-13T05:00:00+00:00,4,11.532,11.573306591196308,2026-09-14 16:15:00+00:00,,1.0,tp,m15,2026-09-13 18:00:00+00:00,0,-1,-1,0,-1,-1,1,-1,1,1,1,1,0,-1,-1,0,-1,-1,1,-1,1,1,1,1
1R,0.7682,LINK,CRYPTO,bear,2026-09-16T11:00:00+00:00,4,10.825,10.918057026876912,2026-09-16 18:00:00+00:00,,-1.0,sl,m15,2026-09-16 18:00:00+00:00,0,-1,-1,0,-1,-1,1,-1,1,1,1,1,0,-1,-1,0,-1,-1,1,-1,1,1,1,1
1R,0.667,LINK,CRYPTO,bull,2026-09-26T09:00:00+00:00,5,14.06,13.927031715744963,2026-09-26 20:00:00+00:00,,-1.0,sl,m15,2026-09-26 20:00:00+00:00,0,-1,-1,0,-1,-1,1,-1,1,1,1,1,0,-1,-1,0,-1,-1,1,-1,1,1,1,1
1R,0.566,LINK,CRYPTO,bull,2026-09-28T09:00:00+00:00,4,13.609000000000002,13.46311136165115,2026-10-02 18:30:00+00:00,,-1.0,sl,m15,2026-10-02 18:00:00+00:00,0,-1,-1,0,-1,-1,1,-1,1,1,1,1,0,-1,-1,0,-1,-1,1,-1,1,1,1,1
1R,0.4453,SOL,CRYPTO,bear,2026-09-15T12:00:00+00:00,4,100.86,101.25427237036443,2026-09-17 09:15:00+00:00,London,1.0,tp,m15,2026-09-17 09:00:00+00:00,-1,-1,-1,-1,-1,-1,0,1,1,0,1,1,-1,-1,-1,-1,-1,-1,0,1,1,0,1,1
1R,0.5925,TRX,CRYPTO,bull,2026-09-09T15:00:00+00:00,4,0.33845000000000003,0.3379585243864567,2026-09-09 22:00:00+00:00,,-0.1017,time,m15,2026-09-09 22:00:00+00:00,1,1,1,1,1,1,1,1,-1,-1,1,1,1,1,1,1,1,1,1,1,-1,-1,1,1
1R,0.8016,SUI,CRYPTO,bull,2026-09-19T07:00:00+00:00,5,0.8163,0.8063812888331954,2026-09-20 03:15:00+00:00,,1.0,tp,m15,2026-09-20 02:00:00+00:00,-1,-1,-1,1,-1,1,1,1,1,1,1,1,-1,-1,-1,1,-1,1,1,1,1,1,1,1
1R,0.551,SUI,CRYPTO,bull,2026-09-19T15:00:00+00:00,5,0.8453,0.8371614696942135,2026-09-20 02:30:00+00:00,,-1.0,sl,m15,2026-09-19 21:00:00+00:00,-1,-1,-1,1,-1,1,1,1,1,1,1,1,-1,-1,-1,1,-1,1,1,1,1,1,1,1
1R,0.693,SUI,CRYPTO,bull,2026-09-24T22:00:00+00:00,4,1.013,0.9989890945652362,2026-09-25 02:30:00+00:00,,-0.3497,time,m15,2026-09-25 02:00:00+00:00,-1,-1,-1,1,-1,1,1,1,1,1,1,1,-1,-1,-1,1,-1,1,1,1,1,1,1,1
1R,0.8943,SUI,CRYPTO,bull,2026-09-27T04:00:00+00:00,4,1.1705,1.153340669974881,2026-09-28 09:00:00+00:00,London,1.0,tp,m15,2026-09-28 09:00:00+00:00,-1,-1,-1,1,-1,1,1,1,1,1,1,1,-1,-1,-1,1,-1,1,1,1,1,1,1,1
1R,0.839,XRP,CRYPTO,bull,2026-10-04T20:00:00+00:00,4,1.50155,1.4955419613511725,2026-10-05 04:30:00+00:00,,1.0,tp,m15,2026-10-05 04:00:00+00:00,-1,-1,-1,0,-1,1,-1,-1,1,1,1,1,-1,-1,-1,0,-1,1,-1,-1,1,1,1,1
1R,0.5926,TON,CRYPTO,bear,2026-09-15T23:00:00+00:00,4,1.336,1.34036857953786,2026-09-20 18:00:00+00:00,,-1.0,sl,cons_fallback,2026-09-20 18:00:00+00:00,,,,0,1,1,-1,1,1,1,-1,-1,,,,0,1,1,-1,1,1,1,-1,-1
1R,0.6801,TON,CRYPTO,bull,2026-09-27T03:00:00+00:00,4,1.565,1.5477303706045864,2026-09-29 01:00:00+00:00,,-1.0,sl,cons_fallback,2026-09-29 01:00:00+00:00,,,,0,1,1,-1,1,1,1,-1,-1,,,,0,1,1,-1,1,1,1,-1,-1
1R,0.6723,TON,CRYPTO,bull,2026-09-27T14:00:00+00:00,5,1.599,1.5806340100904548,2026-09-28 05:00:00+00:00,,-0.5445,time,cons_fallback,2026-09-28 05:00:00+00:00,,,,0,1,1,-1,1,1,1,-1,-1,,,,0,1,1,-1,1,1,1,-1,-1
2R,0.5728,XPDUSD,METAUX,bull,2026-08-26T06:00:00+00:00,4,1341.75,1337.0935169272336,2026-08-26 15:00:00+00:00,NY,0.5906,time,m15,2026-08-26 14:00:00+00:00,-1,-1,-1,1,-1,-1,0,-1,-1,-1,-1,-1,-1,-1,-1,1,-1,-1,0,-1,-1,-1,-1,-1
2R,1.007,XPDUSD,METAUX,bull,2026-09-09T12:00:00+00:00,4,1354.25,1343.4644878818465,2026-09-10 10:30:00+00:00,,-1.0,sl,m15,2026-09-09 23:00:00+00:00,-1,-1,-1,1,-1,-1,0,-1,-1,-1,-1,-1,-1,-1,-1,1,-1,-1,0,-1,-1,-1,-1,-1
2R,0.6553,XPDUSD,METAUX,bear,2026-09-11T13:00:00+00:00,4,1333.75,1339.974978219091,2026-09-16 07:00:00+00:00,London,1.5663,time,m15,2026-09-16 04:00:00+00:00,-1,-1,-1,1,-1,-1,0,-1,-1,-1,-1,-1,-1,-1,-1,1,-1,-1,0,-1,-1,-1,-1,-1
2R,0.5943,XPDUSD,METAUX,bull,2026-09-16T01:00:00+00:00,4,1313.0,1308.0866331556374,2026-09-16 12:30:00+00:00,NY,0.6106,time,m15,2026-09-16 08:00:00+00:00,-1,-1,-1,1,-1,-1,0,-1,-1,-1,-1,-1,-1,-1,-1,1,-1,-1,0,-1,-1,-1,-1,-1
2R,0.2822,COPPER,METAUX,bear,2026-08-18T12:00:00+00:00,5,6.559000015258789,6.568722787753652,2026-08-21 06:15:00+00:00,London,-1.0,sl,m15,2026-08-21 02:00:00+00:00,0,1,1,1,1,1,0,1,-1,0,1,1,0,1,1,1,1,1,0,1,-1,0,1,1
2R,0.5177,COPPER,METAUX,bear,2026-08-18T06:00:00+00:00,5,6.577000141143799,6.588622690136755,2026-08-21 08:00:00+00:00,London,-0.8174,time,m15,2026-08-21 06:00:00+00:00,0,1,1,1,1,1,0,1,-1,0,1,1,0,1,1,1,1,1,0,1,-1,0,1,1
2R,0.8349,COPPER,METAUX,bull,2026-08-28T07:00:00+00:00,4,6.694000005722046,6.675917093510433,2026-08-28 14:00:00+00:00,NY,-1.0,sl,m15,2026-08-28 13:00:00+00:00,0,1,1,1,1,1,0,1,-1,0,1,1,0,1,1,1,1,1,0,1,-1,0,1,1
2R,0.6,XAUUSD,METAUX,bear,2026-09-11T13:00:00+00:00,5,4433.39990234375,4445.9453931370235,2026-09-18 06:15:00+00:00,London,0.255,time,m15,2026-09-17 12:00:00+00:00,0,-1,-1,0,-1,-1,0,-1,-1,-1,-1,-1,0,-1,-1,0,-1,-1,0,-1,-1,-1,-1,-1
2R,0.3727,XAUUSD,METAUX,bull,2026-09-17T09:00:00+00:00,4,4351.2998046875,4342.753180100769,2026-09-22 07:00:00+00:00,London,-1.0,sl,m15,2026-09-22 05:00:00+00:00,0,-1,-1,0,-1,-1,0,-1,-1,-1,-1,-1,0,-1,-1,0,-1,-1,0,-1,-1,-1,-1,-1
2R,0.2697,XAUUSD,METAUX,bull,2026-09-29T17:00:00+00:00,4,4177.7998046875,4173.62629743893,2026-10-01 00:15:00+00:00,,-1.0,sl,m15,2026-09-30 17:00:00+00:00,0,-1,-1,0,-1,-1,0,-1,-1,-1,-1,-1,0,-1,-1,0,-1,-1,0,-1,-1,-1,-1,-1
2R,0.6456,XAUUSD,METAUX,bull,2026-09-30T05:00:00+00:00,5,4206.199951171875,4196.878154777374,2026-09-30 14:00:00+00:00,NY,-1.0,sl,m15,2026-09-30 09:00:00+00:00,0,-1,-1,0,-1,-1,0,-1,-1,-1,-1,-1,0,-1,-1,0,-1,-1,0,-1,-1,-1,-1,-1
2R,0.5537,XPTUSD,METAUX,bull,2026-08-20T13:00:00+00:00,4,1815.1500244140625,1807.6201252575552,2026-08-31 02:15:00+00:00,,0.3519,time,m15,2026-08-31 01:00:00+00:00,-1,-1,-1,1,1,1,0,-1,-1,-1,-1,-1,-1,-1,-1,1,1,1,0,-1,-1,-1,-1,-1
2R,0.8443,XPTUSD,METAUX,bull,2026-08-25T13:00:00+00:00,4,1848.0,1838.0082733507384,2026-08-26 15:00:00+00:00,NY,0.2702,time,m15,2026-08-26 14:00:00+00:00,-1,-1,-1,1,1,1,0,-1,-1,-1,-1,-1,-1,-1,-1,1,1,1,0,-1,-1,-1,-1,-1
2R,0.8693,XPTUSD,METAUX,bear,2026-08-27T03:00:00+00:00,4,1859.5,1868.5187396793267,2026-08-27 17:30:00+00:00,,1.2086,time,m15,2026-08-27 17:00:00+00:00,-1,-1,-1,1,1,1,0,-1,-1,-1,-1,-1,-1,-1,-1,1,1,1,0,-1,-1,-1,-1,-1
2R,0.8082,XAGUSD,METAUX,bull,2026-08-27T13:00:00+00:00,4,68.7400016784668,68.30296409585061,2026-08-28 15:45:00+00:00,,-1.0,sl,m15,2026-08-28 14:00:00+00:00,-1,-1,-1,1,1,1,0,-1,-1,-1,-1,-1,-1,-1,-1,1,1,1,0,-1,-1,-1,-1,-1
2R,0.2165,XAGUSD,METAUX,bull,2026-10-05T05:00:00+00:00,4,61.220001220703125,61.11596974548655,2026-10-05 15:15:00+00:00,NY,2.0,tp,m15,2026-10-05 13:00:00+00:00,-1,-1,-1,1,1,1,0,-1,-1,-1,-1,-1,-1,-1,-1,1,1,1,0,-1,-1,-1,-1,-1
2R,0.6543,AUDNZD,FOREX,bull,2026-09-14T13:00:00+00:00,5,1.2348099946975708,1.2338139435588644,2026-09-14 16:00:00+00:00,,-0.0101,time,m15,2026-09-14 16:00:00+00:00,1,1,1,1,1,1,1,1,1,-1,1,1,1,1,1,1,1,1,1,1,1,-1,1,1
2R,0.629,AUDJPY,FOREX,bull,2026-08-27T09:00:00+00:00,5,114.43800354003906,114.3673878248967,2026-08-31 01:15:00+00:00,,0.6797,time,m15,2026-08-31 01:00:00+00:00,0,1,1,1,1,1,0,-1,-1,-1,-1,-1,0,1,1,1,1,1,0,-1,-1,-1,-1,-1
2R,0.5721,AUDJPY,FOREX,bear,2026-09-29T23:00:00+00:00,4,109.91400146484375,110.05097159487494,2026-10-01 03:45:00+00:00,,0.3285,time,m15,2026-10-01 03:00:00+00:00,0,1,1,1,1,1,0,-1,-1,-1,-1,-1,0,1,1,1,1,1,0,-1,-1,-1,-1,-1
2R,0.5748,AUDUSD,FOREX,bear,2026-09-24T07:00:00+00:00,4,0.7040521204471588,0.7045678964990356,2026-09-25 16:00:00+00:00,,1.6803,time,m15,2026-09-25 11:00:00+00:00,1,1,1,1,1,1,0,-1,-1,-1,-1,-1,1,1,1,1,1,1,0,-1,-1,-1,-1,-1
2R,0.9096,CADJPY,FOREX,bear,2026-08-30T23:00:00+00:00,4,115.14299774169922,115.24035212127998,2026-08-31 12:45:00+00:00,NY,-0.113,time,m15,2026-08-31 12:00:00+00:00,-1,-1,-1,0,1,1,0,-1,-1,-1,-1,-1,-1,-1,-1,0,1,1,0,-1,-1,-1,-1,-1
2R,0.6321,CHFJPY,FOREX,bull,2026-08-28T06:00:00+00:00,4,198.12399291992188,198.01758332238836,2026-08-28 14:00:00+00:00,NY,-1.0,sl,m15,2026-08-28 14:00:00+00:00,0,-1,-1,0,1,1,1,1,1,-1,-1,-1,0,-1,-1,0,1,1,1,1,1,-1,-1,-1
2R,0.7617,CHFJPY,FOREX,bear,2026-09-24T06:00:00+00:00,4,192.07550048828125,192.3671516961266,2026-09-24 21:00:00+00:00,,1.5241,time,m15,2026-09-24 09:00:00+00:00,0,-1,-1,0,1,1,1,1,1,-1,-1,-1,0,-1,-1,0,1,1,1,1,1,-1,-1,-1
2R,0.9037,CHFJPY,FOREX,bull,2026-10-01T06:00:00+00:00,5,189.04800415039062,188.73572784140754,2026-10-01 11:30:00+00:00,,-0.2274,time,m15,2026-10-01 09:00:00+00:00,0,-1,-1,0,1,1,1,1,1,-1,-1,-1,0,-1,-1,0,1,1,1,1,1,-1,-1,-1
2R,0.6311,EURCHF,FOREX,bull,2026-09-02T06:00:00+00:00,4,0.940684974193573,0.9400170534915175,2026-09-03 05:15:00+00:00,,0.0974,time,m15,2026-09-02 20:00:00+00:00,0,1,1,0,-1,-1,0,-1,-1,1,-1,1,0,1,1,0,-1,-1,0,-1,-1,1,-1,1
2R,0.2671,EURCAD,FOREX,bear,2026-09-03T06:00:00+00:00,4,1.6045000553131104,1.6048936931987827,2026-09-04 08:45:00+00:00,London,2.0,tp,m15,2026-09-03 12:00:00+00:00,1,1,1,0,-1,-1,0,-1,-1,1,-1,-1,1,1,1,0,-1,-1,0,-1,-1,1,-1,-1
2R,0.4738,EURCAD,FOREX,bull,2026-09-11T11:00:00+00:00,4,1.6065700054168701,1.6058432592667198,2026-09-14 00:30:00+00:00,,0.0,time,m15,2026-09-11 18:00:00+00:00,1,1,1,0,-1,-1,0,-1,-1,1,-1,-1,1,1,1,0,-1,-1,0,-1,-1,1,-1,-1
2R,0.4703,EURGBP,FOREX,bull,2026-09-24T12:00:00+00:00,5,0.8597300052642822,0.8594838305348037,2026-09-25 20:45:00+00:00,,1.6249,time,m15,2026-09-25 13:00:00+00:00,1,1,1,-1,-1,-1,-1,-1,-1,0,-1,-1,1,1,1,-1,-1,-1,-1,-1,-1,0,-1,-1
2R,0.4982,EURJPY,FOREX,bear,2026-09-22T06:00:00+00:00,4,180.63299560546875,180.7408177612971,2026-09-24 11:15:00+00:00,,0.677,time,m15,2026-09-24 09:00:00+00:00,0,1,1,-1,-1,-1,-1,-1,-1,0,-1,-1,0,1,1,-1,-1,-1,-1,-1,-1,0,-1,-1
2R,0.5887,EURJPY,FOREX,bear,2026-09-29T23:00:00+00:00,4,178.41600036621094,178.56789294360706,2026-09-30 11:00:00+00:00,,1.3102,time,m15,2026-09-30 11:00:00+00:00,0,1,1,-1,-1,-1,-1,-1,-1,0,-1,-1,0,1,1,-1,-1,-1,-1,-1,-1,0,-1,-1
2R,0.5971,EURNZD,FOREX,bull,2026-09-01T07:00:00+00:00,5,1.9636800289154053,1.9624358517042022,2026-09-01 13:45:00+00:00,NY,-1.0,sl,m15,2026-09-01 12:00:00+00:00,0,1,1,1,1,-1,0,-1,-1,1,1,1,0,1,1,1,1,-1,0,-1,-1,1,1,1
2R,0.4518,EURNZD,FOREX,bear,2026-09-27T23:00:00+00:00,4,2.0126500129699707,2.013774378312051,2026-09-29 15:15:00+00:00,NY,0.5515,time,m15,2026-09-29 15:00:00+00:00,0,1,1,1,1,-1,0,-1,-1,1,1,1,0,1,1,1,1,-1,0,-1,-1,1,1,1
2R,0.9333,EURUSD,FOREX,bull,2026-09-03T10:00:00+00:00,4,1.1609008312225342,1.1600470909810887,2026-09-04 12:30:00+00:00,NY,-1.0,sl,m15,2026-09-04 12:00:00+00:00,0,1,1,0,-1,-1,-1,-1,-1,0,-1,-1,0,1,1,0,-1,-1,-1,-1,-1,0,-1,-1
2R,1.004,EURUSD,FOREX,bear,2026-09-14T11:00:00+00:00,4,1.154334545135498,1.155317000158061,2026-09-14 14:30:00+00:00,NY,-0.1357,time,m15,2026-09-14 14:00:00+00:00,0,1,1,0,-1,-1,-1,-1,-1,0,-1,-1,0,1,1,0,-1,-1,-1,-1,-1,0,-1,-1
2R,0.6847,EURUSD,FOREX,bear,2026-09-24T07:00:00+00:00,5,1.1394068002700806,1.1401771167826447,2026-09-25 08:00:00+00:00,London,-0.0837,time,m15,2026-09-24 16:00:00+00:00,0,1,1,0,-1,-1,-1,-1,-1,0,-1,-1,0,1,1,0,-1,-1,-1,-1,-1,0,-1,-1
2R,0.688,GBPCAD,FOREX,bull,2026-08-28T13:00:00+00:00,4,1.8809950351715088,1.8799652067139172,2026-08-28 17:00:00+00:00,,0.1699,time,m15,2026-08-28 16:00:00+00:00,1,1,1,-1,1,1,0,1,1,-1,1,-1,1,1,1,-1,1,1,0,1,1,-1,1,-1
2R,0.8994,GBPCAD,FOREX,bear,2026-09-09T07:00:00+00:00,4,1.8669699430465698,1.8681876520279161,2026-09-09 11:15:00+00:00,,-1.0,sl,m15,2026-09-09 11:00:00+00:00,1,1,1,-1,1,1,0,1,1,-1,1,-1,1,1,1,-1,1,1,0,1,1,-1,1,-1
2R,0.3657,GBPCAD,FOREX,bull,2026-09-11T11:00:00+00:00,4,1.8716399669647217,1.8709565697134587,2026-09-14 06:15:00+00:00,London,2.0,tp,m15,2026-09-14 06:00:00+00:00,1,1,1,-1,1,1,0,1,1,-1,1,-1,1,1,1,-1,1,1,0,1,1,-1,1,-1
2R,0.6328,GBPCAD,FOREX,bull,2026-09-18T13:00:00+00:00,4,1.868535041809082,1.8673026772850119,2026-09-23 13:45:00+00:00,NY,-0.5639,time,m15,2026-09-23 12:00:00+00:00,1,1,1,-1,1,1,0,1,1,-1,1,-1,1,1,1,-1,1,1,0,1,1,-1,1,-1
2R,0.9547,GBPAUD,FOREX,bear,2026-09-17T10:00:00+00:00,4,1.8837800025939941,1.886069896340472,2026-09-23 14:15:00+00:00,NY,0.559,time,m15,2026-09-23 14:00:00+00:00,0,-1,-1,0,-1,-1,0,1,1,0,1,-1,0,-1,-1,0,-1,-1,0,1,1,0,1,-1
2R,0.391,GBPCHF,FOREX,bear,2026-08-27T07:00:00+00:00,5,1.0948100090026855,1.0952228117158547,2026-08-28 14:45:00+00:00,NY,-1.0,sl,m15,2026-08-28 14:00:00+00:00,0,1,1,1,1,-1,0,-1,-1,1,1,1,0,1,1,1,1,-1,0,-1,-1,1,1,1
2R,0.3404,GBPCHF,FOREX,bull,2026-08-28T13:00:00+00:00,4,1.0917600393295288,1.0913262960614118,2026-09-03 06:30:00+00:00,London,-1.0,sl,m15,2026-09-03 06:00:00+00:00,0,1,1,1,1,-1,0,-1,-1,1,1,1,0,1,1,1,1,-1,0,-1,-1,1,1,1
2R,0.5965,GBPCHF,FOREX,bear,2026-08-31T05:00:00+00:00,4,1.0958600044250488,1.0965258121235986,2026-09-01 00:45:00+00:00,,-0.4655,time,m15,2026-08-31 08:00:00+00:00,0,1,1,1,1,-1,0,-1,-1,1,1,1,0,1,1,1,1,-1,0,-1,-1,1,1,1
2R,0.6407,GBPCHF,FOREX,bull,2026-09-08T05:00:00+00:00,4,1.0951350331306458,1.0944137386502528,2026-09-08 14:45:00+00:00,NY,0.3812,time,m15,2026-09-08 14:00:00+00:00,0,1,1,1,1,-1,0,-1,-1,1,1,1,0,1,1,1,1,-1,0,-1,-1,1,1,1
2R,0.494,GBPCHF,FOREX,bear,2026-09-23T15:00:00+00:00,5,1.093150019645691,1.0938064289886398,2026-09-24 07:30:00+00:00,London,-1.0,sl,m15,2026-09-23 21:00:00+00:00,0,1,1,1,1,-1,0,-1,-1,1,1,1,0,1,1,1,1,-1,0,-1,-1,1,1,1
2R,0.9282,GBPJPY,FOREX,bull,2026-09-15T10:00:00+00:00,4,208.78700256347656,208.542847146105,2026-09-15 21:00:00+00:00,,-1.0,sl,m15,2026-09-15 21:00:00+00:00,0,-1,1,1,1,1,0,-1,-1,-1,-1,-1,0,-1,1,1,1,1,0,-1,-1,-1,-1,-1
2R,0.391,GBPJPY,FOREX,bear,2026-09-17T10:00:00+00:00,4,208.61199951171875,208.736972943651,2026-09-18 00:00:00+00:00,,-1.0,sl,m15,2026-09-17 23:00:00+00:00,0,-1,1,1,1,1,0,-1,-1,-1,-1,-1,0,-1,1,1,1,1,0,-1,-1,-1,-1,-1
2R,0.6496,GBPJPY,FOREX,bear,2026-09-29T23:00:00+00:00,4,208.13299560546875,208.3052674602115,2026-09-30 07:15:00+00:00,London,0.4063,time,m15,2026-09-30 07:00:00+00:00,0,-1,1,1,1,1,0,-1,-1,-1,-1,-1,0,-1,1,1,1,1,0,-1,-1,-1,-1,-1
2R,0.479,GBPNZD,FOREX,bull,2026-09-28T04:00:00+00:00,4,2.3354299068450928,2.3339338112847385,2026-09-28 16:15:00+00:00,,-1.0,sl,m15,2026-09-28 16:00:00+00:00,0,-1,-1,1,1,1,-1,1,1,0,1,1,0,-1,-1,1,1,1,-1,1,1,0,1,1
2R,0.4111,NZDCHF,FOREX,bull,2026-09-24T06:00:00+00:00,5,0.46786999702453613,0.46741460076132657,2026-09-24 12:30:00+00:00,NY,2.0,tp,m15,2026-09-24 12:00:00+00:00,1,1,1,-1,-1,-1,0,-1,-1,-1,-1,-1,1,1,1,-1,-1,-1,0,-1,-1,-1,-1,-1
2R,0.5438,NZDCAD,FOREX,bear,2026-09-10T06:00:00+00:00,4,0.8079299926757812,0.8086127748083158,2026-09-11 13:00:00+00:00,NY,2.0,tp,m15,2026-09-11 12:00:00+00:00,0,1,1,-1,-1,-1,-1,-1,-1,-1,-1,-1,0,1,1,-1,-1,-1,-1,-1,-1,-1,-1,-1
2R,0.7045,NZDJPY,FOREX,bear,2026-08-30T23:00:00+00:00,4,94.69400024414062,94.78979595515506,2026-09-01 00:00:00+00:00,,0.9917,time,m15,2026-09-01 00:00:00+00:00,0,1,1,0,-1,-1,-1,-1,-1,-1,-1,-1,0,1,1,0,-1,-1,-1,-1,-1,-1,-1,-1
2R,1.0724,NZDJPY,FOREX,bull,2026-09-18T06:00:00+00:00,4,89.84150314331055,89.60812244784947,2026-09-18 14:45:00+00:00,NY,-1.0,sl,m15,2026-09-18 12:00:00+00:00,0,1,1,0,-1,-1,-1,-1,-1,-1,-1,-1,0,1,1,0,-1,-1,-1,-1,-1,-1,-1,-1
2R,0.8273,USDCHF,FOREX,bear,2026-09-09T09:00:00+00:00,5,0.8096100091934204,0.8104508260088806,2026-09-09 15:00:00+00:00,NY,-1.0,sl,m15,2026-09-09 15:00:00+00:00,-1,-1,1,1,1,-1,1,1,1,1,1,1,-1,-1,1,1,1,-1,1,1,1,1,1,1
2R,0.8698,USDCHF,FOREX,bear,2026-10-01T06:00:00+00:00,4,0.8371700048446655,0.8383052873875252,2026-10-01 10:00:00+00:00,,1.3124,time,m15,2026-10-01 09:00:00+00:00,-1,-1,1,1,1,-1,1,1,1,1,1,1,-1,-1,1,1,1,-1,1,1,1,1,1,1
2R,0.596,USDJPY,FOREX,bear,2026-08-25T23:00:00+00:00,4,159.19200134277344,159.2684034430252,2026-08-26 12:45:00+00:00,NY,-1.0,sl,m15,2026-08-26 12:00:00+00:00,1,-1,1,1,1,1,1,1,1,0,-1,-1,1,-1,1,1,1,1,1,1,1,0,-1,-1
2R,0.753,USDJPY,FOREX,bear,2026-09-22T07:00:00+00:00,4,157.60400390625,157.77002662082364,2026-09-22 16:15:00+00:00,,0.5542,time,m15,2026-09-22 16:00:00+00:00,1,-1,1,1,1,1,1,1,1,0,-1,-1,1,-1,1,1,1,1,1,1,1,0,-1,-1
2R,0.7561,USDJPY,FOREX,bull,2026-10-05T01:00:00+00:00,4,157.614501953125,157.41908364248792,2026-10-05 07:45:00+00:00,London,1.0925,time,m15,2026-10-05 06:00:00+00:00,1,-1,1,1,1,1,1,1,1,0,-1,-1,1,-1,1,1,1,1,1,1,1,0,-1,-1
2R,0.6674,ADA,CRYPTO,bear,2026-09-15T17:00:00+00:00,4,0.20274999999999999,0.20474981650112545,2026-09-17 14:15:00+00:00,NY,1.0751,time,m15,2026-09-17 12:00:00+00:00,-1,-1,-1,1,1,1,1,1,1,1,1,1,-1,-1,-1,1,1,1,1,1,1,1,1,1
2R,0.8019,BCH,CRYPTO,bear,2026-09-15T13:00:00+00:00,5,223.10000000000002,225.01970075190295,2026-09-15 17:30:00+00:00,,0.2605,time,m15,2026-09-15 16:00:00+00:00,0,-1,-1,0,-1,1,0,1,1,1,1,1,0,-1,-1,0,-1,1,0,1,1,1,1,1
2R,0.5207,BCH,CRYPTO,bull,2026-09-23T04:00:00+00:00,4,340.4,335.2007685810293,2026-09-23 12:00:00+00:00,,2.0,tp,m15,2026-09-23 12:00:00+00:00,0,-1,-1,0,-1,1,0,1,1,1,1,1,0,-1,-1,0,-1,1,0,1,1,1,1,1
2R,0.3059,BCH,CRYPTO,bear,2026-09-28T23:00:00+00:00,4,310.1,311.41492523899495,2026-09-29 06:15:00+00:00,London,-1.0,sl,m15,2026-09-29 06:00:00+00:00,0,-1,-1,0,-1,1,0,1,1,1,1,1,0,-1,-1,0,-1,1,0,1,1,1,1,1
2R,0.6308,AVAX,CRYPTO,bull,2026-09-05T15:00:00+00:00,5,7.556,7.524503317939571,2026-09-06 14:30:00+00:00,NY,2.0,tp,m15,2026-09-06 14:00:00+00:00,-1,-1,-1,-1,-1,-1,-1,-1,1,1,1,1,-1,-1,-1,-1,-1,-1,-1,-1,1,1,1,1
2R,0.8829,AVAX,CRYPTO,bull,2026-09-24T12:00:00+00:00,4,10.124,9.95651557219364,2026-09-24 23:15:00+00:00,,0.9374,time,m15,2026-09-24 23:00:00+00:00,-1,-1,-1,-1,-1,-1,-1,-1,1,1,1,1,-1,-1,-1,-1,-1,-1,-1,-1,1,1,1,1
2R,0.56,AVAX,CRYPTO,bull,2026-09-26T09:00:00+00:00,4,10.600999999999999,10.502175775930722,2026-09-26 20:30:00+00:00,,1.6393,time,m15,2026-09-26 20:00:00+00:00,-1,-1,-1,-1,-1,-1,-1,-1,1,1,1,1,-1,-1,-1,-1,-1,-1,-1,-1,1,1,1,1
2R,1.139,BNB,CRYPTO,bear,2026-09-14T20:00:00+00:00,4,729.55,733.9428428226058,2026-09-17 12:15:00+00:00,,0.4052,time,m15,2026-09-16 23:00:00+00:00,0,-1,-1,-1,-1,1,0,1,1,0,1,1,0,-1,-1,-1,-1,1,0,1,1,0,1,1
2R,0.8169,BNB,CRYPTO,bull,2026-09-18T12:00:00+00:00,5,749.28,744.7209465372198,2026-09-20 02:45:00+00:00,,-0.2172,time,m15,2026-09-20 02:00:00+00:00,0,-1,-1,-1,-1,1,0,1,1,0,1,1,0,-1,-1,-1,-1,1,0,1,1,0,1,1
2R,0.6394,BNB,CRYPTO,bull,2026-09-21T07:00:00+00:00,4,769.895,765.6804115839436,2026-09-23 14:00:00+00:00,NY,-1.0,sl,m15,2026-09-23 14:00:00+00:00,0,-1,-1,-1,-1,1,0,1,1,0,1,1,0,-1,-1,-1,-1,1,0,1,1,0,1,1
2R,0.6104,DOT,CRYPTO,bull,2026-09-08T13:00:00+00:00,4,1.0750000000000002,1.0586616368151995,2026-09-10 16:15:00+00:00,,0.9181,time,m15,2026-09-10 12:00:00+00:00,0,1,-1,0,1,1,1,1,1,1,1,1,0,1,-1,0,1,1,1,1,1,1,1,1
2R,0.5727,DOGE,CRYPTO,bull,2026-09-18T18:00:00+00:00,4,0.08765,0.0871459960215337,2026-09-18 23:30:00+00:00,,0.2579,time,m15,2026-09-18 23:00:00+00:00,0,-1,-1,-1,-1,1,-1,1,1,1,1,1,0,-1,-1,-1,-1,1,-1,1,1,1,1,1
2R,0.3137,BTC,CRYPTO,bull,2026-09-12T12:00:00+00:00,5,77356.05,77277.47684367682,2026-09-12 16:00:00+00:00,,0.0249,time,m15,2026-09-12 16:00:00+00:00,0,-1,-1,1,-1,1,0,1,1,0,1,1,0,-1,-1,1,-1,1,0,1,1,0,1,1
2R,0.6277,BTC,CRYPTO,bull,2026-09-14T12:00:00+00:00,4,77848.86499999999,77594.82550808309,2026-09-15 01:00:00+00:00,,0.2716,time,m15,2026-09-15 00:00:00+00:00,0,-1,-1,1,-1,1,0,1,1,0,1,1,0,-1,-1,1,-1,1,0,1,1,0,1,1
2R,0.6363,ETH,CRYPTO,bull,2026-09-21T07:00:00+00:00,5,2662.89,2645.189009504036,2026-09-23 14:00:00+00:00,NY,0.761,time,m15,2026-09-23 14:00:00+00:00,-1,1,-1,-1,1,1,-1,1,1,0,1,1,-1,1,-1,-1,1,1,-1,1,1,0,1,1
2R,0.4176,ETH,CRYPTO,bull,2026-09-25T07:00:00+00:00,4,2674.52,2666.352118019879,2026-09-25 14:00:00+00:00,NY,2.0,tp,m15,2026-09-25 13:00:00+00:00,-1,1,-1,-1,1,1,-1,1,1,0,1,1,-1,1,-1,-1,1,1,-1,1,1,0,1,1
2R,0.6246,LINK,CRYPTO,bear,2026-09-13T05:00:00+00:00,4,11.532,11.573306591196308,2026-09-14 16:15:00+00:00,,0.2663,time,m15,2026-09-13 18:00:00+00:00,0,-1,-1,0,-1,-1,1,-1,1,1,1,1,0,-1,-1,0,-1,-1,1,-1,1,1,1,1
2R,0.7682,LINK,CRYPTO,bear,2026-09-16T11:00:00+00:00,4,10.825,10.918057026876912,2026-09-16 18:00:00+00:00,,-1.0,sl,m15,2026-09-16 18:00:00+00:00,0,-1,-1,0,-1,-1,1,-1,1,1,1,1,0,-1,-1,0,-1,-1,1,-1,1,1,1,1
2R,0.667,LINK,CRYPTO,bull,2026-09-26T09:00:00+00:00,5,14.06,13.927031715744963,2026-09-26 20:00:00+00:00,,-1.0,sl,m15,2026-09-26 20:00:00+00:00,0,-1,-1,0,-1,-1,1,-1,1,1,1,1,0,-1,-1,0,-1,-1,1,-1,1,1,1,1
2R,0.566,LINK,CRYPTO,bull,2026-09-28T09:00:00+00:00,4,13.609000000000002,13.46311136165115,2026-10-02 18:30:00+00:00,,-1.0,sl,m15,2026-10-02 18:00:00+00:00,0,-1,-1,0,-1,-1,1,-1,1,1,1,1,0,-1,-1,0,-1,-1,1,-1,1,1,1,1
2R,0.4453,SOL,CRYPTO,bear,2026-09-15T12:00:00+00:00,4,100.86,101.25427237036443,2026-09-17 09:15:00+00:00,London,2.0,tp,m15,2026-09-17 09:00:00+00:00,-1,-1,-1,-1,-1,-1,0,1,1,0,1,1,-1,-1,-1,-1,-1,-1,0,1,1,0,1,1
2R,0.5925,TRX,CRYPTO,bull,2026-09-09T15:00:00+00:00,4,0.33845000000000003,0.3379585243864567,2026-09-09 22:00:00+00:00,,-0.1017,time,m15,2026-09-09 22:00:00+00:00,1,1,1,1,1,1,1,1,-1,-1,1,1,1,1,1,1,1,1,1,1,-1,-1,1,1
2R,0.8016,SUI,CRYPTO,bull,2026-09-19T07:00:00+00:00,5,0.8163,0.8063812888331954,2026-09-20 03:15:00+00:00,,0.8872,time,m15,2026-09-20 02:00:00+00:00,-1,-1,-1,1,-1,1,1,1,1,1,1,1,-1,-1,-1,1,-1,1,1,1,1,1,1,1
2R,0.551,SUI,CRYPTO,bull,2026-09-19T15:00:00+00:00,5,0.8453,0.8371614696942135,2026-09-20 02:30:00+00:00,,-1.0,sl,m15,2026-09-19 21:00:00+00:00,-1,-1,-1,1,-1,1,1,1,1,1,1,1,-1,-1,-1,1,-1,1,1,1,1,1,1,1
2R,0.693,SUI,CRYPTO,bull,2026-09-24T22:00:00+00:00,4,1.013,0.9989890945652362,2026-09-25 02:30:00+00:00,,-0.3497,time,m15,2026-09-25 02:00:00+00:00,-1,-1,-1,1,-1,1,1,1,1,1,1,1,-1,-1,-1,1,-1,1,1,1,1,1,1,1
2R,0.8943,SUI,CRYPTO,bull,2026-09-27T04:00:00+00:00,4,1.1705,1.153340669974881,2026-09-28 09:00:00+00:00,London,-0.3205,time,m15,2026-09-28 09:00:00+00:00,-1,-1,-1,1,-1,1,1,1,1,1,1,1,-1,-1,-1,1,-1,1,1,1,1,1,1,1
2R,0.839,XRP,CRYPTO,bull,2026-10-04T20:00:00+00:00,4,1.50155,1.4955419613511725,2026-10-05 04:30:00+00:00,,-0.0583,time,m15,2026-10-05 04:00:00+00:00,-1,-1,-1,0,-1,1,-1,-1,1,1,1,1,-1,-1,-1,0,-1,1,-1,-1,1,1,1,1
2R,0.5926,TON,CRYPTO,bear,2026-09-15T23:00:00+00:00,4,1.336,1.34036857953786,2026-09-20 18:00:00+00:00,,-1.0,sl,cons_fallback,2026-09-20 18:00:00+00:00,,,,0,1,1,-1,1,1,1,-1,-1,,,,0,1,1,-1,1,1,1,-1,-1
2R,0.6801,TON,CRYPTO,bull,2026-09-27T03:00:00+00:00,4,1.565,1.5477303706045864,2026-09-29 01:00:00+00:00,,-1.0,sl,cons_fallback,2026-09-29 01:00:00+00:00,,,,0,1,1,-1,1,1,1,-1,-1,,,,0,1,1,-1,1,1,1,-1,-1
2R,0.6723,TON,CRYPTO,bull,2026-09-27T14:00:00+00:00,5,1.599,1.5806340100904548,2026-09-28 05:00:00+00:00,,-0.5445,time,cons_fallback,2026-09-28 05:00:00+00:00,,,,0,1,1,-1,1,1,1,-1,-1,,,,0,1,1,-1,1,1,1,-1,-1
