variant,tp,bias_def,tfs,timing,n,tpw,wr,avg_r,sum_r,pf,max_dd,max_lstreak,ci_lo,ci_hi,is_n,is_avg_r,is_wr,oos_n,oos_avg_r,oos_wr,both_halves_pos,exits,low_n,METAUX_n,METAUX_wr,METAUX_avg_r,FOREX_n,FOREX_wr,FOREX_avg_r,CRYPTO_n,CRYPTO_wr,CRYPTO_avg_r,rej_n,rej_avg_r,rej_wr,perm_p,score
B + D1 close>EMA20,1R,ema20,D1,touch,48,1.8795955940166493,0.6041666666666666,0.21991041666666666,10.5557,1.817042587117049,2.4086,2,-0.014520468749999974,0.44400625000000005,20,0.189645,0.6,28,0.24152857142857145,0.6071428571428571,True,"{""sl"": 11, ""time"": 16, ""tp"": 21}",False,4,0.75,0.31375,23,0.5652173913043478,0.22159565217391305,21,0.6190476190476191,0.20019047619047617,40,-0.034502500000000005,0.5,0.0835,0.35645590642728747
B + H4+D1 close>EMA20,1R,ema20,H4+D1,touch,30,1.128899826348659,0.5666666666666667,0.14278666666666667,4.2836,1.5065332813035819,2.5445,3,-0.1436990833333334,0.4238713333333335,15,0.12706,0.6,15,0.15851333333333334,0.5333333333333333,True,"{""sl"": 7, ""time"": 12, ""tp"": 11}",True,3,0.6666666666666666,0.085,17,0.5294117647058824,0.20440588235294116,10,0.6,0.05537000000000001,58,0.0843448275862069,0.5517241379310345,0.36825,-inf
B + D1 close>EMA20,2R,ema20,D1,touch,48,1.8795955940166493,0.5416666666666666,0.31345208333333335,15.0457,2.085383888444031,2.865,4,0.022955937500000013,0.6030777083333334,20,0.38992499999999997,0.6,28,0.25882857142857146,0.5,True,"{""sl"": 11, ""time"": 31, ""tp"": 6}",False,4,0.75,0.507475,23,0.5217391304347826,0.33950434782608696,21,0.5238095238095238,0.24796190476190477,40,-0.063895,0.475,0.04475,0.48649304246276653
B + H4+D1 close>EMA20,2R,ema20,H4+D1,touch,30,1.128899826348659,0.5333333333333333,0.24251666666666666,7.2755,1.806542802030907,2.5445,3,-0.1173118333333333,0.6095936666666666,15,0.32104666666666665,0.6,15,0.16398666666666667,0.4666666666666667,True,"{""sl"": 7, ""time"": 19, ""tp"": 4}",True,3,0.6666666666666666,0.27376666666666666,17,0.47058823529411764,0.29308235294117646,10,0.6,0.14718,58,0.08990344827586207,0.5,0.236,-inf
B + D1 close>EMA30,1R,ema30,D1,touch,48,1.8795955940166493,0.6041666666666666,0.21991041666666666,10.5557,1.817042587117049,2.4086,2,-0.014520468749999974,0.44400625000000005,20,0.189645,0.6,28,0.24152857142857145,0.6071428571428571,True,"{""sl"": 11, ""time"": 16, ""tp"": 21}",False,4,0.75,0.31375,23,0.5652173913043478,0.22159565217391305,21,0.6190476190476191,0.20019047619047617,40,-0.034502500000000005,0.5,0.0835,0.35645590642728747
B + H4+D1 close>EMA30,1R,ema30,H4+D1,touch,35,1.3486512700509237,0.5714285714285714,0.19488285714285714,6.8209,1.7647263268829743,2.0,2,-0.06451971428571426,0.45268828571428577,18,0.21071666666666666,0.6111111111111112,17,0.17811764705882352,0.5294117647058824,True,"{""sl"": 7, ""time"": 14, ""tp"": 14}",True,4,0.75,0.31375,17,0.5294117647058824,0.2565823529411765,14,0.5714285714285714,0.086,53,0.04442830188679244,0.5471698113207547,0.212,-inf
B + D1 close>EMA30,2R,ema30,D1,touch,48,1.8795955940166493,0.5416666666666666,0.31345208333333335,15.0457,2.085383888444031,2.865,4,0.022955937500000013,0.6030777083333334,20,0.38992499999999997,0.6,28,0.25882857142857146,0.5,True,"{""sl"": 11, ""time"": 31, ""tp"": 6}",False,4,0.75,0.507475,23,0.5217391304347826,0.33950434782608696,21,0.5238095238095238,0.24796190476190477,40,-0.063895,0.475,0.04475,0.48649304246276653
B + H4+D1 close>EMA30,2R,ema30,H4+D1,touch,35,1.3486512700509237,0.5142857142857142,0.24537428571428574,8.5881,1.875997062363573,2.8649999999999984,4,-0.06296364285714284,0.5661685000000001,18,0.37769444444444444,0.6111111111111112,17,0.10527058823529412,0.4117647058823529,True,"{""sl"": 7, ""time"": 24, ""tp"": 4}",True,4,0.75,0.507475,17,0.47058823529411764,0.34525882352941173,14,0.5,0.04920000000000001,53,0.07361886792452829,0.5094339622641509,0.22525,-inf
B + D1 close>EMA50,1R,ema50,D1,touch,48,1.8795955940166493,0.625,0.246775,11.8452,1.986187776306916,2.0,2,0.020297760416666682,0.46264750000000004,22,0.16081363636363635,0.5909090909090909,26,0.31951153846153846,0.6538461538461539,True,"{""sl"": 11, ""time"": 16, ""tp"": 21}",False,4,0.75,0.31375,23,0.6086956521739131,0.2584086956521739,21,0.6190476190476191,0.22127619047619046,40,-0.06674000000000002,0.475,0.0495,0.3022646023668865
B + H4+D1 close>EMA50,1R,ema50,H4+D1,touch,35,1.3486512700509237,0.6571428571428571,0.32754285714285714,11.464,2.9071384605147146,1.7043,2,0.08870828571428571,0.5548577857142858,17,0.30333529411764704,0.6470588235294118,18,0.3504055555555555,0.6666666666666666,True,"{""sl"": 5, ""time"": 15, ""tp"": 15}",True,4,0.75,0.31375,17,0.6470588235294118,0.38601176470588233,14,0.6428571428571429,0.26048571428571426,53,-0.043177358490566045,0.49056603773584906,0.02575,-inf
B + D1 close>EMA50,2R,ema50,D1,touch,48,1.8795955940166493,0.5625,0.32910208333333335,15.7969,2.219479998147262,2.0,2,0.047494583333333326,0.6134267708333333,22,0.34288636363636366,0.5909090909090909,26,0.31743846153846156,0.5384615384615384,True,"{""sl"": 11, ""time"": 31, ""tp"": 6}",False,4,0.75,0.507475,23,0.5652173913043478,0.3529130434782609,21,0.5238095238095238,0.2690476190476191,40,-0.08267500000000001,0.45,0.0375,0.596655933679116
B + H4+D1 close>EMA50,2R,ema50,H4+D1,touch,35,1.3486512700509237,0.6,0.4234,14.819,3.1490827351171053,1.7043,2,0.11246514285714286,0.7390794999999999,17,0.48013529411764705,0.6470588235294118,18,0.3698166666666667,0.5555555555555556,True,"{""sl"": 5, ""time"": 25, ""tp"": 5}",True,4,0.75,0.507475,17,0.5882352941176471,0.509264705882353,14,0.5714285714285714,0.2951142857142857,53,-0.04394528301886793,0.4528301886792453,0.01975,-inf
B + D1 close>EMA100,1R,ema100,D1,touch,50,1.9743769762451402,0.6,0.20601400000000003,10.3007,1.7598852134911034,2.0,2,-0.01947064999999998,0.4344539,22,0.16081363636363635,0.5909090909090909,28,0.24152857142857145,0.6071428571428571,True,"{""sl"": 12, ""time"": 17, ""tp"": 21}",False,4,0.75,0.31375,23,0.6086956521739131,0.2584086956521739,23,0.5652173913043478,0.1348826086956522,38,-0.02960789473684212,0.5,0.10275,0.3175067411026219
B + H4+D1 close>EMA100,1R,ema100,H4+D1,touch,43,1.7166005906606945,0.6511627906976745,0.3028186046511628,13.0212,2.3773363373845715,2.0,2,0.07797023255813955,0.5244412790697675,17,0.36814117647058825,0.7058823529411765,26,0.2601076923076923,0.6153846153846154,True,"{""sl"": 8, ""time"": 15, ""tp"": 20}",False,3,1.0,0.7516666666666666,19,0.631578947368421,0.34537894736842106,21,0.6190476190476191,0.20019047619047617,45,-0.08545777777777781,0.4666666666666667,0.01625,0.4465010182507748
B + D1 close>EMA100,2R,ema100,D1,touch,50,1.9743769762451402,0.54,0.28504799999999997,14.2524,1.9830393908251311,2.8649999999999984,4,0.010855199999999999,0.5681006999999998,22,0.34288636363636366,0.5909090909090909,28,0.23960357142857142,0.5,True,"{""sl"": 12, ""time"": 32, ""tp"": 6}",False,4,0.75,0.507475,23,0.5652173913043478,0.3529130434782609,23,0.4782608695652174,0.17850000000000002,38,-0.046381578947368426,0.47368421052631576,0.072,0.4730677748546793
B + H4+D1 close>EMA100,2R,ema100,H4+D1,touch,43,1.7166005906606945,0.5813953488372093,0.40508604651162794,17.4187,2.6754227343554624,2.8649999999999984,4,0.11243337209302327,0.7048130232558141,17,0.6037647058823529,0.7058823529411765,26,0.27518076923076923,0.5,True,"{""sl"": 8, ""time"": 29, ""tp"": 6}",False,3,1.0,1.0099666666666667,19,0.5789473684210527,0.48324210526315786,21,0.5238095238095238,0.24796190476190477,45,-0.10952888888888891,0.4444444444444444,0.00725,0.4723754710000027
B + D1 close>EMA200,1R,ema200,D1,touch,51,2.0075785572728084,0.6274509803921569,0.24309999999999998,12.3981,1.9874557966166493,2.0,2,0.031937647058823564,0.45459485294117646,22,0.21069545454545455,0.6363636363636364,29,0.2676827586206897,0.6206896551724138,True,"{""sl"": 11, ""time"": 18, ""tp"": 22}",False,4,0.75,0.31375,24,0.6666666666666666,0.33503333333333335,23,0.5652173913043478,0.1348826086956522,37,-0.08709459459459462,0.4594594594594595,0.04175,0.42298767666030224
B + H4+D1 close>EMA200,1R,ema200,H4+D1,touch,47,1.8463940129889813,0.6382978723404256,0.2638808510638298,12.4024,2.082810221845834,2.0,2,0.04116984042553193,0.4855432446808511,20,0.23198,0.65,27,0.2875111111111111,0.6296296296296297,True,"{""sl"": 10, ""time"": 16, ""tp"": 21}",False,4,0.75,0.31375,22,0.6363636363636364,0.3156090909090909,21,0.6190476190476191,0.20019047619047617,41,-0.07870243902439027,0.4634146341463415,0.032,0.4283264831331839
B + D1 close>EMA200,2R,ema200,D1,touch,51,2.0075785572728084,0.5686274509803921,0.32249215686274507,16.4471,2.218457139047139,2.8649999999999984,4,0.055456323529411794,0.5970780882352943,22,0.39276818181818185,0.6363636363636364,29,0.2691793103448276,0.5172413793103449,True,"{""sl"": 11, ""time"": 34, ""tp"": 6}",False,4,0.75,0.507475,24,0.625,0.42965416666666667,23,0.4782608695652174,0.17850000000000002,37,-0.10695135135135138,0.43243243243243246,0.02775,0.5403986115097585
B + H4+D1 close>EMA200,2R,ema200,H4+D1,touch,47,1.8463940129889813,0.574468085106383,0.35941276595744676,16.8924,2.3626639562460676,2.8649999999999984,4,0.07347765957446808,0.6496622340425533,20,0.43226,0.65,27,0.3054518518518518,0.5185185185185185,True,"{""sl"": 10, ""time"": 31, ""tp"": 6}",False,4,0.75,0.507475,22,0.5909090909090909,0.4388772727272727,21,0.5238095238095238,0.24796190476190477,41,-0.10737804878048782,0.43902439024390244,0.01925,0.5639844705156565
