label,config,model,n,tpw,wr,avg_r,sum_r,pf,max_dd,max_lstreak,obj,avg_r_net005,pf_net005,sum_r_net005,avg_r_net_atr,ci_lo,ci_hi,is_avg_r,oos_avg_r,is_n,oos_n,METAUX_avg_r,FOREX_avg_r,CRYPTO_avg_r,METAUX_n,FOREX_n,CRYPTO_n
B +1R live accounting (touch-managed mid) [legacy],mid_live|sl0.05|h1|s4|all|none|1R,legacy,92,3.4745796588843505,0.8152173913043478,0.6277565217391304,57.7536,4.788686473756371,3.0,3,2.1811900411667744,0.5777565217391304,4.297615207087375,53.1536,0.5926671742169042,0.4755361956521738,0.7740826086956522,0.6630804347826087,0.5924326086956522,46,46,0.9673,0.5757279069767441,0.5309242424242424,16,43,33
B +1R live accounting (touch-managed mid) [cons],mid_live|sl0.05|h1|s4|all|none|1R,cons,92,3.4745796588843505,0.7282608695652174,0.37404891304347826,34.4125,2.896507065229372,4.865000000000002,6,1.2996627446886708,0.3240489130434782,2.535120466728114,29.812499999999996,0.33895956552125206,0.2205211141304348,0.5184476902173911,0.39559782608695654,0.3525,46,46,0.9126875,0.31506046511627905,0.18975454545454545,16,43,33
B +1R live accounting (touch-managed mid) [m15],mid_live|sl0.05|h1|s4|all|none|1R,m15,92,3.4745796588843505,0.7391304347826086,0.5015695652173913,46.1444,3.6333919236651675,3.5444999999999993,3,1.7427434088198153,0.4515695652173913,3.215949519679537,41.544399999999996,0.4664802176951651,0.3296550815217391,0.6591112771739129,0.47950652173913044,0.5236326086956522,46,46,0.971275,0.47347441860465117,0.31044242424242424,16,43,33
B +2R live accounting (touch-managed mid) [legacy],mid_live|sl0.05|h1|s4|all|none|2R,legacy,92,3.4745796588843505,0.75,0.9923282608695653,91.2942,6.268016549431907,4.864999999999995,6,3.447923590153475,0.9423282608695651,5.684906781950824,86.6942,0.957238913347339,0.7555973641304349,1.224934375,1.1115021739130435,0.873154347826087,46,46,1.75491875,0.969606976744186,0.6521939393939394,16,43,33
B +2R live accounting (touch-managed mid) [cons],mid_live|sl0.05|h1|s4|all|none|2R,cons,92,3.4745796588843505,0.7282608695652174,0.5822608695652174,53.568,3.952185702003836,4.865000000000002,6,2.0231117735556183,0.5322608695652173,3.5214852499703917,48.967999999999996,0.5471715220429911,0.3787879619565217,0.7758838586956517,0.5998326086956521,0.5646891304347826,46,46,1.2753375,0.49639534883720926,0.35810909090909093,16,43,33
B +2R live accounting (touch-managed mid) [m15],mid_live|sl0.05|h1|s4|all|none|2R,m15,92,3.4745796588843505,0.7065217391304348,0.6648478260869565,61.166,4.2576520150617005,4.865000000000002,6,2.310066732775219,0.6148478260869564,3.807078486640994,56.565999999999995,0.6297584785647303,0.4504709239130435,0.8873833423913043,0.644954347826087,0.6847413043478261,46,46,1.39740625,0.5880046511627907,0.40979696969696966,16,43,33
B +1R realistic mid limit fill [legacy],mid_live_fill|sl0.05|h1|s4|all|none|1R,legacy,88,3.299206004513946,0.6818181818181818,0.3316727272727273,29.1872,2.1673759319105366,3.0,3,1.0942566533516982,0.28167272727272724,1.9379320783274996,24.787199999999995,0.2967468626921013,0.14049982954545456,0.5070056249999998,0.3594727272727273,0.3038727272727273,44,44,0.067,0.39788095238095234,0.38014,16,42,30
B +1R realistic mid limit fill [cons],mid_live_fill|sl0.05|h1|s4|all|none|1R,cons,88,3.299206004513946,0.5681818181818182,0.027498863636363634,2.4198999999999997,1.0865978864948236,5.3349,6,0.0907244160264011,-0.02250113636363639,0.933718505327357,-1.9801000000000024,-0.0074270009442623216,-0.12579238636363635,0.18557198863636357,0.009568181818181816,0.04542954545454545,44,44,-0.155625,0.13327380952380952,-0.02292,16,42,30
B +1R realistic mid limit fill [m15],mid_live_fill|sl0.05|h1|s4|all|none|1R,m15,88,3.299206004513946,0.5568181818181818,0.10426818181818182,9.1756,1.3051829481239545,6.227,4,0.3440022115342973,0.054268181818181785,1.1490465341281482,4.775599999999997,0.06934231723755586,-0.08369434659090909,0.2791787215909086,-0.008177272727272727,0.21671363636363636,44,44,0.0037312499999999985,0.10352142857142857,0.15893333333333332,16,42,30
B +2R realistic mid limit fill [legacy],mid_live_fill|sl0.05|h1|s4|all|none|2R,legacy,88,3.299206004513946,0.5909090909090909,0.3328193181818182,29.2881,2.0795943794049125,5.024699999999996,6,1.098039492963692,0.28281931818181816,1.8594313300274872,24.888099999999998,0.29789345360119224,0.11894994318181817,0.5570553693181818,0.36479090909090905,0.30084772727272724,44,44,0.1624625,0.4461166666666666,0.26506,16,42,30
B +2R realistic mid limit fill [cons],mid_live_fill|sl0.05|h1|s4|all|none|2R,cons,88,3.299206004513946,0.5681818181818182,0.11887045454545454,10.4606,1.374340200614799,5.0247,6,0.3921781173956657,0.06887045454545451,1.2028713835730616,6.060599999999997,0.08394458996482858,-0.05805269886363637,0.31065443181818175,0.0448090909090909,0.19293181818181815,44,44,-0.05773125,0.21477619047619048,0.07878999999999999,16,42,30
B +2R realistic mid limit fill [m15],mid_live_fill|sl0.05|h1|s4|all|none|2R,m15,88,3.299206004513946,0.5113636363636364,0.14193068181818183,12.4899,1.390204507538599,5.0359,5,0.46825855767930386,0.09193068181818177,1.2366595775179399,8.089899999999997,0.10700481723755587,-0.06999301136363635,0.3512861079545453,0.07403409090909091,0.20982727272727272,44,44,-0.060262500000000004,0.17479761904761904,0.20375333333333331,16,42,30
"Realistic B +1R (mid limit fill, 1h, M15)",mid_live_fill|sl0.05|h1|s4|all|none|1R,m15,88,3.299206004513946,0.5568181818181818,0.10426818181818182,9.1756,1.3051829481239545,6.227,4,0.3440022115342973,0.054268181818181785,1.1490465341281482,4.775599999999997,0.06934231723755586,-0.07143517045454545,0.27890838068181806,-0.008177272727272727,0.21671363636363636,44,44,0.0037312499999999985,0.10352142857142857,0.15893333333333332,16,42,30
"Realistic plain B +2R (mid limit fill, 1h, M15)",mid_live_fill|sl0.05|h1|s4|all|none|2R,m15,88,3.299206004513946,0.5113636363636364,0.14193068181818183,12.4899,1.390204507538599,5.0359,5,0.46825855767930386,0.09193068181818177,1.2366595775179399,8.089899999999997,0.10700481723755587,-0.06547596590909092,0.3541885795454543,0.07403409090909091,0.20982727272727272,44,44,-0.060262500000000004,0.17479761904761904,0.20375333333333331,16,42,30
d75|sl0.1|h1|s4|all|partial|2R,d75|sl0.1|h1|s4|all|partial|2R,m15,78,2.9418248758464967,0.5384615384615384,0.31595769230769233,24.6447,1.6971764645976017,5.0,5,0.9294921989458226,0.2659576923076923,1.5584142904442342,20.744699999999998,0.251176535004986,0.02281820512820513,0.5970000000000001,0.4723333333333334,0.13351944444444444,42,36,0.04756666666666667,0.17142857142857143,0.6404,15,35,28
d75|sl0.1|h1|s4|all|be|2R,d75|sl0.1|h1|s4|all|be|2R,m15,78,2.9418248758464967,0.41025641025641024,0.32521153846153844,25.3665,1.7175955393741886,5.0,5,0.9567153937584635,0.2752115384615384,1.570169963319371,21.466499999999996,0.2604303811588321,0.02117455128205128,0.633687243589743,0.4941238095238095,0.12814722222222222,42,36,0.01032666666666667,0.17142857142857143,0.6861285714285714,15,35,28
d75|sl0.25|h1|s4|all|be|2R,d75|sl0.25|h1|s4|all|be|2R,m15,78,2.9418248758464967,0.3717948717948718,0.11323205128205129,8.8321,1.2765389191558645,5.1735,5,0.33310886520466465,0.06323205128205125,1.1434250319879027,4.9320999999999975,0.070267318170656,-0.12741785256410257,0.3678931730769227,0.12354761904761905,0.10119722222222222,42,36,-0.13585333333333333,0.11683142857142857,0.24217142857142857,15,35,28
prox|sl0.1|h1|s4|all|none|2R,prox|sl0.1|h1|s4|all|none|2R,m15,92,3.4745796588843505,0.5108695652173914,0.08673369565217391,7.9795,1.3622303529924462,4.8269,7,0.3013631346529095,0.03673369565217389,1.1387434877390907,3.379499999999998,0.06500266399380057,-0.06422616847826089,0.2372916576086955,0.08540652173913042,0.08806086956521739,46,46,0.2661125,0.051441860465116285,0.045748484848484844,16,43,33
d75|sl0.05|h1|s4|all|none|2R,d75|sl0.05|h1|s4|all|none|2R,m15,78,2.9418248758464967,0.46153846153846156,0.34775641025641024,27.125,1.6637563347436368,8.0,8,1.0230384584273875,0.29775641025641025,1.5405449437809982,23.224999999999998,0.2692078230930357,0.03924102564102565,0.6801716346153842,0.5655476190476191,0.09366666666666666,42,36,0.27596000000000004,0.07698,0.7246892857142857,15,35,28
prox|sl0.05|h1|s4|all|none|2R,prox|sl0.05|h1|s4|all|none|2R,m15,92,3.4745796588843505,0.5108695652173914,0.09376195652173912,8.6261,1.3652233188109422,5.1854,7,0.3257833869076336,0.04376195652173911,1.155175271241641,4.026099999999998,0.0705975940957811,-0.060810923913043484,0.261423967391304,0.07469565217391304,0.11282826086956523,46,46,0.27997500000000003,0.06448837209302326,0.04162121212121213,16,43,33
d75|sl0.05|h1|s4|all|partial|2R,d75|sl0.05|h1|s4|all|partial|2R,m15,78,2.9418248758464967,0.5,0.2916358974358974,22.7476,1.5923715329588628,8.0,8,0.8579417377667405,0.2416358974358974,1.467092431643408,18.847599999999996,0.21308731027252287,-0.010208237179487174,0.6044894551282048,0.47018095238095237,0.08333333333333333,42,36,0.08682666666666666,0.12857142857142856,0.6051857142857143,15,35,28
d75|sl0.05|h1|s4|all|be|2R,d75|sl0.05|h1|s4|all|be|2R,m15,78,2.9418248758464967,0.41025641025641024,0.3024833333333333,23.5937,1.6144048707191758,8.0,8,0.8898529945289678,0.2524833333333333,1.4838639931795117,19.693699999999996,0.22393474616995876,-0.008943589743589738,0.6076706089743587,0.4903261904761904,0.08333333333333333,42,36,0.08682666666666666,0.11428571428571428,0.6532607142857143,15,35,28
d75|sl0.1|h3|s4|all|be|2R,d75|sl0.1|h3|s4|all|be|2R,m15,78,2.9418248758464967,0.3974358974358974,0.31205,24.3399,1.6761083333333333,5.0,5,0.9179964525078993,0.26204999999999995,1.5329830508474576,20.439899999999998,0.24726884269729368,0.01282051282051282,0.6241,0.4604738095238095,0.1388888888888889,42,36,-0.044006666666666666,0.17142857142857143,0.6785714285714286,15,35,28
d75|sl0.1|h3|s4|all|partial|2R,d75|sl0.1|h3|s4|all|partial|2R,m15,78,2.9418248758464967,0.5384615384615384,0.3056397435897436,23.8399,1.6622194444444445,5.0,5,0.8991386007396526,0.25563974358974356,1.5275105820105819,19.939899999999998,0.24085858628703727,0.01717820512820513,0.5941012820512821,0.44856904761904765,0.1388888888888889,42,36,0.02266,0.17142857142857143,0.625,15,35,28
d75|sl0.1|h2|s4|all|be|2R,d75|sl0.1|h2|s4|all|be|2R,m15,78,2.9418248758464967,0.3974358974358974,0.30943589743589744,24.136,1.6704444444444446,5.0,5,0.9103062205568083,0.2594358974358974,1.5276662320730117,20.235999999999997,0.2446547401331911,0.0017435897435897451,0.6043076923076922,0.4556190476190476,0.1388888888888889,42,36,-0.0576,0.17142857142857143,0.6785714285714286,15,35,28
d75|sl0.1|h2|s4|all|partial|2R,d75|sl0.1|h2|s4|all|partial|2R,m15,78,2.9418248758464967,0.5384615384615384,0.303025641025641,23.636,1.6565555555555556,5.0,5,0.8914483687885614,0.253025641025641,1.522116402116402,19.735999999999997,0.2382444837229347,0.014564102564102566,0.5961538461538461,0.44371428571428567,0.1388888888888889,42,36,0.009066666666666667,0.17142857142857143,0.625,15,35,28
d75|sl0.1|h4|s4|all|be|2R,d75|sl0.1|h4|s4|all|be|2R,m15,78,2.9418248758464967,0.38461538461538464,0.2948717948717949,23.0,1.6216216216216217,6.0,6,0.8674611813393516,0.24487179487179483,1.484771573604061,19.099999999999998,0.23009063756908857,-0.01282051282051282,0.6025641025641025,0.42857142857142855,0.1388888888888889,42,36,-0.13333333333333333,0.17142857142857143,0.6785714285714286,15,35,28
mid_live_fill|sl0.05|h2|s4|all|none|2R,mid_live_fill|sl0.05|h2|s4|all|none|2R,m15,88,3.299206004513946,0.48863636363636365,0.15709431818181818,13.8243,1.3574082261054363,8.363199999999999,5,0.5182865178204789,0.10709431818181815,1.2300882579133046,9.424299999999997,0.12216845360119222,-0.09911031249999999,0.41084230113636344,-0.012768181818181817,0.3269568181818182,44,44,-0.26769375,0.20811428571428572,0.31222,16,42,30
mid_live_fill|sl0.05|h3|s4|all|none|2R,mid_live_fill|sl0.05|h3|s4|all|none|2R,m15,88,3.299206004513946,0.4431818181818182,0.13641477272727273,12.0045,1.2665954531423154,8.9103,5,0.45006043728622347,0.08641477272727269,1.1601658842138296,7.604499999999996,0.10148890814664678,-0.12377139204545454,0.4077913920454545,-0.07514772727272727,0.34797727272727275,44,44,-0.19376875,0.1546190476190476,0.28702666666666665,16,42,30
mid_live_fill|sl0.05|h4|s4|all|none|2R,mid_live_fill|sl0.05|h4|s4|all|none|2R,m15,88,3.299206004513946,0.4659090909090909,0.18681136363636364,16.4394,1.3593138690598485,10.9662,5,0.6163291726205291,0.1368113636363636,1.2502879286186492,12.039399999999997,0.15188549905573767,-0.08866437500000002,0.4593360795454543,-0.09941363636363637,0.47303636363636364,44,44,-0.1313375,0.18075714285714287,0.36496666666666666,16,42,30
mid_live_fill|sl0.05|h1|s4|lonny|none|1R,mid_live_fill|sl0.05|h1|s4|lonny|none|1R,m15,41,1.441635783220772,0.5609756097560976,0.1200951219512195,4.9239,1.3250141916064897,6.660200000000001,6,0.17313342519514047,0.07009512195121947,1.1790614213261223,2.8738999999999986,0.08213768597426592,-0.1554687195121951,0.3930795731707314,-0.11498571428571427,0.36693,21,20,0.15525454545454545,-0.02476818181818182,0.470125,11,22,8
mid_live_fill|sl0.05|h1|s4|lonny|none|2R,mid_live_fill|sl0.05|h1|s4|lonny|none|2R,m15,41,1.441635783220772,0.4878048780487805,0.17280731707317074,7.0851,1.4159338272416668,7.0696,6,0.2491252118950608,0.1228073170731707,1.2784253657889206,5.035099999999999,0.13484988109621718,-0.17691993902439027,0.5284897560975609,0.10719047619047618,0.241705,21,20,0.04320909090909091,0.04973636363636364,0.68945,11,22,8
mid_live_fill|sl0.05|h1|s4|lonny|be|2R,mid_live_fill|sl0.05|h1|s4|lonny|be|2R,m15,41,1.441635783220772,0.4634146341463415,0.2053170731707317,8.418,1.555650899681844,7.0696,6,0.29599243958908433,0.15531707317073168,1.3918817462368767,6.3679999999999986,0.16735963719377814,-0.13216554878048775,0.5467848780487798,0.10719047619047618,0.30835,21,20,0.13411818181818183,0.050300000000000004,0.7295125,11,22,8
mid_live_fill|sl0.05|h1|s4|lonny|partial|2R,mid_live_fill|sl0.05|h1|s4|lonny|partial|2R,m15,41,1.441635783220772,0.5609756097560976,0.2114853658536585,8.6709,1.5723441893622356,6.8649000000000004,6,0.3048848710421705,0.1614853658536585,1.412522274420865,6.620899999999999,0.17352792987670496,-0.10943426829268293,0.526126951219512,0.04371904761904762,0.38764,21,20,0.19013636363636363,0.08095,0.5998125,11,22,8
d75|sl0.1|h1|s4|lonny|be|2R,d75|sl0.1|h1|s4|lonny|be|2R,m15,38,1.3622459537891156,0.39473684210526316,0.2792973684210526,10.6133,1.5585947368421051,5.0,5,0.3804717100355269,0.22929736842105258,1.4324218362282877,8.713299999999998,0.21447792585695957,-0.15789473684210525,0.732628947368421,0.3,0.25629444444444444,20,18,0.17925555555555556,-0.05,1.1111111111111112,9,20,9
mid_live_fill|sl0.05|h1|s5|all|none|1R,mid_live_fill|sl0.05|h1|s5|all|none|1R,m15,23,0.8792867472860206,0.391304347826087,-0.15647391304347827,-3.5989,0.6364857630576851,3.5989,4,-0.13758543803511564,-0.20647391304347829,0.5530615318011557,-4.748900000000001,-0.19235659251649315,-0.4758861956521738,0.16788141304347812,-0.2291,-0.07724545454545455,12,11,-0.6406000000000001,-0.13212,0.03163333333333333,4,10,9
mid_live_fill|sl0.05|h1|s5|all|none|2R,mid_live_fill|sl0.05|h1|s5|all|none|2R,m15,23,0.8792867472860206,0.391304347826087,-0.06117826086956522,-1.4071,0.8578729937476642,3.1377,4,-0.05379323400461564,-0.11117826086956524,0.7593408248160067,-2.5571000000000006,-0.09706094034258009,-0.43853097826086956,0.3575279347826087,-0.18185833333333334,0.07047272727272727,12,11,-0.6406000000000001,-0.0016600000000000005,0.1302111111111111,4,10,9
mid_live_fill|sl0.05|h1|s4|all|none|1R +1st/day,mid_live_fill|sl0.05|h1|s4|all|none|1R,m15,32,1.2430207234031498,0.5625,0.056034375,1.7931,1.1539643832322988,4.1382,3,0.06965188934794338,0.006034374999999969,1.0156087072498443,0.193099999999999,0.017973699242424576,-0.23312460937499999,0.35631773437499986,0.15427894736842104,-0.08755384615384615,19,13,0.0,0.07374166666666666,0.06487142857142857,6,12,14
mid_live_fill|sl0.05|h1|s4|all|none|2R +1st/day,mid_live_fill|sl0.05|h1|s4|all|none|2R,m15,32,1.2430207234031498,0.5,0.128703125,4.1185,1.324176472903302,5.001200000000001,3,0.159980651541746,0.07870312499999997,1.1861474101229894,2.518499999999999,0.09064244924242458,-0.251952734375,0.5023674218749999,0.3584894736842105,-0.20713846153846155,19,13,-0.20418333333333336,0.213025,0.19909285714285715,6,12,14
d75|sl0.1|h1|s4|all|partial|2R +1st/day,d75|sl0.1|h1|s4|all|partial|2R,m15,31,1.1814409222023268,0.4838709677419355,0.14729032258064514,4.566,1.2974728489247067,11.0,6,0.17401481454115558,0.09729032258064513,1.1867573207507445,3.015999999999999,0.0811087851050493,-0.27155161290322577,0.5968774999999995,0.7536666666666667,-0.6923076923076923,18,13,0.022466666666666673,0.23076923076923078,0.11926666666666667,6,13,12
