symbol,group,tf,direction,ts_ob,ts_bos,detected_at,score,star1_fvg,star2_trend,star3_fib,star4_liquidity,star5_session,session_label,entry,sl,tp1,rr_tp1,atr,outcome,status,touched_at,touched_session,reacted_at,failed_at,expired_at,mfe_r,mae_r,reaction_threshold_r,r,closed
CDNS,NQ100,H1,bull,2026-04-30T15:30:00+00:00,2026-05-05T13:30:00+00:00,2026-05-07 18:30:00+00:00,5,1,1,1,1,1,NY,325.3550109863281,324.1263196715708,362.7049865722656,30.398176610627633,3.7736553967091755,expiree,expiree,,,,,2026-05-07T13:30:00+00:00,0.0,0.0,,,0
MU,NQ100,H1,bull,2026-05-04T19:30:00+00:00,2026-05-06T14:30:00+00:00,2026-05-07 18:30:00+00:00,5,1,1,1,1,1,NY,578.6199951171875,575.125639292292,683.0900268554688,29.896792706108027,17.487214154160398,expiree,expiree,,,,,2026-05-08T14:30:00+00:00,0.0,0.0,,,0
GILD,NQ100,H1,bull,2026-05-05T19:30:00+00:00,2026-05-06T17:30:00+00:00,2026-05-07 18:30:00+00:00,5,1,1,1,1,1,NY,133.75999450683594,133.4019745874846,136.75,8.35150596810756,0.9604472151515947,reaction,reaction,2026-05-07T19:30:00+00:00,,2026-05-07T19:30:00+00:00,,,2.4021,0.0,1.0,1.0,1
PANW,NQ100,H1,bull,2026-05-06T18:30:00+00:00,2026-05-08T13:30:00+00:00,2026-05-08 13:30:00+00:00,5,1,1,1,1,1,NY,183.4149932861328,182.18047034728596,201.27999877929688,14.47118148314967,2.9906296753746906,expiree,expiree,,,,,2026-05-08T19:30:00+00:00,0.0,0.0,,,0
AMZN,NQ100,H1,bull,2026-04-30T19:30:00+00:00,2026-05-04T14:30:00+00:00,2026-05-07 18:30:00+00:00,5,1,1,1,1,1,NY,265.5899963378906,264.36532928044096,278.55999755859375,10.590634525364628,3.093194664617957,echec,echec,2026-05-12T13:30:00+00:00,NY,,2026-05-12T13:30:00+00:00,,1.6821,1.2575,,-1.0,1
TSLA,NQ100,H1,bull,2026-05-11T13:30:00+00:00,2026-05-11T14:30:00+00:00,2026-05-11 15:30:00+00:00,5,1,1,1,1,1,NY,421.70001220703125,417.35263257294355,441.6499938964844,4.588967002795382,6.947592681753996,reaction,reaction,2026-05-12T15:30:00+00:00,,2026-05-12T15:30:00+00:00,,,1.8931,0.0,1.0,1.0,1
LRCX,NQ100,H1,bull,2026-05-05T18:30:00+00:00,2026-05-06T18:30:00+00:00,2026-05-07 18:30:00+00:00,5,1,1,1,1,1,NY,277.20001220703125,274.7209472919487,297.9949951171875,8.3882365417864,4.581298301651203,reaction,reaction,2026-05-12T16:30:00+00:00,,2026-05-12T16:30:00+00:00,,,2.6744,0.0,1.0,1.0,1
SNPS,NQ100,H1,bull,2026-05-07T19:30:00+00:00,2026-05-08T17:30:00+00:00,2026-05-08 17:30:00+00:00,5,1,1,1,1,1,NY,505.5799865722656,503.2365767526817,519.0599975585938,5.752306264860421,5.26846494636675,reaction,reaction,2026-05-13T13:30:00+00:00,NY,2026-05-13T13:30:00+00:00,,,3.9088,0.0384,1.0,1.0,1
MSTR,NQ100,H1,bear,2026-05-12T19:30:00+00:00,2026-05-13T14:30:00+00:00,2026-05-13 15:30:00+00:00,5,1,1,1,1,1,NY,183.77000427246094,185.56093608545854,156.110107421875,15.444416504216191,3.8188193654209357,echec,echec,2026-05-14T14:30:00+00:00,NY,,2026-05-14T14:30:00+00:00,,3.3614,1.4015,,-1.0,1
NVDA,NQ100,H1,bull,2026-05-13T19:30:00+00:00,2026-05-14T13:30:00+00:00,2026-05-14 14:30:00+00:00,5,1,1,1,1,1,NY,226.78509521484375,224.93387127392955,236.0500030517578,5.004747201107795,2.922611142502511,echec,echec,2026-05-15T13:30:00+00:00,NY,,2026-05-15T13:30:00+00:00,,1.7636,1.3694,,-1.0,1
SHOP,NQ100,H1,bear,2026-05-12T19:30:00+00:00,2026-05-13T17:30:00+00:00,2026-05-13 17:30:00+00:00,5,1,1,1,1,1,NY,99.83999633789062,100.18288992216151,94.79000091552734,14.727587957358327,1.6578289608084027,echec,echec,2026-05-15T14:30:00+00:00,NY,,2026-05-15T14:30:00+00:00,,3.5579,2.3914,,-1.0,1
ADP,NQ100,H1,bull,2026-05-14T18:30:00+00:00,2026-05-18T13:30:00+00:00,2026-05-18 13:30:00+00:00,5,1,1,1,1,1,NY,208.33999633789062,207.24213943736734,221.1300048828125,11.649977823909147,2.157333322965548,expiree,expiree,,,,,2026-05-19T13:30:00+00:00,0.0,0.0,,,0
ADBE,NQ100,H1,bear,2026-05-08T19:30:00+00:00,2026-05-11T16:30:00+00:00,2026-05-11 16:30:00+00:00,5,1,1,1,1,1,NY,252.97799682617188,253.50839525573147,236.31500244140625,31.415994950440055,2.7680027708793444,echec,echec,2026-05-18T13:30:00+00:00,NY,,2026-05-18T13:30:00+00:00,,14.4759,2.1343,,-1.0,1
INTU,NQ100,H1,bull,2026-05-15T19:30:00+00:00,2026-05-19T13:30:00+00:00,2026-05-19 13:30:00+00:00,5,1,1,1,1,1,NY,394.0249938964844,392.01456120551165,423.989990234375,14.904749844369308,6.9084829210171215,expiree,expiree,,,,,2026-05-21T13:30:00+00:00,0.0,0.0,,,0
INTC,NQ100,H1,bear,2026-05-18T19:30:00+00:00,2026-05-19T13:30:00+00:00,2026-05-19 14:30:00+00:00,5,1,1,1,1,1,NY,106.48999786376953,108.66117776191012,95.5999984741211,5.015705699456168,3.2235552382024535,echec,echec,2026-05-19T15:30:00+00:00,,,2026-05-19T15:30:00+00:00,,0.4974,1.087,,-1.0,1
MAR,NQ100,H1,bull,2026-05-19T19:30:00+00:00,2026-05-20T13:30:00+00:00,2026-05-20 14:30:00+00:00,5,1,1,1,1,1,NY,359.7449951171875,357.85790630966153,372.07000732421875,6.531230622468537,2.841873806769655,expiree,expiree,,,,,2026-05-27T13:30:00+00:00,0.0,0.0,,,0
NAS100,NQ100,H1,bull,2026-05-19T19:30:00+00:00,2026-05-20T13:30:00+00:00,2026-05-20 15:30:00+00:00,5,1,1,1,1,1,NY,28886.123046875,28756.584189926347,29386.53515625,3.863027057382129,186.16776397306245,expiree,expiree,,,,,2026-05-29T13:30:00+00:00,0.0,0.0,,,0
QCOM,NQ100,H1,bear,2026-05-18T19:30:00+00:00,2026-05-19T13:30:00+00:00,2026-05-19 15:30:00+00:00,5,1,1,1,1,1,NY,201.55999755859375,205.09995332023573,187.63999938964844,3.932252012801608,5.199139646901903,reaction,reaction,2026-05-20T13:30:00+00:00,NY,2026-05-20T13:30:00+00:00,,,2.1356,0.3333,1.0,1.0,1
ROP,NQ100,H1,bull,2026-05-15T19:30:00+00:00,2026-05-18T13:30:00+00:00,2026-05-18 14:30:00+00:00,5,1,1,1,1,1,NY,322.8399963378906,320.6779728508747,333.8900146484375,5.110961271655016,3.6402500137559413,echec,echec,2026-05-20T13:30:00+00:00,NY,,2026-05-20T13:30:00+00:00,,1.0592,1.975,,-1.0,1
CSX,NQ100,H1,bull,2026-05-19T19:30:00+00:00,2026-05-20T13:30:00+00:00,2026-05-20 14:30:00+00:00,5,1,1,1,1,1,NY,46.20500183105469,46.055868449740004,46.72999954223633,3.5203232606511614,0.2826249016843435,reaction,reaction,2026-05-20T16:30:00+00:00,,2026-05-20T16:30:00+00:00,,,1.3746,0.0181,1.0,1.0,1
COST,NQ100,H1,bear,2026-05-20T15:30:00+00:00,2026-05-22T13:30:00+00:00,2026-05-22 14:30:00+00:00,5,1,1,1,1,1,NY,1084.8599853515625,1090.187700804525,985.1500244140625,18.71533151832538,9.554797340500532,expiree,expiree,,,,,2026-05-26T13:30:00+00:00,0.0,0.0,,,0
ADI,NQ100,H1,bear,2026-05-20T19:30:00+00:00,2026-05-21T14:30:00+00:00,2026-05-21 14:30:00+00:00,5,1,1,1,1,1,NY,396.20989990234375,400.6210704584388,381.8450012207031,3.2564822645073703,6.6212382703380355,echec,echec,2026-05-22T13:30:00+00:00,NY,,2026-05-22T13:30:00+00:00,,2.0856,1.0247,,-1.0,1
REGN,NQ100,H1,bull,2026-05-19T19:30:00+00:00,2026-05-20T14:30:00+00:00,2026-05-20 14:30:00+00:00,5,1,1,1,1,1,NY,631.2999877929688,629.4347425820573,722.510009765625,48.899748643818846,9.30563664010439,reaction,reaction,2026-05-22T15:30:00+00:00,,2026-05-22T15:30:00+00:00,,,2.8334,0.0,1.0,1.0,1
AMAT,NQ100,H1,bull,2026-05-21T19:30:00+00:00,2026-05-26T13:30:00+00:00,2026-05-26 13:30:00+00:00,5,1,1,1,1,1,NY,427.94000244140625,425.7610737855446,454.2799987792969,12.08850793119468,5.946737179732902,expiree,expiree,,,,,2026-06-02T13:30:00+00:00,0.0,0.0,,,0
LRCX,NQ100,H1,bull,2026-05-21T18:30:00+00:00,2026-05-26T13:30:00+00:00,2026-05-26 13:30:00+00:00,5,1,1,1,1,1,NY,301.20001220703125,298.43283975709664,319.0,6.432554571504715,4.543278100254688,expiree,expiree,,,,,2026-06-03T13:30:00+00:00,0.0,0.0,,,0
CTAS,NQ100,H1,bull,2026-05-15T19:30:00+00:00,2026-05-18T13:30:00+00:00,2026-05-18 15:30:00+00:00,5,1,1,1,1,1,NY,168.6199951171875,168.08491420139762,176.86000061035156,15.39955032969232,1.5017892142347955,reaction,reaction,2026-05-27T16:30:00+00:00,,2026-05-27T16:30:00+00:00,,,5.0179,0.0,1.0,1.0,1
SHOP,NQ100,H1,bull,2026-05-27T19:30:00+00:00,2026-05-28T13:30:00+00:00,2026-05-28 14:30:00+00:00,5,1,1,1,1,1,NY,106.81999969482422,106.3630549914086,111.9000015258789,11.117322934443022,1.538948999952926,expiree,expiree,,,,,2026-05-29T14:30:00+00:00,0.0,0.0,,,0
NVDA,NQ100,H1,bear,2026-05-26T19:30:00+00:00,2026-05-27T13:30:00+00:00,2026-05-27 14:30:00+00:00,5,1,1,1,1,1,NY,213.60499572753906,214.9897239121755,196.02999877929688,12.692019374803603,2.5944660364788055,reaction,reaction,2026-05-28T13:30:00+00:00,NY,2026-05-28T13:30:00+00:00,,,1.7209,0.4947,1.0,1.0,1
ADBE,NQ100,H1,bear,2026-05-20T19:30:00+00:00,2026-05-21T13:30:00+00:00,2026-05-21 15:30:00+00:00,5,1,1,1,1,1,NY,253.08999633789062,253.86170792142235,231.74000549316406,27.665764387024836,3.434109600321845,echec,echec,2026-05-29T14:30:00+00:00,NY,,2026-05-29T14:30:00+00:00,,4.7816,2.0851,,-1.0,1
TXN,NQ100,H1,bull,2026-05-22T19:30:00+00:00,2026-05-26T13:30:00+00:00,2026-05-26 15:30:00+00:00,5,1,1,1,1,1,NY,309.385009765625,308.2857682281149,326.4200134277344,15.497052359115818,4.484830750202347,echec,echec,2026-05-29T14:30:00+00:00,NY,,2026-05-29T14:30:00+00:00,,5.381,1.2008,,-1.0,1
AVGO,NQ100,H1,bull,2026-05-28T18:30:00+00:00,2026-06-01T13:30:00+00:00,2026-06-01 13:30:00+00:00,5,1,1,1,1,1,NY,428.92999267578125,424.91169274094335,456.239990234375,6.796405943175434,6.3663649076957824,expiree,expiree,,,,,2026-06-02T13:30:00+00:00,0.0,0.0,,,0
MSFT,NQ100,H1,bull,2026-05-28T18:30:00+00:00,2026-05-29T19:30:00+00:00,2026-06-01 14:30:00+00:00,5,1,1,1,1,1,NY,426.5199890136719,425.39972399589226,466.32000732421875,35.52732405179552,4.205227113405075,expiree,expiree,,,,,2026-06-01T13:30:00+00:00,0.0,0.0,,,0
GILD,NQ100,H1,bull,2026-05-21T19:30:00+00:00,2026-05-22T17:30:00+00:00,2026-05-22 17:30:00+00:00,5,1,1,1,1,1,NY,131.10000610351562,130.37971803145135,134.64999389648438,4.928566681376268,1.0054928865982053,reaction,reaction,2026-06-01T14:30:00+00:00,NY,2026-06-01T14:30:00+00:00,,,2.1588,0.6109,1.0,1.0,1
CMCSA,NQ100,H1,bear,2026-05-28T19:30:00+00:00,2026-06-01T14:30:00+00:00,2026-06-01 14:30:00+00:00,5,1,1,1,1,1,NY,25.014999389648438,25.168902102780105,24.635000228881836,2.4690868213707318,0.17804510735989232,reaction,reaction,2026-06-01T17:30:00+00:00,,2026-06-02T13:30:00+00:00,,,1.2021,0.7147,1.0,1.0,1
TON,CRYPTO,H1,bear,2026-06-02T13:00:00+00:00,2026-06-02T15:00:00+00:00,2026-06-02 15:00:00+00:00,5,1,1,1,1,1,NY,2.032,2.052720151271545,1.876,7.528902562320367,0.05440302543090657,reaction,reaction,2026-06-02T21:00:00+00:00,,2026-06-02T21:00:00+00:00,,,2.3166,0.0,1.0,1.0,1
TMUS,NQ100,H1,bear,2026-06-02T19:30:00+00:00,2026-06-03T13:30:00+00:00,2026-06-03 14:30:00+00:00,5,1,1,1,1,1,NY,187.93499755859375,189.13906639472023,181.72999572753906,5.153361373438025,1.5813767225295114,expiree,expiree,,,,,2026-06-04T17:30:00+00:00,0.0,0.0,,,0
VRTX,NQ100,H1,bear,2026-06-01T19:30:00+00:00,2026-06-02T13:30:00+00:00,2026-06-02 15:30:00+00:00,5,1,1,1,1,1,NY,437.07501220703125,439.2469829617289,424.9800109863281,5.568675910825841,3.9399033752027943,echec,echec,2026-06-04T13:30:00+00:00,NY,,2026-06-04T13:30:00+00:00,,1.4526,4.3394,,-1.0,1
APP,NQ100,H1,bear,2026-06-04T14:30:00+00:00,2026-06-04T16:30:00+00:00,2026-06-04 16:30:00+00:00,5,1,1,1,1,1,NY,580.0350646972656,587.5852390253078,497.0000915527344,10.99775575196058,11.704780506157613,echec,echec,2026-06-05T13:30:00+00:00,NY,,2026-06-05T13:30:00+00:00,,1.9251,1.9821,,-1.0,1
CDNS,NQ100,H1,bull,2026-06-01T13:30:00+00:00,2026-06-02T19:30:00+00:00,2026-06-02 19:30:00+00:00,5,1,1,1,1,1,NY,389.2174987792969,383.68056914161696,416.69000244140625,4.961685529675774,5.088568339536146,reaction,reaction,2026-06-05T13:30:00+00:00,NY,2026-06-05T13:30:00+00:00,,,3.2116,0.0,1.0,1.0,1
CMCSA,NQ100,H1,bear,2026-06-04T13:30:00+00:00,2026-06-04T16:30:00+00:00,2026-06-04 16:30:00+00:00,5,1,1,1,1,1,NY,24.09500026702881,24.26340200118314,23.329999923706055,4.542710603096659,0.268040023662853,reaction,reaction,2026-06-05T18:30:00+00:00,,2026-06-05T18:30:00+00:00,,,2.405,0.0,1.0,1.0,1
AMGN,NQ100,H1,bull,2026-06-04T19:30:00+00:00,2026-06-05T13:30:00+00:00,2026-06-05 15:30:00+00:00,5,1,1,1,1,1,NY,342.5449981689453,338.0417482013194,355.79998779296875,2.9434274622360026,3.5650603876743743,reaction,reaction,2026-06-08T13:30:00+00:00,NY,2026-06-08T13:30:00+00:00,,,2.0996,0.0,1.0,1.0,1
ADBE,NQ100,H1,bear,2026-06-05T19:30:00+00:00,2026-06-09T13:30:00+00:00,2026-06-09 13:30:00+00:00,5,1,1,1,1,1,NY,251.1300048828125,252.1294319872398,236.66000366210938,14.478295772251322,2.788529881514732,expiree,expiree,,,,,2026-06-11T13:30:00+00:00,0.0,0.0,,,0
INTU,NQ100,H1,bear,2026-06-09T19:30:00+00:00,2026-06-10T13:30:00+00:00,2026-06-10 14:30:00+00:00,5,1,1,1,1,1,NY,293.5400085449219,294.7134265169524,283.260009765625,8.760730638468196,4.468725651547544,expiree,expiree,,,,,2026-06-22T15:30:00+00:00,0.0,0.0,,,0
SBUX,NQ100,H1,bull,2026-06-09T19:30:00+00:00,2026-06-10T13:30:00+00:00,2026-06-10 14:30:00+00:00,5,1,1,1,1,1,NY,97.41000366210938,96.98250837783115,99.66000366210938,5.2632159528937725,0.9498080293143407,expiree,expiree,,,,,2026-07-02T15:30:00+00:00,0.0,0.0,,,0
REGN,NQ100,H1,bear,2026-06-09T19:30:00+00:00,2026-06-10T17:30:00+00:00,2026-06-10 17:30:00+00:00,5,1,1,1,1,1,NY,614.3200073242188,616.8315424120686,591.52001953125,9.078108405997884,5.430897069498516,reaction,reaction,2026-06-11T13:30:00+00:00,NY,2026-06-11T13:30:00+00:00,,,4.2484,0.3106,1.0,1.0,1
CEG,NQ100,H1,bear,2026-06-09T19:30:00+00:00,2026-06-10T13:30:00+00:00,2026-06-10 14:30:00+00:00,5,1,1,1,1,1,NY,250.61500549316406,252.40360645805754,240.50999450683594,5.649673227661459,3.2720192978696807,echec,echec,2026-06-12T13:30:00+00:00,NY,,2026-06-12T13:30:00+00:00,,1.657,2.5075,,-1.0,1
GOOGL,NQ100,H1,bull,2026-06-15T19:30:00+00:00,2026-06-16T14:30:00+00:00,2026-06-16 14:30:00+00:00,5,1,1,1,1,1,NY,369.8399963378906,367.3313988400249,378.54998779296875,3.4720561837793857,3.9719987854386876,reaction,reaction,2026-06-16T16:30:00+00:00,,2026-06-16T17:30:00+00:00,,,1.1321,0.1196,1.0,1.0,1
LRCX,NQ100,H1,bull,2026-06-12T19:30:00+00:00,2026-06-15T13:30:00+00:00,2026-06-15 14:30:00+00:00,5,1,1,1,1,1,NY,369.7900085449219,366.1747123612923,391.0,5.866736880679094,9.505630703842108,reaction,reaction,2026-06-16T18:30:00+00:00,,2026-06-16T18:30:00+00:00,,,1.3899,0.1051,1.0,1.0,1
AAPL,NQ100,H1,bull,2026-06-15T19:30:00+00:00,2026-06-16T14:30:00+00:00,2026-06-16 16:30:00+00:00,5,1,1,1,1,1,NY,296.4949951171875,295.49471012921526,317.3999938964844,20.89904280346664,2.3055044469442167,reaction,reaction,2026-06-17T15:30:00+00:00,,2026-06-17T15:30:00+00:00,,,2.6642,0.0,1.0,1.0,1
QCOM,NQ100,H1,bull,2026-06-12T18:30:00+00:00,2026-06-16T13:30:00+00:00,2026-06-16 13:30:00+00:00,5,1,1,1,1,1,NY,212.35000610351562,211.1722566723029,250.00999450683594,31.97623145064203,4.354854346910775,reaction,reaction,2026-06-17T17:30:00+00:00,,2026-06-17T17:30:00+00:00,,,5.2813,0.0,1.0,1.0,1
PYPL,NQ100,H1,bull,2026-06-15T19:30:00+00:00,2026-06-17T13:30:00+00:00,2026-06-17 13:30:00+00:00,5,1,1,1,1,1,NY,42.625,42.36611236145528,45.98500061035156,12.97860581230938,0.4777405638631745,reaction,reaction,2026-06-17T18:30:00+00:00,,2026-06-17T18:30:00+00:00,,,2.3369,0.7146,1.0,1.0,1
AMZN,NQ100,H1,bull,2026-06-12T17:30:00+00:00,2026-06-16T14:30:00+00:00,2026-06-16 16:30:00+00:00,5,1,1,1,1,1,NY,237.02200317382812,235.8990260669744,250.42999267578125,11.939681958004009,2.4195641097309126,reaction,reaction,2026-06-17T19:30:00+00:00,,2026-06-18T13:30:00+00:00,,,3.4355,0.8923,1.0,1.0,1
PANW,NQ100,H1,bear,2026-06-02T19:30:00+00:00,2026-06-04T13:30:00+00:00,2026-06-04 13:30:00+00:00,5,1,1,1,1,1,NY,295.739990234375,297.66413413721114,256.010009765625,20.648133650601235,5.482389775472832,reaction,reaction,2026-06-22T13:30:00+00:00,NY,2026-06-22T13:30:00+00:00,,,4.2097,0.0052,1.0,1.0,1
AVGO,NQ100,H1,bull,2026-06-17T19:30:00+00:00,2026-06-18T13:30:00+00:00,2026-06-18 15:30:00+00:00,5,1,1,1,1,1,NY,393.2749938964844,388.9722482724304,479.2300109863281,19.97678333790478,6.955181035766186,reaction,reaction,2026-06-22T14:30:00+00:00,NY,2026-06-22T15:30:00+00:00,,,1.0424,0.1034,1.0,1.0,1
PDD,NQ100,H1,bear,2026-06-18T19:30:00+00:00,2026-06-22T13:30:00+00:00,2026-06-22 14:30:00+00:00,5,1,1,1,1,1,NY,79.3550033569336,79.83358820369065,77.80999755859375,3.228279810380469,0.6717030386567403,reaction,reaction,2026-06-22T15:30:00+00:00,,2026-06-22T15:30:00+00:00,,,1.6612,0.303,1.0,1.0,1
HON,NQ100,H1,bull,2026-06-12T19:30:00+00:00,2026-06-15T13:30:00+00:00,2026-06-15 15:30:00+00:00,5,1,1,1,1,1,NY,232.3020477294922,229.70409015630437,249.07183837890625,6.454990190173414,2.8768150379748954,reaction,reaction,2026-06-23T18:30:00+00:00,,2026-06-24T13:30:00+00:00,,,2.4746,0.3472,1.0,1.0,1
VRTX,NQ100,H1,bull,2026-06-23T19:30:00+00:00,2026-06-24T13:30:00+00:00,2026-06-24 15:30:00+00:00,5,1,1,1,1,1,NY,468.70001220703125,467.74400697838377,478.55999755859375,10.313735799867946,4.120104572950035,expiree,expiree,,,,,2026-06-26T14:30:00+00:00,0.0,0.0,,,0
AMGN,NQ100,H1,bull,2026-06-23T19:30:00+00:00,2026-06-24T18:30:00+00:00,2026-06-24 18:30:00+00:00,5,1,1,1,1,1,NY,347.1600036621094,346.32663253100907,358.2966003417969,13.363309891697059,2.4675935204432333,expiree,expiree,,,,,2026-07-02T13:30:00+00:00,0.0,0.0,,,0
HON,NQ100,H1,bear,2026-06-22T19:30:00+00:00,2026-06-23T17:30:00+00:00,2026-06-23 17:30:00+00:00,5,1,1,1,1,1,NY,238.57366943359375,239.7378262942224,229.84793090820312,7.495328868893731,2.097834478198251,reaction,reaction,2026-06-24T13:30:00+00:00,NY,2026-06-24T13:30:00+00:00,,,3.3963,0.1351,1.0,1.0,1
VRTX,NQ100,H1,bull,2026-06-24T19:30:00+00:00,2026-06-25T13:30:00+00:00,2026-06-25 14:30:00+00:00,5,1,1,1,1,1,NY,477.6300048828125,474.25803835391156,486.4849853515625,2.6260582342245824,4.339354992081705,expiree,expiree,,,,,2026-07-02T13:30:00+00:00,0.0,0.0,,,0
VRTX,NQ100,H1,bull,2026-06-25T19:30:00+00:00,2026-06-26T13:30:00+00:00,2026-06-26 14:30:00+00:00,5,1,1,1,1,1,NY,482.625,479.3191816373438,502.7200012207031,6.078676749970252,4.816318424999407,expiree,expiree,,,,,2026-07-02T15:30:00+00:00,0.0,0.0,,,0
CEG,NQ100,H1,bull,2026-06-15T19:30:00+00:00,2026-06-16T13:30:00+00:00,2026-06-16 14:30:00+00:00,5,1,1,1,1,1,NY,263.7900085449219,261.8875557171509,290.8999938964844,14.250017112553792,3.44883682885612,reaction,reaction,2026-06-26T13:30:00+00:00,NY,2026-06-26T13:30:00+00:00,,,2.9751,0.7517,1.0,1.0,1
TSLA,NQ100,H1,bull,2026-06-26T19:30:00+00:00,2026-06-29T13:30:00+00:00,2026-06-29 15:30:00+00:00,5,1,1,1,1,1,NY,379.80999755859375,378.2525078642578,414.75,22.433536843595476,5.92579486328152,expiree,expiree,,,,,2026-07-01T14:30:00+00:00,0.0,0.0,,,0
APP,NQ100,H1,bear,2026-06-17T17:30:00+00:00,2026-06-22T15:30:00+00:00,2026-06-22 15:30:00+00:00,5,1,1,1,1,1,NY,492.75,499.5346814327838,443.0,7.332695056190286,11.295435296301113,echec,echec,2026-06-29T13:30:00+00:00,NY,,2026-06-29T13:30:00+00:00,,1.4371,2.0253,,-1.0,1
NFLX,NQ100,H1,bull,2026-06-26T19:30:00+00:00,2026-06-29T13:30:00+00:00,2026-06-29 15:30:00+00:00,5,1,1,1,1,1,NY,73.7750015258789,73.01970416005688,78.23500061035156,5.904957817003106,1.0059106953469887,reaction,reaction,2026-06-29T17:30:00+00:00,,2026-06-29T17:30:00+00:00,,,1.3703,0.0,1.0,1.0,1
SHOP,NQ100,H1,bull,2026-06-25T19:30:00+00:00,2026-06-26T14:30:00+00:00,2026-06-26 14:30:00+00:00,5,1,1,1,1,1,NY,112.29499816894531,111.22202570529988,117.7699966430664,5.102645836333736,2.059424858846141,reaction,reaction,2026-06-30T13:30:00+00:00,NY,2026-06-30T13:30:00+00:00,,,3.3505,0.1407,1.0,1.0,1
PEP,NQ100,H1,bear,2026-06-29T19:30:00+00:00,2026-06-30T19:30:00+00:00,2026-06-30 19:30:00+00:00,5,1,1,1,1,1,NY,138.23390197753906,138.84676506572777,134.94000244140625,5.374609108647453,0.9352402793992487,echec,echec,2026-07-01T13:30:00+00:00,NY,,2026-07-01T13:30:00+00:00,,2.6497,2.8165,,-1.0,1
ROP,NQ100,H1,bull,2026-06-30T19:30:00+00:00,2026-07-02T13:30:00+00:00,2026-07-02 13:30:00+00:00,5,1,1,1,1,1,NY,338.9599914550781,337.585972607418,360.8699951171875,15.94592657838781,3.080352539140399,expiree,expiree,,,,,2026-07-02T15:30:00+00:00,0.0,0.0,,,0
CTAS,NQ100,H1,bull,2026-07-01T19:30:00+00:00,2026-07-02T13:30:00+00:00,2026-07-02 15:30:00+00:00,5,1,1,1,1,1,NY,174.7801055908203,174.04526683431365,184.47999572753906,13.200025244763768,1.4945656574772346,expiree,expiree,,,,,2026-07-15T13:30:00+00:00,0.0,0.0,,,0
MDLZ,NQ100,H1,bear,2026-06-29T19:30:00+00:00,2026-06-30T13:30:00+00:00,2026-06-30 14:30:00+00:00,5,1,1,1,1,1,NY,60.09000015258789,60.24724172616642,57.904998779296875,13.895824899003307,0.5448101092658711,echec,echec,2026-07-02T13:30:00+00:00,NY,,2026-07-02T13:30:00+00:00,,3.307,2.6075,,-1.0,1
NFLX,NQ100,H1,bear,2026-06-18T19:30:00+00:00,2026-06-22T13:30:00+00:00,2026-06-22 15:30:00+00:00,5,1,1,1,1,1,NY,77.60750198364258,78.27844597693819,72.3499984741211,7.835979697347257,0.8689073317324579,reaction,reaction,2026-07-02T14:30:00+00:00,NY,2026-07-02T14:30:00+00:00,,,2.2021,0.0,1.0,1.0,1
AMZN,NQ100,H1,bull,2026-07-01T19:30:00+00:00,2026-07-02T15:30:00+00:00,2026-07-02 16:30:00+00:00,5,1,1,1,1,1,NY,242.03500366210938,241.36243551318205,252.52499389648438,15.596917949661181,2.7512897363591784,reaction,reaction,2026-07-02T19:30:00+00:00,,2026-07-02T19:30:00+00:00,,,3.1298,0.0,1.0,1.0,1
ORLY,NQ100,H1,bull,2026-06-25T19:30:00+00:00,2026-06-29T13:30:00+00:00,2026-06-29 14:30:00+00:00,5,1,1,1,1,1,NY,87.22000122070312,86.77530521240124,93.7699966430664,14.729152724745635,0.9938347168189948,echec,echec,2026-07-06T13:30:00+00:00,NY,,2026-07-06T13:30:00+00:00,,6.808,10.1352,,-1.0,1
PYPL,NQ100,H1,bull,2026-07-01T19:30:00+00:00,2026-07-02T14:30:00+00:00,2026-07-02 15:30:00+00:00,5,1,1,1,1,1,NY,44.18000030517578,44.016176730950846,45.98500061035156,11.017952170286911,0.4764836915298999,echec,echec,2026-07-06T13:30:00+00:00,NY,,2026-07-06T13:30:00+00:00,,4.8223,2.4417,,-1.0,1
GOOGL,NQ100,H1,bear,2026-06-18T19:30:00+00:00,2026-06-22T13:30:00+00:00,2026-06-22 15:30:00+00:00,5,1,1,1,1,1,NY,367.5899963378906,369.7100557483395,335.3900146484375,15.188244975943896,4.600895240228088,reaction,reaction,2026-07-06T18:30:00+00:00,,2026-07-06T18:30:00+00:00,,,1.4198,0.0,1.0,1.0,1
FTNT,NQ100,H1,bull,2026-07-02T19:30:00+00:00,2026-07-06T13:30:00+00:00,2026-07-06 14:30:00+00:00,5,1,1,1,1,1,NY,157.55999755859375,156.09814051991185,163.4250030517578,4.012023979070016,2.2373238791067407,echec,echec,2026-07-07T13:30:00+00:00,NY,,2026-07-07T13:30:00+00:00,,3.865,1.286,,-1.0,1
PDD,NQ100,H1,bull,2026-07-02T19:30:00+00:00,2026-07-06T13:30:00+00:00,2026-07-06 14:30:00+00:00,5,1,1,1,1,1,NY,82.7300033569336,82.29283168837236,86.5999984741211,8.852346561990062,0.94329299036538,reaction,reaction,2026-07-07T13:30:00+00:00,NY,2026-07-07T13:30:00+00:00,,,2.6077,0.4346,1.0,1.0,1
CDNS,NQ100,H1,bear,2026-07-06T19:30:00+00:00,2026-07-07T13:30:00+00:00,2026-07-07 14:30:00+00:00,5,1,1,1,1,1,NY,373.67498779296875,376.38476900788356,358.760009765625,5.504126290805596,4.895087188921063,reaction,reaction,2026-07-07T17:30:00+00:00,,2026-07-07T18:30:00+00:00,,,1.7252,0.393,1.0,1.0,1
ABNB,NQ100,H1,bull,2026-06-25T19:30:00+00:00,2026-06-29T13:30:00+00:00,2026-06-29 15:30:00+00:00,5,1,1,1,1,1,NY,142.25999450683594,141.36669368766056,150.19000244140625,8.877197652063755,1.6660652116326466,reaction,reaction,2026-07-08T13:30:00+00:00,NY,2026-07-08T13:30:00+00:00,,,5.5021,0.2127,1.0,1.0,1
NFLX,NQ100,H1,bear,2026-07-07T16:30:00+00:00,2026-07-09T14:30:00+00:00,2026-07-09 14:30:00+00:00,5,1,1,1,1,1,NY,76.6500015258789,77.09649348499703,71.36499786376953,11.836727524831462,0.7299185280655403,expiree,expiree,,,,,2026-07-17T13:30:00+00:00,0.0,0.0,,,0
ADSK,NQ100,H1,bull,2026-07-01T19:30:00+00:00,2026-07-02T14:30:00+00:00,2026-07-02 15:30:00+00:00,5,1,1,1,1,1,NY,201.02999877929688,199.51713551483857,225.11000061035156,15.91683954311415,2.4572774961975505,echec,echec,2026-07-09T13:30:00+00:00,NY,,2026-07-09T13:30:00+00:00,,2.8952,1.9962,,-1.0,1
CSCO,NQ100,H1,bear,2026-07-01T19:30:00+00:00,2026-07-02T13:30:00+00:00,2026-07-02 14:30:00+00:00,5,1,1,1,1,1,NY,116.73500061035156,117.24010275611616,97.7699966430664,37.54686873993967,1.2020490188075235,echec,echec,2026-07-09T13:30:00+00:00,NY,,2026-07-09T13:30:00+00:00,,2.8806,2.5242,,-1.0,1
META,NQ100,H1,bear,2026-06-18T19:30:00+00:00,2026-06-22T14:30:00+00:00,2026-06-22 14:30:00+00:00,5,1,1,1,1,1,NY,576.7825012207031,580.5341911343866,557.010009765625,5.27028936559028,6.383285578356703,echec,echec,2026-07-09T13:30:00+00:00,NY,,2026-07-09T13:30:00+00:00,,0.0,6.4284,,-1.0,1
PLTR,NQ100,H1,bear,2026-07-08T19:30:00+00:00,2026-07-09T13:30:00+00:00,2026-07-09 15:30:00+00:00,5,1,1,1,1,1,NY,131.13999938964844,132.51353958829682,116.50499725341797,10.65494999755512,2.470803972967442,reaction,reaction,2026-07-10T13:30:00+00:00,NY,2026-07-10T13:30:00+00:00,,,3.2689,0.8227,1.0,1.0,1
CTAS,NQ100,H1,bull,2026-07-10T16:30:00+00:00,2026-07-13T18:30:00+00:00,2026-07-13 18:30:00+00:00,5,1,1,1,1,1,NY,177.6999969482422,177.48347308169173,184.47999572753906,31.31293971104481,1.2305017450714266,expiree,expiree,,,,,2026-07-15T13:30:00+00:00,0.0,0.0,,,0
NFLX,NQ100,H1,bear,2026-07-09T19:30:00+00:00,2026-07-10T13:30:00+00:00,2026-07-10 14:30:00+00:00,5,1,1,1,1,1,NY,74.9000015258789,75.59031172932922,71.36499786376953,5.120891512889011,0.8061735514279991,reaction,reaction,2026-07-13T13:30:00+00:00,NY,2026-07-13T13:30:00+00:00,,,1.4486,0.7098,1.0,1.0,1
TXN,NQ100,H1,bull,2026-07-08T19:30:00+00:00,2026-07-09T13:30:00+00:00,2026-07-09 14:30:00+00:00,5,1,1,1,1,1,NY,303.010009765625,300.1471889797729,316.5899963378906,4.743568524923829,5.056098334229526,echec,echec,2026-07-13T13:30:00+00:00,NY,,2026-07-13T13:30:00+00:00,,1.9247,1.1527,,-1.0,1
ABNB,NQ100,H1,bear,2026-07-20T15:30:00+00:00,2026-07-21T17:30:00+00:00,2026-07-21 17:30:00+00:00,5,1,1,1,1,1,NY,146.02999877929688,146.44613561387385,141.25,11.48660340091259,1.1227244845084836,expiree,expiree,,,,,2026-07-23T13:30:00+00:00,0.0,0.0,,,0
HON,NQ100,H1,bull,2026-07-21T19:30:00+00:00,2026-07-22T13:30:00+00:00,2026-07-22 14:30:00+00:00,5,1,1,1,1,1,NY,230.0,229.2161475744142,252.0,28.066507523477863,2.2770851328095616,expiree,expiree,,,,,2026-07-23T13:30:00+00:00,0.0,0.0,,,0
ADSK,NQ100,H1,bull,2026-07-14T19:30:00+00:00,2026-07-16T15:30:00+00:00,2026-07-16 15:30:00+00:00,5,1,1,1,1,1,NY,206.44000244140625,205.61886465381681,215.99000549316406,11.630207738695324,2.6227069236635505,echec,echec,2026-07-22T13:30:00+00:00,NY,,2026-07-22T13:30:00+00:00,,6.7285,2.326,,-1.0,1
PDD,NQ100,H1,bear,2026-07-22T19:30:00+00:00,2026-07-23T13:30:00+00:00,2026-07-23 14:30:00+00:00,5,1,1,1,1,1,NY,83.44000244140625,83.7206314085737,80.80000305175781,9.407437216106098,0.6145629859271209,reaction,reaction,2026-07-23T19:30:00+00:00,,2026-07-23T19:30:00+00:00,,,3.1002,0.0356,1.0,1.0,1
ROP,NQ100,H1,bull,2026-07-23T19:30:00+00:00,2026-07-24T14:30:00+00:00,2026-07-24 15:30:00+00:00,5,1,1,1,1,1,NY,357.6199951171875,353.88833370345304,375.989990234375,4.9227389841898175,5.53349682937616,expiree,expiree,,,,,2026-07-29T13:30:00+00:00,0.0,0.0,,,0
INTC,NQ100,H1,bull,2026-07-20T19:30:00+00:00,2026-07-21T13:30:00+00:00,2026-07-21 15:30:00+00:00,5,1,1,1,1,1,NY,97.7699966430664,96.78950922121697,109.19000244140625,11.64727414534192,2.609778954566889,echec,echec,2026-07-24T13:30:00+00:00,NY,,2026-07-24T13:30:00+00:00,,4.049,2.2132,,-1.0,1
MELI,NQ100,H1,bear,2026-07-21T19:30:00+00:00,2026-07-22T13:30:00+00:00,2026-07-22 15:30:00+00:00,5,1,1,1,1,1,NY,1817.6199951171875,1826.412781298654,1760.9000244140625,6.450739223328331,18.055430660578516,echec,echec,2026-07-24T13:30:00+00:00,NY,,2026-07-24T13:30:00+00:00,,2.0028,1.011,,-1.0,1
MRVL,NQ100,H1,bull,2026-07-20T19:30:00+00:00,2026-07-21T13:30:00+00:00,2026-07-21 15:30:00+00:00,5,1,1,1,1,1,NY,195.0800018310547,193.455786237535,232.0,22.730971378583593,5.68438511258141,reaction,reaction,2026-07-24T13:30:00+00:00,NY,2026-07-24T13:30:00+00:00,,,6.7633,0.234,1.0,1.0,1
AVGO,NQ100,H1,bull,2026-07-20T19:30:00+00:00,2026-07-21T13:30:00+00:00,2026-07-21 15:30:00+00:00,5,1,1,1,1,1,NY,379.3399963378906,377.3204591138451,395.8900146484375,8.194955811408182,5.390744480910374,reaction,reaction,2026-07-24T18:30:00+00:00,,2026-07-24T18:30:00+00:00,,,1.0869,0.2921,1.0,1.0,1
BKNG,NQ100,H1,bear,2026-07-17T19:30:00+00:00,2026-07-20T13:30:00+00:00,2026-07-20 14:30:00+00:00,5,1,1,1,1,1,NY,181.4499969482422,182.60758951286186,174.61500549316406,5.904488041804018,1.9519001205184914,echec,echec,2026-07-27T13:30:00+00:00,NY,,2026-07-27T13:30:00+00:00,,0.6721,2.6953,,-1.0,1
REGN,NQ100,H1,bull,2026-07-27T19:30:00+00:00,2026-07-28T13:30:00+00:00,2026-07-28 14:30:00+00:00,5,1,1,1,1,1,NY,672.02001953125,666.4978426941415,722.510009765625,9.143131725714904,7.042657835921341,expiree,expiree,,,,,2026-07-30T17:30:00+00:00,0.0,0.0,,,0
GOOGL,NQ100,H1,bull,2026-07-28T13:30:00+00:00,2026-07-28T14:30:00+00:00,2026-07-29 13:30:00+00:00,5,1,1,1,1,1,NY,327.3699951171875,324.2558988346427,349.94000244140625,7.2476909113982115,3.6820721352710617,expiree,expiree,,,,,2026-08-03T13:30:00+00:00,0.0,0.0,,,0
PDD,NQ100,H1,bull,2026-07-27T18:30:00+00:00,2026-07-29T13:30:00+00:00,2026-07-29 13:30:00+00:00,5,1,1,1,1,1,NY,84.5199966430664,84.37229469543341,87.75,21.86838703684115,0.7541793335193366,expiree,expiree,,,,,2026-08-04T14:30:00+00:00,0.0,0.0,,,0
LIN,NQ100,H1,bull,2026-07-27T19:30:00+00:00,2026-07-28T13:30:00+00:00,2026-07-28 14:30:00+00:00,5,1,1,1,1,1,NY,507.5350036621094,506.2954813618448,527.4550170898438,16.07071806895475,3.4903971771669005,echec,echec,2026-07-29T14:30:00+00:00,NY,,2026-07-29T14:30:00+00:00,,1.8757,1.8112,,-1.0,1
MSTR,NQ100,H1,bear,2026-07-22T18:30:00+00:00,2026-07-24T13:30:00+00:00,2026-07-24 13:30:00+00:00,5,1,1,1,1,1,NY,99.63999938964844,100.50583253439777,83.41999816894531,18.7334029877073,1.9165774457678941,reaction,reaction,2026-07-29T18:30:00+00:00,,2026-07-29T18:30:00+00:00,,,3.7652,0.462,1.0,1.0,1
LIN,NQ100,H1,bear,2026-07-29T19:30:00+00:00,2026-07-30T14:30:00+00:00,2026-07-30 16:30:00+00:00,5,1,1,1,1,1,NY,511.0400085449219,512.5200181027301,502.1000061035156,6.040503180699539,3.800020257727192,expiree,expiree,,,,,2026-07-31T13:30:00+00:00,0.0,0.0,,,0
AMAT,NQ100,H1,bear,2026-07-27T18:30:00+00:00,2026-07-29T13:30:00+00:00,2026-07-29 15:30:00+00:00,5,1,1,1,1,1,NY,513.0025024414062,521.6611988257811,438.2200012207031,8.636692857790116,13.223976515620746,reaction,reaction,2026-07-30T13:30:00+00:00,NY,2026-07-30T13:30:00+00:00,,,4.2596,0.0,1.0,1.0,1
AMD,NQ100,H1,bear,2026-07-27T18:30:00+00:00,2026-07-29T13:30:00+00:00,2026-07-29 13:30:00+00:00,5,1,1,1,1,1,NY,488.55250549316406,496.4955024732559,411.7099914550781,9.674246915954072,14.009780910430825,echec,echec,2026-07-30T13:30:00+00:00,NY,,2026-07-30T13:30:00+00:00,,3.8868,1.1139,,-1.0,1
FTNT,NQ100,H1,bear,2026-07-21T19:30:00+00:00,2026-07-23T13:30:00+00:00,2026-07-23 13:30:00+00:00,5,1,1,1,1,1,NY,157.2050018310547,158.53671997748538,150.72999572753906,4.86214453176157,2.034448377832762,echec,echec,2026-07-30T13:30:00+00:00,NY,,2026-07-30T13:30:00+00:00,,1.1001,9.0522,,-1.0,1
GILD,NQ100,H1,bull,2026-07-27T19:30:00+00:00,2026-07-28T13:30:00+00:00,2026-07-28 15:30:00+00:00,5,1,1,1,1,1,NY,131.10000610351562,130.39962646886949,140.61000061035156,13.578342425163134,1.4074950366725312,echec,echec,2026-07-30T13:30:00+00:00,NY,,2026-07-30T13:30:00+00:00,,0.0,3.4124,,-1.0,1
INTU,NQ100,H1,bull,2026-07-27T19:30:00+00:00,2026-07-29T13:30:00+00:00,2026-07-29 13:30:00+00:00,5,1,1,1,1,1,NY,304.8599853515625,303.2963263256093,363.17498779296875,37.2939377917495,5.073229347189043,reaction,reaction,2026-07-30T13:30:00+00:00,NY,2026-07-30T13:30:00+00:00,,,8.2946,0.4221,1.0,1.0,1
MELI,NQ100,H1,bull,2026-07-27T19:30:00+00:00,2026-07-28T13:30:00+00:00,2026-07-28 14:30:00+00:00,5,1,1,1,1,1,NY,1828.9300537109375,1817.5293889672962,1905.489990234375,6.715392325358805,19.912708935326993,reaction,reaction,2026-07-30T13:30:00+00:00,NY,2026-07-30T13:30:00+00:00,,,3.341,0.0,1.0,1.0,1
VRTX,NQ100,H1,bull,2026-07-23T19:30:00+00:00,2026-07-27T13:30:00+00:00,2026-07-27 13:30:00+00:00,5,1,1,1,1,1,NY,473.1400146484375,470.95638060828367,491.2300109863281,8.284353515855711,4.072461076514254,echec,echec,2026-07-30T13:30:00+00:00,NY,,2026-07-30T13:30:00+00:00,,3.137,1.1907,,-1.0,1
LRCX,NQ100,H1,bear,2026-07-27T18:30:00+00:00,2026-07-29T13:30:00+00:00,2026-07-29 13:30:00+00:00,5,1,1,1,1,1,NY,288.8349914550781,294.9282255860162,254.9499969482422,5.561085259269241,8.16473144688667,echec,echec,2026-07-30T16:30:00+00:00,,,2026-07-30T16:30:00+00:00,,0.0,1.8143,,-1.0,1
LIN,NQ100,H1,bear,2026-07-30T19:30:00+00:00,2026-07-31T13:30:00+00:00,2026-07-31 14:30:00+00:00,5,1,1,1,1,1,NY,507.0350036621094,508.7446705780014,466.8819885253906,23.485870120946533,6.093362731902694,expiree,expiree,,,,,2026-09-10T17:30:00+00:00,0.0,0.0,,,0
AAPL,NQ100,H1,bear,2026-07-30T19:30:00+00:00,2026-07-31T13:30:00+00:00,2026-07-31 15:30:00+00:00,5,1,1,1,1,1,NY,333.1600036621094,334.99301273121586,292.70001220703125,22.07299032884805,4.860254624317621,expiree,expiree,,,,,2026-09-10T17:30:00+00:00,0.0,0.0,,,0
MRVL,NQ100,H1,bear,2026-07-27T18:30:00+00:00,2026-07-29T14:30:00+00:00,2026-07-29 14:30:00+00:00,5,1,1,1,1,1,NY,186.65499877929688,190.62313766071688,162.8520050048828,5.998528399766122,5.6646575112124005,echec,echec,2026-07-31T13:30:00+00:00,NY,,2026-07-31T13:30:00+00:00,,0.0,3.7032,,-1.0,1
MU,NQ100,H1,bear,2026-07-27T19:30:00+00:00,2026-07-28T13:30:00+00:00,2026-07-28 15:30:00+00:00,5,1,1,1,1,1,NY,897.77001953125,902.6836680752704,750.739990234375,29.92278100064817,30.073507989782982,echec,echec,2026-07-31T13:30:00+00:00,NY,,2026-07-31T13:30:00+00:00,,14.1422,6.7384,,-1.0,1
PANW,NQ100,H1,bear,2026-07-21T19:30:00+00:00,2026-07-23T13:30:00+00:00,2026-07-23 13:30:00+00:00,5,1,1,1,1,1,NY,340.7099914550781,343.6094634802837,316.25,8.43601567542075,6.189513746298427,reaction,reaction,2026-08-03T15:30:00+00:00,,2026-08-03T15:30:00+00:00,,,1.4278,0.034,1.0,1.0,1
MSFT,NQ100,H1,bull,2026-07-31T18:30:00+00:00,2026-08-04T13:30:00+00:00,2026-08-04 13:30:00+00:00,5,1,1,1,1,1,NY,462.9100036621094,460.75930392135956,495.8800048828125,15.32989500859313,7.013628604059104,expiree,expiree,,,,,2026-09-11T16:30:00+00:00,0.0,0.0,,,0
MU,NQ100,H1,bull,2026-04-23T18:30:00+00:00,2026-04-27T13:30:00+00:00,2026-08-05 13:30:00+00:00,5,1,1,1,1,1,NY,478.9750061035156,472.6729094459235,1255.0,123.13758992598244,10.542055222155005,expiree,expiree,,,,,2026-05-04T13:30:00+00:00,0.0,0.0,,,0
MELI,NQ100,H1,bull,2026-07-24T19:30:00+00:00,2026-07-27T13:30:00+00:00,2026-07-27 15:30:00+00:00,5,1,1,1,1,1,NY,1812.8321533203125,1796.3839431441384,1863.199951171875,3.0622053896491526,17.92172305473112,echec,echec,2026-08-06T13:30:00+00:00,NY,,2026-08-06T13:30:00+00:00,,1.2036,2.8314,,-1.0,1
AMZN,NQ100,H1,bull,2026-08-07T19:30:00+00:00,2026-08-10T14:30:00+00:00,2026-08-10 14:30:00+00:00,5,1,1,1,1,1,NY,274.8800048828125,273.7946108192319,282.7900085449219,7.287679127353016,2.5080521700504077,echec,echec,2026-08-11T13:30:00+00:00,NY,,2026-08-11T13:30:00+00:00,,3.5425,1.4925,,-1.0,1
NFLX,NQ100,H1,bull,2026-08-07T19:30:00+00:00,2026-08-10T19:30:00+00:00,2026-08-10 19:30:00+00:00,5,1,1,1,1,1,NY,74.28500366210938,74.08057928732234,76.37000274658203,10.199366326274601,0.588426460584499,reaction,reaction,2026-08-11T18:30:00+00:00,,2026-08-11T18:30:00+00:00,,,2.5682,0.0,1.0,1.0,1
CSCO,NQ100,H1,bull,2026-08-03T19:30:00+00:00,2026-08-04T19:30:00+00:00,2026-08-04 19:30:00+00:00,5,1,1,1,1,1,NY,116.04000091552734,115.48376051515764,122.88999938964844,12.314816524596694,1.124808007394069,echec,echec,2026-08-13T13:30:00+00:00,NY,,2026-08-13T13:30:00+00:00,,0.0,8.1979,,-1.0,1
AMD,NQ100,H1,bull,2026-08-13T19:30:00+00:00,2026-08-14T13:30:00+00:00,2026-08-14 15:30:00+00:00,5,1,1,1,1,1,NY,487.1400146484375,481.7142185882126,549.0,11.401089289927764,7.115774720123201,echec,echec,2026-08-18T13:30:00+00:00,NY,,2026-08-18T13:30:00+00:00,,0.8607,1.7841,,-1.0,1
LIN,NQ100,H1,bear,2026-08-14T19:30:00+00:00,2026-08-17T14:30:00+00:00,2026-08-17 14:30:00+00:00,5,1,1,1,1,1,NY,482.6600036621094,483.61535745326773,466.8819885253906,16.51536350485199,2.607442034104576,reaction,reaction,2026-08-18T13:30:00+00:00,NY,2026-08-18T13:30:00+00:00,,,5.1813,0.8583,1.0,1.0,1
CEG,NQ100,H1,bull,2026-08-10T19:30:00+00:00,2026-08-12T13:30:00+00:00,2026-08-12 13:30:00+00:00,5,1,1,1,1,1,NY,272.6700134277344,270.0113997630196,290.8999938964844,6.856949812114109,3.7722488802331338,echec,echec,2026-08-18T17:30:00+00:00,,,2026-08-18T17:30:00+00:00,,1.5008,2.4449,,-1.0,1
LRCX,NQ100,H1,bear,2026-08-18T19:30:00+00:00,2026-08-19T13:30:00+00:00,2026-08-19 15:30:00+00:00,5,1,1,1,1,1,NY,325.2799987792969,328.68397115787377,305.92999267578125,5.68453675631919,6.279520813725814,expiree,expiree,,,,,2026-09-14T16:30:00+00:00,0.0,0.0,,,0
AZN,NQ100,H1,bull,2026-08-18T19:30:00+00:00,2026-08-19T18:30:00+00:00,2026-08-19 18:30:00+00:00,5,1,1,1,1,1,NY,160.33999633789062,159.86912570071127,175.03500366210938,31.208162420671957,1.0174493646808416,expiree,expiree,,,,,2026-08-25T13:30:00+00:00,0.0,0.0,,,0
ASML,NQ100,H1,bull,2026-08-10T19:30:00+00:00,2026-08-11T13:30:00+00:00,2026-08-11 14:30:00+00:00,5,1,1,1,1,1,NY,1756.0899658203125,1731.6050423146298,1823.574951171875,2.756185263797128,24.10032558240129,reaction,reaction,2026-08-19T13:30:00+00:00,NY,2026-08-19T13:30:00+00:00,,,1.9677,0.2906,1.0,1.0,1
ORLY,NQ100,H1,bear,2026-08-13T18:30:00+00:00,2026-08-14T19:30:00+00:00,2026-08-14 19:30:00+00:00,5,1,1,1,1,1,NY,92.68370056152344,92.98829705541043,88.44499969482422,13.915790075613415,0.5659594187553835,reaction,reaction,2026-08-19T13:30:00+00:00,NY,2026-08-19T13:30:00+00:00,,,6.9393,0.2833,1.0,1.0,1
PDD,NQ100,H1,bear,2026-08-12T19:30:00+00:00,2026-08-13T13:30:00+00:00,2026-08-13 15:30:00+00:00,5,1,1,1,1,1,NY,88.7699966430664,89.11851704102894,82.5199966430664,17.93295324043538,0.7703041994851201,echec,echec,2026-08-19T13:30:00+00:00,NY,,2026-08-19T13:30:00+00:00,,2.525,1.6785,,-1.0,1
PEP,NQ100,H1,bear,2026-07-29T19:30:00+00:00,2026-07-31T13:30:00+00:00,2026-07-31 13:30:00+00:00,5,1,1,1,1,1,NY,142.92999267578125,143.73951531324198,134.4073944091797,10.52793074858884,1.1904527492146542,reaction,reaction,2026-08-19T17:30:00+00:00,,2026-08-19T17:30:00+00:00,,,1.4329,0.0,1.0,1.0,1
COST,NQ100,H1,bull,2026-08-18T19:30:00+00:00,2026-08-19T13:30:00+00:00,2026-08-19 14:30:00+00:00,5,1,1,1,1,1,NY,962.5399780273438,960.2449268160041,987.552490234375,10.898454937931769,5.702049617417942,echec,echec,2026-08-19T18:30:00+00:00,,,2026-08-19T18:30:00+00:00,,2.5638,2.1307,,-1.0,1
XAUUSD,METAUX,H1,bull,2026-08-19T11:00:00+00:00,2026-08-19T19:00:00+00:00,2026-08-20 07:00:00+00:00,5,1,1,1,1,1,NY,4422.39990234375,4416.654296342024,4583.7998046875,28.091014645848116,20.91797940950624,expiree,expiree,,,,,2026-08-21T03:00:00+00:00,0.0,0.0,,,0
CRWD,NQ100,H1,bear,2026-08-19T19:30:00+00:00,2026-08-20T13:30:00+00:00,2026-08-20 14:30:00+00:00,5,1,1,1,1,1,NY,200.52670288085938,202.45145405177476,177.74679565429688,11.835247885953324,3.429105449557538,expiree,expiree,,,,,2026-08-31T17:30:00+00:00,0.0,0.0,,,0
MAR,NQ100,H1,bull,2026-08-18T19:30:00+00:00,2026-08-19T13:30:00+00:00,2026-08-19 14:30:00+00:00,5,1,1,1,1,1,NY,358.1600036621094,356.84971032626356,376.010009765625,13.622908409278592,2.405817888790792,echec,echec,2026-08-20T13:30:00+00:00,NY,,2026-08-20T13:30:00+00:00,,0.0687,2.7398,,-1.0,1
COPPER,METAUX,H1,bear,2026-08-18T12:00:00+00:00,2026-08-18T14:00:00+00:00,2026-08-20 05:00:00+00:00,5,1,1,1,1,1,NY,6.559000015258789,6.568722787753652,6.369999885559082,19.438913108330937,0.03445750983378606,reaction,reaction,2026-08-21T02:00:00+00:00,,2026-08-21T02:00:00+00:00,,,3.8055,0.0,1.0,1.0,1
COPPER,METAUX,H1,bear,2026-08-18T06:00:00+00:00,2026-08-18T07:00:00+00:00,2026-08-20 05:00:00+00:00,5,1,1,1,1,1,London,6.577000141143799,6.588622690136755,6.369999885559082,17.810228695114294,0.02245189538646893,reaction,reaction,2026-08-21T06:00:00+00:00,London,2026-08-21T06:00:00+00:00,,,3.4846,0.0,1.0,1.0,1
ADP,NQ100,H1,bull,2026-08-19T19:30:00+00:00,2026-08-20T13:30:00+00:00,2026-08-20 14:30:00+00:00,5,1,1,1,1,1,NY,277.8500061035156,276.405152637814,280.5799865722656,1.8894514451154651,2.0971425562202852,reaction,reaction,2026-08-21T13:30:00+00:00,NY,2026-08-21T13:30:00+00:00,,,2.1663,0.5675,1.0,1.0,1
CDNS,NQ100,H1,bear,2026-08-18T13:30:00+00:00,2026-08-19T13:30:00+00:00,2026-08-19 15:30:00+00:00,5,1,1,1,1,1,NY,321.8399963378906,323.78797716209385,312.0101013183594,5.046197014568621,3.1594455856271804,echec,echec,2026-08-25T13:30:00+00:00,NY,,2026-08-25T13:30:00+00:00,,2.1278,3.4189,,-1.0,1
MELI,NQ100,H1,bull,2026-08-21T19:30:00+00:00,2026-08-24T13:30:00+00:00,2026-08-24 14:30:00+00:00,5,1,1,1,1,1,NY,1925.050048828125,1909.9540225153444,1986.0,4.037483103767078,21.11974500561375,reaction,reaction,2026-08-25T13:30:00+00:00,NY,2026-08-25T13:30:00+00:00,,,5.0318,0.0,1.0,1.0,1
MELI,NQ100,H1,bull,2026-08-24T19:30:00+00:00,2026-08-25T13:30:00+00:00,2026-08-25 14:30:00+00:00,5,1,1,1,1,1,NY,1957.219970703125,1946.350576309293,2008.2198486328125,4.692062508894549,23.589059751640093,reaction,reaction,2026-08-25T17:30:00+00:00,,2026-08-25T17:30:00+00:00,,,3.9616,0.8574,1.0,1.0,1
MDLZ,NQ100,H1,bull,2026-08-18T19:30:00+00:00,2026-08-19T18:30:00+00:00,2026-08-19 18:30:00+00:00,5,1,1,1,1,1,NY,62.94499969482422,62.579597892478816,66.6500015258789,10.139528068207133,0.40801163284557485,reaction,reaction,2026-08-25T18:30:00+00:00,,2026-08-25T18:30:00+00:00,,,1.1768,0.0,1.0,1.0,1
GBPUSD,FOREX,H1,bear,2026-08-26T11:00:00+00:00,2026-08-27T08:00:00+00:00,2026-08-27 08:00:00+00:00,5,1,1,1,1,1,NY,1.362583577632904,1.3630847389463507,1.354866623878479,15.398143366958026,0.0007403988916128596,expiree,expiree,,,,,2026-08-28T15:00:00+00:00,0.0,0.0,,,0
PEP,NQ100,H1,bull,2026-08-18T19:30:00+00:00,2026-08-19T17:30:00+00:00,2026-08-19 17:30:00+00:00,5,1,1,1,1,1,NY,140.42999267578125,140.03828314347015,145.22999572753906,12.25398581300195,0.8343737516908959,echec,echec,2026-08-27T13:30:00+00:00,NY,,2026-08-27T13:30:00+00:00,,0.868,1.7743,,-1.0,1
AZN,NQ100,H1,bull,2026-08-20T13:30:00+00:00,2026-08-21T13:30:00+00:00,2026-08-21 13:30:00+00:00,5,1,1,1,1,1,NY,163.29500579833984,162.58558116174788,175.03500366210938,16.548618779533594,1.1884622142612686,echec,echec,2026-08-28T13:30:00+00:00,NY,,2026-08-28T13:30:00+00:00,,0.3453,1.3039,,-1.0,1
GBPCHF,FOREX,H1,bear,2026-08-27T07:00:00+00:00,2026-08-27T12:00:00+00:00,2026-08-27 12:00:00+00:00,5,1,1,1,1,1,London,1.0948100090026855,1.0952228117158547,1.0914100408554077,8.236302812004215,0.0010558131745159844,echec,echec,2026-08-28T14:00:00+00:00,NY,,2026-08-28T14:00:00+00:00,,9.3022,2.4465,,-1.0,1
HON,NQ100,H1,bear,2026-08-28T19:30:00+00:00,2026-08-31T18:30:00+00:00,2026-08-31 18:30:00+00:00,5,1,1,1,1,1,NY,217.32000732421875,217.9304540485403,212.27999877929688,8.256262740247074,1.4090687637746568,expiree,expiree,,,,,2026-09-02T17:30:00+00:00,0.0,0.0,,,0
BKNG,NQ100,H1,bear,2026-08-28T19:30:00+00:00,2026-08-31T19:30:00+00:00,2026-08-31 19:30:00+00:00,5,1,1,1,1,1,NY,205.1300048828125,205.7618992109711,190.3699951171875,23.358351401312408,1.6381307037969732,expiree,expiree,,,,,2026-09-08T13:30:00+00:00,0.0,0.0,,,0
AUDJPY,FOREX,H1,bull,2026-08-27T09:00:00+00:00,2026-08-27T11:00:00+00:00,2026-08-27 11:00:00+00:00,5,1,1,1,1,1,London,114.43800354003906,114.3673878248967,114.58399963378906,2.0674731319460626,0.11226547472228646,reaction,reaction,2026-08-31T01:00:00+00:00,,2026-08-31T01:00:00+00:00,,,2.2374,0.1275,1.0,1.0,1
AMGN,NQ100,H1,bull,2026-08-18T19:30:00+00:00,2026-08-19T18:30:00+00:00,2026-08-19 18:30:00+00:00,5,1,1,1,1,1,NY,426.0299987792969,424.9441953484842,443.1099853515625,15.730275008876887,3.3158000615661303,reaction,reaction,2026-08-31T13:30:00+00:00,NY,2026-08-31T13:30:00+00:00,,,5.3601,0.0276,1.0,1.0,1
PDD,NQ100,H1,bear,2026-08-28T19:30:00+00:00,2026-09-01T13:30:00+00:00,2026-09-01 13:30:00+00:00,5,1,1,1,1,1,NY,85.58000183105469,85.77493167648957,82.41000366210938,16.262251487826838,0.6986762544008829,expiree,expiree,,,,,2026-09-08T14:30:00+00:00,0.0,0.0,,,0
SHOP,NQ100,H1,bear,2026-08-28T18:30:00+00:00,2026-09-01T13:30:00+00:00,2026-09-01 14:30:00+00:00,5,1,1,1,1,1,NY,153.0399932861328,153.67292088276872,116.69000244140625,57.431515133692066,2.0582711709995896,expiree,expiree,,,,,2026-09-08T13:30:00+00:00,0.0,0.0,,,0
EURNZD,FOREX,H1,bull,2026-09-01T07:00:00+00:00,2026-09-01T08:00:00+00:00,2026-09-01 09:00:00+00:00,5,1,1,1,1,1,London,1.9636800289154053,1.9624358517042022,1.9693399667739868,4.549141237773208,0.0020835755045782276,reaction,reaction,2026-09-01T12:00:00+00:00,,2026-09-01T12:00:00+00:00,,,2.9899,0.0,1.0,1.0,1
CSX,NQ100,H1,bull,2026-08-14T19:30:00+00:00,2026-08-17T14:30:00+00:00,2026-08-17 14:30:00+00:00,5,1,1,1,1,1,NY,50.189998626708984,50.0110898966432,51.58000183105469,7.769342523612981,0.2782325847141334,echec,echec,2026-09-01T13:30:00+00:00,NY,,2026-09-01T13:30:00+00:00,,1.6209,3.0088,,-1.0,1
QCOM,NQ100,H1,bull,2026-08-28T19:30:00+00:00,2026-08-31T17:30:00+00:00,2026-08-31 17:30:00+00:00,5,1,1,1,1,1,NY,164.2449951171875,163.71193640572812,171.19000244140625,13.028597366329752,1.7613329205936017,echec,echec,2026-09-01T13:30:00+00:00,NY,,2026-09-01T13:30:00+00:00,,4.5117,3.8176,,-1.0,1
GBPJPY,FOREX,H1,bear,2026-09-02T08:00:00+00:00,2026-09-02T12:00:00+00:00,2026-09-02 12:00:00+00:00,5,1,1,1,1,1,London,215.75,215.87068828332238,214.91799926757812,6.893798714490381,0.23389506097884127,expiree,expiree,,,,,2026-09-03T01:00:00+00:00,0.0,0.0,,,0
PDD,NQ100,H1,bear,2026-09-02T14:30:00+00:00,2026-09-03T13:30:00+00:00,2026-09-03 13:30:00+00:00,5,1,1,1,1,1,NY,82.93000030517578,83.4429022409736,80.80000305175781,4.15283527855043,0.5580265089250757,expiree,expiree,,,,,2026-09-09T15:30:00+00:00,0.0,0.0,,,0
MRVL,NQ100,H1,bear,2026-08-31T19:30:00+00:00,2026-09-01T13:30:00+00:00,2026-09-01 14:30:00+00:00,5,1,1,1,1,1,NY,211.03500366210938,212.34417764445388,177.57000732421875,25.561916742311524,4.283455232827525,reaction,reaction,2026-09-03T14:30:00+00:00,NY,2026-09-03T14:30:00+00:00,,,3.7237,0.3628,1.0,1.0,1
NAS100,NQ100,H1,bear,2026-08-31T19:30:00+00:00,2026-09-01T13:30:00+00:00,2026-09-01 15:30:00+00:00,5,1,1,1,1,1,NY,29393.791015625,29489.301294458535,28878.876953125,5.391190024661565,126.80713917068542,reaction,reaction,2026-09-03T14:30:00+00:00,NY,2026-09-03T14:30:00+00:00,,,1.8686,0.9919,1.0,1.0,1
MRVL,NQ100,H1,bull,2026-09-03T19:30:00+00:00,2026-09-04T13:30:00+00:00,2026-09-04 15:30:00+00:00,5,1,1,1,1,1,NY,208.53499603271484,206.05161254899858,254.5800018310547,18.54123863682771,3.567663570809811,expiree,expiree,,,,,2026-09-09T13:30:00+00:00,0.0,0.0,,,0
WDAY,NQ100,H1,bear,2026-09-03T17:30:00+00:00,2026-09-04T19:30:00+00:00,2026-09-04 19:30:00+00:00,5,1,1,1,1,1,NY,207.55499267578125,208.7300499287374,189.24859619140625,15.579152793041082,2.801071816935762,expiree,expiree,,,,,2026-09-08T15:30:00+00:00,0.0,0.0,,,0
AMAT,NQ100,H1,bear,2026-08-31T19:30:00+00:00,2026-09-02T13:30:00+00:00,2026-09-02 13:30:00+00:00,5,1,1,1,1,1,NY,457.3399963378906,459.41456058597686,431.1199951171875,12.638799326119132,5.291333789849138,echec,echec,2026-09-04T13:30:00+00:00,NY,,2026-09-04T13:30:00+00:00,,6.7388,1.3786,,-1.0,1
ASML,NQ100,H1,bear,2026-08-31T19:30:00+00:00,2026-09-01T13:30:00+00:00,2026-09-01 14:30:00+00:00,5,1,1,1,1,1,NY,1691.4200439453125,1697.8880188995709,1582.0,16.917202790538497,14.9600850226673,echec,echec,2026-09-04T13:30:00+00:00,NY,,2026-09-04T13:30:00+00:00,,2.3956,4.6645,,-1.0,1
LRCX,NQ100,H1,bear,2026-08-28T18:30:00+00:00,2026-09-01T13:30:00+00:00,2026-09-01 13:30:00+00:00,5,1,1,1,1,1,NY,304.9200134277344,307.0216623224497,276.8446960449219,13.358709655741798,4.03309996461837,echec,echec,2026-09-04T13:30:00+00:00,NY,,2026-09-04T13:30:00+00:00,,3.5877,2.5599,,-1.0,1
INTC,NQ100,H1,bear,2026-08-18T19:30:00+00:00,2026-08-19T13:30:00+00:00,2026-08-19 14:30:00+00:00,5,1,1,1,1,1,NY,96.08000183105469,97.00496964498335,85.62000274658203,11.308500606140447,1.9994173137293572,reaction,reaction,2026-09-04T16:30:00+00:00,,2026-09-04T16:30:00+00:00,,,1.5352,0.0,1.0,1.0,1
NFLX,NQ100,H1,bull,2026-08-18T19:30:00+00:00,2026-08-19T13:30:00+00:00,2026-08-19 14:30:00+00:00,5,1,1,1,1,1,NY,78.47000122070312,77.70929524192432,81.93000030517578,4.548405272201437,0.8140951615135749,echec,echec,2026-09-04T19:30:00+00:00,,,2026-09-08T13:30:00+00:00,,0.2958,3.3522,,-1.0,1
AVAX,CRYPTO,H1,bull,2026-09-05T15:00:00+00:00,2026-09-06T01:00:00+00:00,2026-09-06 01:00:00+00:00,5,1,1,1,1,1,NY,7.556,7.524503317939571,7.724,5.333895160057718,0.04993364120859484,reaction,reaction,2026-09-06T14:00:00+00:00,NY,2026-09-06T14:00:00+00:00,,,4.0639,0.762,1.0,1.0,1
ADBE,NQ100,H1,bear,2026-09-03T19:30:00+00:00,2026-09-08T13:30:00+00:00,2026-09-08 13:30:00+00:00,5,1,1,1,1,1,NY,285.2149963378906,286.1979411830558,251.20010375976562,34.605087707042166,3.9588236611152174,expiree,expiree,,,,,2026-09-10T13:30:00+00:00,0.0,0.0,,,0
ADI,NQ100,H1,bull,2026-09-03T18:30:00+00:00,2026-09-08T14:30:00+00:00,2026-09-08 14:30:00+00:00,5,1,1,1,1,1,NY,354.8999938964844,353.72498234782125,366.7200012207031,10.059481830342055,3.1004506998251906,expiree,expiree,,,,,2026-09-11T14:30:00+00:00,0.0,0.0,,,0
CDNS,NQ100,H1,bear,2026-09-03T19:30:00+00:00,2026-09-08T17:30:00+00:00,2026-09-08 17:30:00+00:00,5,1,1,1,1,1,NY,303.7799987792969,305.14082550628996,286.3800048828125,12.786340502682403,3.6166810242366383,expiree,expiree,,,,,2026-09-15T18:30:00+00:00,0.0,0.0,,,0
ADP,NQ100,H1,bull,2026-08-18T19:30:00+00:00,2026-08-19T13:30:00+00:00,2026-08-19 15:30:00+00:00,5,1,1,1,1,1,NY,270.50750732421875,269.06594381302847,280.5799865722656,6.987190761876423,2.481172567555756,reaction,reaction,2026-09-08T13:30:00+00:00,NY,2026-09-08T13:30:00+00:00,,,2.8112,0.6642,1.0,1.0,1
ASML,NQ100,H1,bear,2026-08-26T19:30:00+00:00,2026-08-27T14:30:00+00:00,2026-08-27 14:30:00+00:00,5,1,1,1,1,1,NY,1745.8399658203125,1746.9019146462801,1698.7900390625,44.305267454804735,14.039269488103903,echec,echec,2026-09-08T13:30:00+00:00,NY,,2026-09-08T13:30:00+00:00,,2.5896,41.584,,-1.0,1
VRTX,NQ100,H1,bull,2026-08-18T19:30:00+00:00,2026-08-19T13:30:00+00:00,2026-08-19 14:30:00+00:00,5,1,1,1,1,1,NY,528.3499755859375,526.4311121599851,546.8599853515625,9.646340388419187,4.777415003422992,echec,echec,2026-09-08T13:30:00+00:00,NY,,2026-09-08T13:30:00+00:00,,3.4604,4.2473,,-1.0,1
BRENT,ENERGIE,H1,bull,2026-09-09T05:00:00+00:00,2026-09-09T07:00:00+00:00,2026-09-09 07:00:00+00:00,5,1,1,1,1,1,London,99.05000305175781,98.7991213046928,100.18000030517578,4.504103094934057,0.6176105272376811,expiree,expiree,,,,,2026-09-10T12:00:00+00:00,0.0,0.0,,,0
REGN,NQ100,H1,bear,2026-09-04T17:30:00+00:00,2026-09-09T13:30:00+00:00,2026-09-09 13:30:00+00:00,5,1,1,1,1,1,NY,831.6400146484375,834.5069232901317,779.0800170898438,18.333335354395444,6.738807599507503,expiree,expiree,,,,,2026-09-15T13:30:00+00:00,0.0,0.0,,,0
NVDA,NQ100,H1,bull,2026-09-02T19:30:00+00:00,2026-09-03T17:30:00+00:00,2026-09-03 17:30:00+00:00,5,1,1,1,1,1,NY,224.41400146484375,223.6131849385315,232.27999877929688,9.822471260272286,2.338352010619859,echec,echec,2026-09-09T13:30:00+00:00,NY,,2026-09-09T13:30:00+00:00,,2.2052,1.0789,,-1.0,1
USDCHF,FOREX,H1,bear,2026-09-09T09:00:00+00:00,2026-09-09T11:00:00+00:00,2026-09-09 11:00:00+00:00,5,1,1,1,1,1,London,0.8096100091934204,0.8104508260088806,0.8073700070381165,2.6640786841042057,0.0010163370721447368,echec,echec,2026-09-09T15:00:00+00:00,NY,,2026-09-09T15:00:00+00:00,,2.8425,1.6531,,-1.0,1
AAPL,NQ100,H1,bear,2026-09-08T19:30:00+00:00,2026-09-09T13:30:00+00:00,2026-09-09 14:30:00+00:00,5,1,1,1,1,1,NY,315.80010986328125,316.8037762495378,309.40008544921875,6.376645169848841,2.275476162631472,echec,echec,2026-09-09T18:30:00+00:00,,,2026-09-09T18:30:00+00:00,,3.836,3.3376,,-1.0,1
XPTUSD,METAUX,H1,bear,2026-09-10T09:00:00+00:00,2026-09-10T16:00:00+00:00,2026-09-10 16:00:00+00:00,5,1,1,1,1,1,London,1872.4000244140625,1876.1812166748439,1785.0999755859375,23.08796876942843,15.62384521562616,expiree,expiree,,,,,2026-09-23T03:00:00+00:00,0.0,0.0,,,0
AMD,NQ100,H1,bull,2026-09-08T19:30:00+00:00,2026-09-09T13:30:00+00:00,2026-09-09 14:30:00+00:00,5,1,1,1,1,1,NY,505.9599914550781,502.81333756585326,549.0,13.678024358606592,7.133517237622384,reaction,reaction,2026-09-10T13:30:00+00:00,NY,2026-09-10T13:30:00+00:00,,,3.2963,0.6133,1.0,1.0,1
MRVL,NQ100,H1,bull,2026-09-08T19:30:00+00:00,2026-09-09T13:30:00+00:00,2026-09-09 14:30:00+00:00,5,1,1,1,1,1,NY,227.2100067138672,223.7404047136559,254.5800018310547,7.888511453336921,4.392040004226173,reaction,reaction,2026-09-10T19:30:00+00:00,,2026-09-11T13:30:00+00:00,,,3.4442,0.3055,1.0,1.0,1
RBOB,ENERGIE,H1,bull,2026-09-11T06:00:00+00:00,2026-09-11T07:00:00+00:00,2026-09-11 08:00:00+00:00,5,1,1,1,1,1,London,3.178100109100342,3.161144345562565,3.3931000232696533,12.680049098956788,0.039113172672036275,echec,echec,2026-09-11T09:00:00+00:00,London,,2026-09-11T09:00:00+00:00,,10.4212,2.1704,,-1.0,1
BTC,CRYPTO,H1,bull,2026-09-12T12:00:00+00:00,2026-09-12T14:00:00+00:00,2026-09-12 14:00:00+00:00,5,1,1,1,1,1,NY,77356.05,77277.47684367682,79890.0,32.24956357330889,250.4631264635748,echec,echec,2026-09-12T16:00:00+00:00,,,2026-09-12T17:00:00+00:00,,0.7377,2.3606,,-1.0,1
GOOGL,NQ100,H1,bull,2026-09-11T19:30:00+00:00,2026-09-14T13:30:00+00:00,2026-09-14 15:30:00+00:00,5,1,1,1,1,1,NY,339.0799865722656,337.9549247695585,349.1400146484375,8.941755956841943,2.701431366642424,expiree,expiree,,,,,2026-09-22T13:30:00+00:00,0.0,0.0,,,0
ADSK,NQ100,H1,bear,2026-09-04T18:30:00+00:00,2026-09-09T13:30:00+00:00,2026-09-09 13:30:00+00:00,5,1,1,1,1,1,NY,217.97500610351562,219.878096237749,204.47999572753906,7.091104164339984,3.3617904776361183,echec,echec,2026-09-14T13:30:00+00:00,NY,,2026-09-14T13:30:00+00:00,,0.0,3.0845,,-1.0,1
AMZN,NQ100,H1,bull,2026-09-10T18:30:00+00:00,2026-09-11T18:30:00+00:00,2026-09-11 18:30:00+00:00,5,1,1,1,1,1,NY,252.05250549316406,251.36225069528467,257.989990234375,8.601873915910694,1.5550349224316775,echec,echec,2026-09-14T13:30:00+00:00,NY,,2026-09-14T13:30:00+00:00,,4.5599,1.887,,-1.0,1
AUDNZD,FOREX,H1,bull,2026-09-14T13:00:00+00:00,2026-09-14T14:00:00+00:00,2026-09-14 15:00:00+00:00,5,1,1,1,1,1,NY,1.2348099946975708,1.2338139435588644,1.2368700504302979,2.0682228579172657,0.0015222610248599043,reaction,reaction,2026-09-14T16:00:00+00:00,,2026-09-14T20:00:00+00:00,,,1.2349,0.7831,1.0,1.0,1
BCH,CRYPTO,H1,bear,2026-09-12T15:00:00+00:00,2026-09-13T08:00:00+00:00,2026-09-13 08:00:00+00:00,5,1,1,1,1,1,NY,230.6,231.18354216970718,220.0,18.16492543344199,1.670843394143844,reaction,reaction,2026-09-14T20:00:00+00:00,,2026-09-14T20:00:00+00:00,,,7.0261,0.0,1.0,1.0,1
MELI,NQ100,H1,bear,2026-09-14T19:30:00+00:00,2026-09-15T19:30:00+00:00,2026-09-15 19:30:00+00:00,5,1,1,1,1,1,NY,1893.68505859375,1907.3859263758516,1771.0,8.954546569234275,19.16628142328149,expiree,expiree,,,,,2026-09-25T13:30:00+00:00,0.0,0.0,,,0
BCH,CRYPTO,H1,bear,2026-09-15T13:00:00+00:00,2026-09-15T14:00:00+00:00,2026-09-15 15:00:00+00:00,5,1,1,1,1,1,NY,223.10000000000002,225.01970075190295,215.7,3.8547674644939893,2.3940150380587744,reaction,reaction,2026-09-15T16:00:00+00:00,,2026-09-15T16:00:00+00:00,,,1.6669,0.0,1.0,1.0,1
NFLX,NQ100,H1,bear,2026-09-16T17:30:00+00:00,2026-09-17T19:30:00+00:00,2026-09-17 19:30:00+00:00,5,1,1,1,1,1,NY,77.29979705810547,77.4755714975906,75.02999877929688,12.913130518050576,0.5114909869682307,expiree,expiree,,,,,2026-09-18T13:30:00+00:00,0.0,0.0,,,0
SOL,CRYPTO,H1,bear,2026-09-15T12:00:00+00:00,2026-09-15T14:00:00+00:00,2026-09-15 16:00:00+00:00,5,1,1,1,1,1,NY,100.86,101.25427237036443,98.02,7.203142328677352,0.8854474072886862,reaction,reaction,2026-09-17T09:00:00+00:00,London,2026-09-17T09:00:00+00:00,,,1.7501,0.0761,1.0,1.0,1
XAUUSD,METAUX,H1,bear,2026-09-11T13:00:00+00:00,2026-09-14T09:00:00+00:00,2026-09-14 09:00:00+00:00,5,1,1,1,1,1,NY,4433.39990234375,4445.9453931370235,4317.2998046875,9.25432887157344,20.909815865471803,reaction,reaction,2026-09-17T12:00:00+00:00,,2026-09-17T12:00:00+00:00,,,3.9536,0.0,1.0,1.0,1
MU,NQ100,H1,bull,2026-09-16T18:30:00+00:00,2026-09-18T13:30:00+00:00,2026-09-18 13:30:00+00:00,5,1,1,1,1,1,NY,926.5999755859375,917.0403624573628,1030.0,10.816339847999572,12.193239133994613,expiree,expiree,,,,,2026-09-21T13:30:00+00:00,0.0,0.0,,,0
ETH,CRYPTO,H1,bull,2026-09-18T12:00:00+00:00,2026-09-18T13:00:00+00:00,2026-09-18 14:00:00+00:00,5,1,1,1,1,1,NY,2508.12,2499.3564519634724,2615.0,12.195973543422356,20.870960730552063,expiree,expiree,,,,,2026-09-21T00:00:00+00:00,0.0,0.0,,,0
PEP,NQ100,H1,bear,2026-09-17T18:30:00+00:00,2026-09-18T19:30:00+00:00,2026-09-18 19:30:00+00:00,5,1,1,1,1,1,NY,133.88499450683594,134.44975856126794,129.5500030517578,7.675756665211145,0.7950979831711269,expiree,expiree,,,,,2026-09-28T14:30:00+00:00,0.0,0.0,,,0
ASML,NQ100,H1,bull,2026-09-03T18:30:00+00:00,2026-09-08T13:30:00+00:00,2026-09-08 14:30:00+00:00,5,1,1,1,1,1,NY,1645.594970703125,1638.6318232977198,1806.1700439453125,23.060702853646454,19.76343638935261,echec,echec,2026-09-18T13:30:00+00:00,NY,,2026-09-18T13:30:00+00:00,,1.0922,2.4881,,-1.0,1
AMAT,NQ100,H1,bull,2026-09-03T18:30:00+00:00,2026-09-08T13:30:00+00:00,2026-09-08 13:30:00+00:00,5,1,1,1,1,1,NY,435.614990234375,434.34167678340685,482.739990234375,37.00974018940046,5.766561988112744,echec,echec,2026-09-18T14:30:00+00:00,NY,,2026-09-18T14:30:00+00:00,,0.3024,4.5817,,-1.0,1
SUI,CRYPTO,H1,bull,2026-09-19T15:00:00+00:00,2026-09-19T19:00:00+00:00,2026-09-19 19:00:00+00:00,5,1,1,1,1,1,NY,0.8453,0.8371614696942135,0.8872,5.148349692844238,0.014770606115731222,reaction,reaction,2026-09-19T21:00:00+00:00,,2026-09-19T21:00:00+00:00,,,3.6985,0.0,1.0,1.0,1
BNB,CRYPTO,H1,bull,2026-09-18T12:00:00+00:00,2026-09-18T14:00:00+00:00,2026-09-18 14:00:00+00:00,5,1,1,1,1,1,NY,749.28,744.7209465372198,780.64,6.87862080495897,5.581069255605152,reaction,reaction,2026-09-20T02:00:00+00:00,,2026-09-20T02:00:00+00:00,,,3.0116,0.737,1.0,1.0,1
SUI,CRYPTO,H1,bull,2026-09-19T07:00:00+00:00,2026-09-19T09:00:00+00:00,2026-09-19 09:00:00+00:00,5,1,1,1,1,1,London,0.8163,0.8063812888331954,0.8447,2.863275230258484,0.012374223336094066,reaction,reaction,2026-09-20T02:00:00+00:00,,2026-09-20T02:00:00+00:00,,,5.2628,0.0,1.0,1.0,1
ISRG,NQ100,H1,bull,2026-09-17T19:30:00+00:00,2026-09-21T13:30:00+00:00,2026-09-21 13:30:00+00:00,5,1,1,1,1,1,NY,385.55999755859375,383.08303697722823,401.1000061035156,6.273821497940376,3.7195094788726304,expiree,expiree,,,,,2026-09-28T15:30:00+00:00,0.0,0.0,,,0
TON,CRYPTO,H1,bull,2026-09-21T13:00:00+00:00,2026-09-21T14:00:00+00:00,2026-09-21 16:00:00+00:00,5,1,1,1,1,1,NY,1.41,1.4065790907675486,1.641,67.52590738412351,0.008418184649027355,expiree,expiree,,,,,2026-09-23T06:00:00+00:00,0.0,0.0,,,0
MSTR,NQ100,H1,bull,2026-09-17T18:30:00+00:00,2026-09-22T13:30:00+00:00,2026-09-22 13:30:00+00:00,5,1,1,1,1,1,NY,132.6649932861328,131.20354059776506,171.1699981689453,26.34707588503418,3.429188044698912,expiree,expiree,,,,,2026-09-21T13:30:00+00:00,0.0,0.0,,,0
INTU,NQ100,H1,bear,2026-09-21T19:30:00+00:00,2026-09-22T13:30:00+00:00,2026-09-22 14:30:00+00:00,5,1,1,1,1,1,NY,303.7500915527344,305.03780016444097,277.56500244140625,20.33463849917506,4.556052116943862,expiree,expiree,,,,,2026-09-29T14:30:00+00:00,0.0,0.0,,,0
XAUUSD,METAUX,H1,bull,2026-09-17T09:00:00+00:00,2026-09-17T11:00:00+00:00,2026-09-17 13:00:00+00:00,5,1,1,1,1,1,London,4351.2998046875,4342.753180100769,4479.89990234375,15.046887382406728,22.93444485961164,reaction,reaction,2026-09-22T05:00:00+00:00,,2026-09-22T05:00:00+00:00,,,3.8495,0.0,1.0,1.0,1
TXN,NQ100,H1,bull,2026-09-21T13:30:00+00:00,2026-09-21T19:30:00+00:00,2026-09-21 19:30:00+00:00,5,1,1,1,1,1,NY,265.11000061035156,262.1035187790029,273.32501220703125,2.7324334745753602,2.3296488340045127,reaction,reaction,2026-09-22T13:30:00+00:00,NY,2026-09-22T13:30:00+00:00,,,2.0023,0.0,1.0,1.0,1
REGN,NQ100,H1,bear,2026-09-09T19:30:00+00:00,2026-09-10T13:30:00+00:00,2026-09-10 14:30:00+00:00,5,1,1,1,1,1,NY,807.1699829101562,808.4192816822003,779.0800170898438,22.48458611253743,6.386121925257587,echec,echec,2026-09-22T14:30:00+00:00,NY,,2026-09-22T14:30:00+00:00,,10.9314,1.6089,,-1.0,1
ETH,CRYPTO,H1,bull,2026-09-21T07:00:00+00:00,2026-09-21T15:00:00+00:00,2026-09-21 15:00:00+00:00,5,1,1,1,1,1,London,2662.89,2645.189009504036,2765.43,5.792896167216298,27.8198099192774,reaction,reaction,2026-09-23T14:00:00+00:00,NY,2026-09-23T14:00:00+00:00,,,3.4281,0.8604,1.0,1.0,1
GBPCHF,FOREX,H1,bear,2026-09-23T15:00:00+00:00,2026-09-23T17:00:00+00:00,2026-09-23 17:00:00+00:00,5,1,1,1,1,1,NY,1.093150019645691,1.0938064289886398,1.0901600122451782,4.5550957380959165,0.0013288513792415477,reaction,reaction,2026-09-23T21:00:00+00:00,,2026-09-23T21:00:00+00:00,,,3.58,0.0,1.0,1.0,1
CDNS,NQ100,H1,bull,2026-09-23T19:30:00+00:00,2026-09-24T13:30:00+00:00,2026-09-24 14:30:00+00:00,5,1,1,1,1,1,NY,310.8900146484375,307.9038761358676,342.375,10.543712295671918,3.9225993529600114,expiree,expiree,,,,,2026-10-01T13:30:00+00:00,0.0,0.0,,,0
NZDCHF,FOREX,H1,bull,2026-09-24T06:00:00+00:00,2026-09-24T07:00:00+00:00,2026-09-24 08:00:00+00:00,5,1,1,1,1,1,London,0.46786999702453613,0.46741460076132657,0.47040000557899475,5.555619926758975,0.0011077898424379736,reaction,reaction,2026-09-24T12:00:00+00:00,,2026-09-24T12:00:00+00:00,,,3.4915,0.2855,1.0,1.0,1
AVGO,NQ100,H1,bull,2026-09-17T19:30:00+00:00,2026-09-18T13:30:00+00:00,2026-09-18 15:30:00+00:00,5,1,1,1,1,1,NY,348.1600036621094,347.03352091240845,366.7799987792969,16.52932112997823,3.729606165894058,reaction,reaction,2026-09-24T13:30:00+00:00,NY,2026-09-24T13:30:00+00:00,,,1.3582,0.6835,1.0,1.0,1
MDLZ,NQ100,H1,bear,2026-09-17T18:30:00+00:00,2026-09-21T14:30:00+00:00,2026-09-21 14:30:00+00:00,5,1,1,1,1,1,NY,62.22999954223633,62.28948521515384,60.06999969482422,36.311261879938776,0.3896951478032817,reaction,reaction,2026-09-24T13:30:00+00:00,NY,2026-09-24T13:30:00+00:00,,,10.5908,0.0,1.0,1.0,1
MU,NQ100,H1,bull,2026-09-21T19:30:00+00:00,2026-09-22T13:30:00+00:00,2026-09-22 14:30:00+00:00,5,1,1,1,1,1,NY,1045.4599609375,1041.99548784183,1168.6800537109375,35.56676278636498,14.689852538400974,reaction,reaction,2026-09-24T13:30:00+00:00,NY,2026-09-24T13:30:00+00:00,,,4.4402,0.4214,1.0,1.0,1
SNPS,NQ100,H1,bull,2026-09-22T19:30:00+00:00,2026-09-23T13:30:00+00:00,2026-09-23 14:30:00+00:00,5,1,1,1,1,1,NY,409.7650146484375,408.7202693517488,445.8599853515625,34.54906264476874,4.194466480648482,echec,echec,2026-09-24T13:30:00+00:00,NY,,2026-09-24T13:30:00+00:00,,13.2903,2.627,,-1.0,1
EURUSD,FOREX,H1,bear,2026-09-24T07:00:00+00:00,2026-09-24T11:00:00+00:00,2026-09-24 11:00:00+00:00,5,1,1,1,1,1,London,1.1394068002700806,1.1401771167826447,1.1370097398757935,3.1117863309306357,0.0011250573631002112,reaction,reaction,2026-09-24T16:00:00+00:00,,2026-09-24T16:00:00+00:00,,,2.7761,0.0,1.0,1.0,1
NVDA,NQ100,H1,bear,2026-09-23T19:30:00+00:00,2026-09-24T13:30:00+00:00,2026-09-24 15:30:00+00:00,5,1,1,1,1,1,NY,225.10000610351562,225.88042243970148,218.0399932861328,9.046469800833991,1.6083877588732003,reaction,reaction,2026-09-24T19:30:00+00:00,,2026-09-24T19:30:00+00:00,,,2.1399,0.0,1.0,1.0,1
EURNZD,FOREX,H1,bull,2026-09-24T12:00:00+00:00,2026-09-24T14:00:00+00:00,2026-09-24 15:00:00+00:00,5,1,1,1,1,1,NY,2.0050199031829834,2.0032134858603583,2.013590097427368,4.744304727952066,0.0027306718919567373,reaction,reaction,2026-09-24T21:00:00+00:00,,2026-09-24T21:00:00+00:00,,,2.9673,0.0,1.0,1.0,1
NZDJPY,FOREX,H1,bear,2026-09-25T08:00:00+00:00,2026-09-25T10:00:00+00:00,2026-09-25 11:00:00+00:00,5,1,1,1,1,1,London,89.65849685668945,89.74957172761299,89.25800323486328,4.39741080898616,0.15149924952547378,expiree,expiree,,,,,2026-09-30T02:00:00+00:00,0.0,0.0,,,0
EURGBP,FOREX,H1,bull,2026-09-24T12:00:00+00:00,2026-09-24T23:00:00+00:00,2026-09-24 23:00:00+00:00,5,1,1,1,1,1,NY,0.8597300052642822,0.8594838305348037,0.8610000014305115,5.158921750089935,0.0005234797122514103,reaction,reaction,2026-09-25T13:00:00+00:00,NY,2026-09-25T13:00:00+00:00,,,2.4372,0.0,1.0,1.0,1
LINK,CRYPTO,H1,bull,2026-09-26T09:00:00+00:00,2026-09-26T10:00:00+00:00,2026-09-26 11:00:00+00:00,5,1,1,1,1,1,London,14.06,13.927031715744963,14.358,2.24113593455434,0.1993656851007246,echec,echec,2026-09-26T20:00:00+00:00,,,2026-09-26T20:00:00+00:00,,0.6167,1.3462,,-1.0,1
REGN,NQ100,H1,bear,2026-09-24T19:30:00+00:00,2026-09-25T14:30:00+00:00,2026-09-28 13:30:00+00:00,5,1,1,1,1,1,NY,795.2100219726562,796.5399815003004,747.0,36.249239898339624,6.799385865384372,expiree,expiree,,,,,2026-10-01T13:30:00+00:00,0.0,0.0,,,0
TXN,NQ100,H1,bull,2026-09-28T14:30:00+00:00,2026-09-28T15:30:00+00:00,2026-09-28 16:30:00+00:00,5,1,1,1,1,1,NY,275.9599914550781,273.76438595809725,286.2099914550781,4.668416076610544,2.7121587677426073,active,active,,,,,,0.0,0.0,,,0
TON,CRYPTO,H1,bull,2026-09-27T14:00:00+00:00,2026-09-27T15:00:00+00:00,2026-09-27 16:00:00+00:00,5,1,1,1,1,1,NY,1.599,1.5806340100904548,1.751,8.276167021141744,0.02731979819090641,reaction,reaction,2026-09-28T05:00:00+00:00,,2026-09-28T05:00:00+00:00,,,1.1979,0.5445,1.0,1.0,1
NZDUSD,FOREX,H1,bear,2026-09-29T02:00:00+00:00,2026-09-29T09:00:00+00:00,2026-09-29 09:00:00+00:00,5,1,1,1,1,1,London,0.567231684923172,0.5678686043170598,0.5643659234046936,4.499410044630177,0.0008335521767661351,expiree,expiree,,,,,2026-10-01T09:00:00+00:00,0.0,0.0,,,0
ADI,NQ100,H1,bull,2026-09-28T14:30:00+00:00,2026-09-29T13:30:00+00:00,2026-09-29 13:30:00+00:00,5,1,1,1,1,1,NY,391.19000244140625,387.9335080043986,431.8699951171875,12.491958289098687,3.9299375682772553,active,active,,,,,,0.0,0.0,,,0
AMAT,NQ100,H1,bull,2026-09-28T14:30:00+00:00,2026-09-29T13:30:00+00:00,2026-09-29 13:30:00+00:00,5,1,1,1,1,1,NY,475.2250061035156,471.03220154807815,514.47998046875,9.362462248407503,6.956066694686933,expiree,expiree,,,,,2026-10-02T13:30:00+00:00,0.0,0.0,,,0
LRCX,NQ100,H1,bull,2026-09-28T14:30:00+00:00,2026-09-29T13:30:00+00:00,2026-09-29 13:30:00+00:00,5,1,1,1,1,1,NY,308.47999572753906,305.3091907977456,345.2799987792969,11.605886791072596,4.516257287274947,expiree,expiree,,,,,2026-10-02T13:30:00+00:00,0.0,0.0,,,0
CTAS,NQ100,H1,bear,2026-09-29T19:30:00+00:00,2026-09-30T17:30:00+00:00,2026-09-30 17:30:00+00:00,5,1,1,1,1,1,NY,197.38499450683594,198.28346345531506,191.08999633789062,7.0063614102648115,1.269244692238669,active,active,,,,,,0.0,0.0,,,0
EURGBP,FOREX,H1,bear,2026-09-30T15:00:00+00:00,2026-09-30T21:00:00+00:00,2026-09-30 21:00:00+00:00,5,1,1,1,1,1,NY,0.855334997177124,0.8557750238652315,0.8535000085830688,4.170175681723404,0.0007002625371734534,expiree,expiree,,,,,2026-10-02T20:00:00+00:00,0.0,0.0,,,0
XAUUSD,METAUX,H1,bull,2026-09-30T05:00:00+00:00,2026-09-30T06:00:00+00:00,2026-09-30 07:00:00+00:00,5,1,1,1,1,1,London,4206.199951171875,4196.878154777374,4336.0,13.924359998325873,14.43885757750689,reaction,reaction,2026-09-30T09:00:00+00:00,London,2026-09-30T09:00:00+00:00,,,2.2313,0.0,1.0,1.0,1
ROP,NQ100,H1,bear,2026-09-28T19:30:00+00:00,2026-09-29T14:30:00+00:00,2026-09-29 14:30:00+00:00,5,1,1,1,1,1,NY,352.864990234375,354.19179290137384,335.5199890136719,13.072781395545862,3.035687129039676,reaction,reaction,2026-09-30T13:30:00+00:00,NY,2026-09-30T13:30:00+00:00,,,3.2522,0.0867,1.0,1.0,1
XPDUSD,METAUX,H1,bear,2026-10-01T05:00:00+00:00,2026-10-01T07:00:00+00:00,2026-10-01 07:00:00+00:00,5,1,1,1,1,1,London,1220.0,1225.4109898097715,1189.5,5.63667666587008,8.219796195429636,active,active,,,,,,0.0,0.0,,,0
ROP,NQ100,H1,bull,2026-09-30T19:30:00+00:00,2026-10-01T13:30:00+00:00,2026-10-01 15:30:00+00:00,5,1,1,1,1,1,NY,349.6199951171875,348.8316685726724,365.3599853515625,19.96633291608484,3.0663355778016124,active,active,,,,,,0.0,0.0,,,0
CHFJPY,FOREX,H1,bull,2026-10-01T06:00:00+00:00,2026-10-01T07:00:00+00:00,2026-10-01 08:00:00+00:00,5,1,1,1,1,1,London,189.04800415039062,188.73572784140754,190.28399658203125,3.9580089686136493,0.3455628007553069,reaction,reaction,2026-10-01T09:00:00+00:00,London,2026-10-01T09:00:00+00:00,,,2.0975,0.0,1.0,1.0,1
LRCX,NQ100,H1,bull,2026-09-30T19:30:00+00:00,2026-10-02T13:30:00+00:00,2026-10-02 13:30:00+00:00,5,1,1,1,1,1,NY,329.55999755859375,328.2516861901445,356.2799987792969,20.423273744364206,4.766080884610903,active,active,,,,,,0.0,0.0,,,0
CTAS,NQ100,H1,bear,2026-10-01T19:30:00+00:00,2026-10-02T13:30:00+00:00,2026-10-02 14:30:00+00:00,5,1,1,1,1,1,NY,195.50999450683594,196.0922706980797,191.08999633789062,7.590896271242236,1.245438375655977,active,active,,,,,,0.0,0.0,,,0
SNPS,NQ100,H1,bull,2026-09-30T19:30:00+00:00,2026-10-02T14:30:00+00:00,2026-10-02 14:30:00+00:00,5,1,1,1,1,1,NY,435.5400085449219,431.83961257589993,494.19500732421875,15.851006019445023,10.407455513251719,active,active,,,,,,0.0,0.0,,,0
ADSK,NQ100,H1,bull,2026-06-25T19:30:00+00:00,2026-06-29T13:30:00+00:00,2026-10-02 18:30:00+00:00,5,1,1,1,1,1,NY,190.22500610351562,189.38162986021328,271.7200012207031,96.62946492076146,2.5672929324531824,expiree,expiree,,,,,2026-07-07T13:30:00+00:00,0.0,0.0,,,0
WTI,ENERGIE,H1,bull,2026-10-01T13:00:00+00:00,2026-10-01T17:00:00+00:00,2026-10-01 17:00:00+00:00,5,1,1,1,1,1,NY,91.0250015258789,90.45090317277425,94.73999786376953,6.471010268188963,0.9819365445150231,echec,echec,2026-10-02T07:00:00+00:00,London,,2026-10-02T07:00:00+00:00,,1.2454,1.6112,,-1.0,1
TON,CRYPTO,H1,bull,2026-10-03T12:00:00+00:00,2026-10-04T02:00:00+00:00,2026-10-04 02:00:00+00:00,5,1,1,1,1,1,NY,1.499,1.4937230797862087,1.577,14.781349127876455,0.005538404275824833,expiree,expiree,,,,,2026-10-04T11:00:00+00:00,0.0,0.0,,,0
TSLA,NQ100,H1,bull,2026-10-01T19:30:00+00:00,2026-10-05T13:30:00+00:00,2026-10-05 13:30:00+00:00,5,1,1,1,1,1,NY,357.1300048828125,353.7134645327586,386.8299865722656,8.692998954039796,4.730953485453078,active,active,,,,,,0.0,0.0,,,0
VRTX,NQ100,H1,bear,2026-10-01T19:30:00+00:00,2026-10-05T13:30:00+00:00,2026-10-05 13:30:00+00:00,5,1,1,1,1,1,NY,506.3949890136719,509.4004733670082,480.8599853515625,8.496135950188354,3.8096382386014587,active,active,,,,,,0.0,0.0,,,0
AUDUSD,FOREX,H1,bull,2026-10-05T13:00:00+00:00,2026-10-05T14:00:00+00:00,2026-10-05 16:00:00+00:00,5,1,1,1,1,1,NY,0.6958460807800293,0.6953693849662654,0.6988608837127686,6.324374676033318,0.0008185251162186981,active,active,,,,,,0.0,0.0,,,0
GILD,NQ100,H1,bear,2026-10-02T19:30:00+00:00,2026-10-05T13:30:00+00:00,2026-10-05 14:30:00+00:00,5,1,1,1,1,1,NY,144.71499633789062,145.07710521682685,136.63999938964844,22.29991424668805,1.1420188873182129,reaction,reaction,2026-10-05T15:30:00+00:00,,2026-10-05T15:30:00+00:00,,,3.024,0.0,1.0,1.0,1
