risk_atr,symbol,group,direction,ts_ob,score,entry,sl,fill_at,fill_session,r,exit,model_used
0.2487,COPPER,METAUX,bear,2026-08-18T12:00:00+00:00,5,6.561874985694885,6.570445663245342,2026-08-21 06:15:00+00:00,London,0.5,be,m15
0.306,COPPER,METAUX,bear,2026-08-18T06:00:00+00:00,5,6.58287501335144,6.589745284906079,2026-08-21 08:00:00+00:00,London,0.5,be,m15
0.2365,USDJPY,FOREX,bear,2026-08-25T23:00:00+00:00,4,159.2444953918457,159.27481347784726,2026-08-26 12:45:00+00:00,NY,-1.0,sl,m15
0.3614,XPDUSD,METAUX,bull,2026-08-26T06:00:00+00:00,4,1339.625,1336.6870338544672,2026-08-26 15:00:00+00:00,NY,2.0,tp,m15
0.4972,XPTUSD,METAUX,bull,2026-08-25T13:00:00+00:00,4,1843.2999877929688,1837.4165711155392,2026-08-26 16:30:00+00:00,,0.272,time,m15
0.3145,XPTUSD,METAUX,bear,2026-08-27T03:00:00+00:00,4,1865.7749938964844,1869.0374793586534,2026-08-28 06:15:00+00:00,London,-1.0,sl,m15
0.4924,COPPER,METAUX,bull,2026-08-28T07:00:00+00:00,4,6.6855000257492065,6.674834141244499,2026-08-28 14:00:00+00:00,NY,-1.0,sl,m15
0.3198,CHFJPY,FOREX,bull,2026-08-28T06:00:00+00:00,4,198.0629997253418,198.0091656682142,2026-08-28 14:00:00+00:00,NY,-1.0,sl,m15
0.2776,GBPCHF,FOREX,bear,2026-08-27T07:00:00+00:00,5,1.0949825048446655,1.0952756023745804,2026-08-28 14:45:00+00:00,NY,-1.0,sl,m15
0.4791,XAGUSD,METAUX,bull,2026-08-27T13:00:00+00:00,4,68.53500175476074,68.27592636064654,2026-08-28 16:00:00+00:00,,-1.0,sl,m15
0.419,GBPCAD,FOREX,bull,2026-08-28T13:00:00+00:00,4,1.8805175423622131,1.8798903638749167,2026-08-28 20:45:00+00:00,,2.0,tp,m15
0.3519,XPTUSD,METAUX,bull,2026-08-20T13:00:00+00:00,4,1811.7250366210938,1806.9402016869853,2026-08-31 02:15:00+00:00,,1.1348,time,m15
0.3071,AUDJPY,FOREX,bull,2026-08-27T09:00:00+00:00,5,114.3962516784668,114.36177455116058,2026-08-31 07:00:00+00:00,London,-1.0,sl,m15
0.3382,CADJPY,FOREX,bear,2026-08-30T23:00:00+00:00,4,115.20950126647949,115.24570363220842,2026-08-31 13:30:00+00:00,NY,1.5,tp,m15
0.3172,GBPCHF,FOREX,bear,2026-08-31T05:00:00+00:00,4,1.0962274968624115,1.0965816258875167,2026-09-01 01:30:00+00:00,,0.5,be,m15
0.3736,EURNZD,FOREX,bull,2026-09-01T07:00:00+00:00,5,1.9631100296974182,1.9623316729289733,2026-09-01 13:45:00+00:00,NY,-1.0,sl,m15
0.3905,EURCHF,FOREX,bull,2026-09-02T06:00:00+00:00,4,0.9403774738311768,0.9399641335142547,2026-09-03 05:45:00+00:00,,0.5,be,m15
0.2785,GBPCHF,FOREX,bull,2026-08-28T13:00:00+00:00,4,1.0916175246238708,1.0912625784280605,2026-09-03 06:30:00+00:00,London,-1.0,sl,m15
0.2985,EURCAD,FOREX,bear,2026-09-03T06:00:00+00:00,4,1.6045275032520294,1.6049673733513008,2026-09-04 08:45:00+00:00,London,2.0,tp,m15
0.3208,EURUSD,FOREX,bull,2026-09-03T10:00:00+00:00,4,1.1602948307991028,1.1600013513042184,2026-09-04 12:30:00+00:00,NY,-1.0,sl,m15
0.2702,AVAX,CRYPTO,bull,2026-09-05T15:00:00+00:00,5,7.5355,7.522006635879141,2026-09-06 14:30:00+00:00,NY,2.0,tp,m15
0.3954,GBPCHF,FOREX,bull,2026-09-08T05:00:00+00:00,4,1.0948025286197662,1.0943574531916191,2026-09-08 15:15:00+00:00,NY,2.0,tp,m15
0.3216,GBPCAD,FOREX,bear,2026-09-09T07:00:00+00:00,4,1.8678199648857117,1.868255348992966,2026-09-09 11:15:00+00:00,,2.0,tp,m15
0.346,USDCHF,FOREX,bear,2026-09-09T09:00:00+00:00,5,0.8101500123739243,0.8105016428624879,2026-09-09 15:00:00+00:00,NY,-1.0,sl,m15
0.3712,TRX,CRYPTO,bull,2026-09-09T15:00:00+00:00,4,0.338225,0.33791704877291334,2026-09-09 22:45:00+00:00,,2.0,tp,m15
0.5785,XPDUSD,METAUX,bull,2026-09-09T12:00:00+00:00,4,1349.125,1342.9289757636927,2026-09-10 10:45:00+00:00,,-1.0,sl,m15
0.3802,DOT,CRYPTO,bull,2026-09-08T13:00:00+00:00,4,1.0675000000000001,1.0573232736303992,2026-09-11 12:30:00+00:00,NY,2.0,tp,m15
0.1706,BTC,CRYPTO,bull,2026-09-12T12:00:00+00:00,5,77307.6925,77264.95368735364,2026-09-12 17:15:00+00:00,,-1.0,sl,m15
0.276,EURCAD,FOREX,bull,2026-09-11T11:00:00+00:00,4,1.6061899662017822,1.6057665613724899,2026-09-14 01:00:00+00:00,,1.5,tp,m15
0.2766,GBPCAD,FOREX,bull,2026-09-11T11:00:00+00:00,4,1.8713800013065338,1.8708631392361823,2026-09-14 06:15:00+00:00,London,1.5,tp,m15
0.3385,EURUSD,FOREX,bear,2026-09-14T11:00:00+00:00,4,1.1550346910953522,1.1553659272341519,2026-09-14 15:30:00+00:00,,-1.0,sl,m15
0.3873,LINK,CRYPTO,bear,2026-09-13T05:00:00+00:00,4,11.551,11.576613182392618,2026-09-14 16:15:00+00:00,,2.0,tp,m15
0.2757,AUDNZD,FOREX,bull,2026-09-14T13:00:00+00:00,5,1.234157532453537,1.2337378305076214,2026-09-14 18:45:00+00:00,,2.0,tp,m15
0.3889,BTC,CRYPTO,bull,2026-09-14T12:00:00+00:00,4,77731.9625,77574.59101616616,2026-09-15 03:00:00+00:00,,-0.3493,time,m15
0.4759,BCH,CRYPTO,bear,2026-09-15T13:00:00+00:00,5,224.0,225.13940150380589,2026-09-15 17:30:00+00:00,,1.5,tp,m15
0.329,GBPJPY,FOREX,bull,2026-09-15T10:00:00+00:00,4,208.61624908447266,208.52969453635063,2026-09-15 21:00:00+00:00,,-1.0,sl,m15
0.3722,XPDUSD,METAUX,bull,2026-09-16T01:00:00+00:00,4,1310.75,1307.6732663112748,2026-09-16 12:30:00+00:00,NY,1.5,tp,m15
0.327,LINK,CRYPTO,bear,2026-09-16T11:00:00+00:00,4,10.884500000000001,10.924114053753822,2026-09-16 18:00:00+00:00,,2.0,tp,m15
0.6445,BNB,CRYPTO,bear,2026-09-14T20:00:00+00:00,4,731.65,734.1356856452117,2026-09-17 12:15:00+00:00,,1.2805,time,m15
0.2101,SOL,CRYPTO,bear,2026-09-15T12:00:00+00:00,4,101.1125,101.29854474072886,2026-09-17 12:15:00+00:00,,-1.0,sl,m15
0.4087,ADA,CRYPTO,bear,2026-09-15T17:00:00+00:00,4,0.203675,0.2048996330022509,2026-09-17 14:15:00+00:00,NY,1.5,tp,m15
0.2752,GBPJPY,FOREX,bear,2026-09-17T10:00:00+00:00,4,208.6649932861328,208.75295284530984,2026-09-18 00:00:00+00:00,,-1.0,sl,m15
0.375,XAUUSD,METAUX,bear,2026-09-11T13:00:00+00:00,5,4439.14990234375,4446.990883930297,2026-09-18 07:45:00+00:00,London,1.3067,time,m15
0.6112,NZDJPY,FOREX,bull,2026-09-18T06:00:00+00:00,4,89.73025321960449,89.59724159980048,2026-09-18 14:45:00+00:00,NY,0.5,be,m15
0.2307,DOGE,CRYPTO,bull,2026-09-18T18:00:00+00:00,4,0.08730500000000001,0.0871019920430674,2026-09-19 01:15:00+00:00,,0.5,be,m15
0.32,SUI,CRYPTO,bull,2026-09-19T15:00:00+00:00,5,0.84115,0.8364229393884268,2026-09-20 02:30:00+00:00,,-1.0,sl,m15
0.3213,BNB,CRYPTO,bull,2026-09-18T12:00:00+00:00,5,746.235,744.4418930744395,2026-09-20 02:45:00+00:00,,2.0,tp,m15
0.3465,SUI,CRYPTO,bull,2026-09-19T07:00:00+00:00,5,0.81005,0.8057625776663906,2026-09-20 10:30:00+00:00,,1.5,tp,m15
0.3713,TON,CRYPTO,bear,2026-09-15T23:00:00+00:00,4,1.338,1.3407371590757198,2026-09-20 18:00:00+00:00,,-1.0,sl,cons_fallback
0.2592,XAUUSD,METAUX,bull,2026-09-17T09:00:00+00:00,4,4347.5499267578125,4341.606457857789,2026-09-22 07:30:00+00:00,London,-1.0,sl,m15
0.2758,USDJPY,FOREX,bear,2026-09-22T07:00:00+00:00,4,157.72025299072266,157.78105055610038,2026-09-23 07:00:00+00:00,London,-1.0,sl,m15
0.3914,GBPCAD,FOREX,bull,2026-09-18T13:00:00+00:00,4,1.8679675459861755,1.8672053044067547,2026-09-23 13:45:00+00:00,NY,1.5,tp,m15
0.2427,BCH,CRYPTO,bull,2026-09-23T04:00:00+00:00,4,337.125,334.7015371620586,2026-09-23 14:00:00+00:00,NY,2.0,tp,m15
0.3947,BNB,CRYPTO,bull,2026-09-21T07:00:00+00:00,4,767.9525,765.3508231678873,2026-09-23 14:00:00+00:00,NY,-1.0,sl,m15
0.2718,ETH,CRYPTO,bull,2026-09-21T07:00:00+00:00,5,2651.3599999999997,2643.798019008072,2026-09-23 14:15:00+00:00,NY,2.0,tp,m15
0.2881,GBPCHF,FOREX,bear,2026-09-23T15:00:00+00:00,5,1.0934900045394897,1.0938728715576018,2026-09-24 07:30:00+00:00,London,-1.0,sl,m15
0.2525,EURJPY,FOREX,bear,2026-09-22T06:00:00+00:00,4,180.6969985961914,180.75163979505515,2026-09-24 14:30:00+00:00,NY,-1.0,sl,m15
0.2219,NZDCHF,FOREX,bull,2026-09-24T06:00:00+00:00,5,0.46760499477386475,0.4673592112692047,2026-09-24 21:00:00+00:00,,-1.0,sl,m15
0.4173,EURUSD,FOREX,bear,2026-09-24T07:00:00+00:00,5,1.1397638320922852,1.1402333696507998,2026-09-25 10:00:00+00:00,,-1.0,sl,m15
0.2722,ETH,CRYPTO,bull,2026-09-25T07:00:00+00:00,4,2670.6975,2665.374236039758,2026-09-25 15:45:00+00:00,,2.0,tp,m15
0.3624,AUDUSD,FOREX,bear,2026-09-24T07:00:00+00:00,4,0.7042875736951828,0.7046127660548643,2026-09-25 16:00:00+00:00,,2.0,tp,m15
0.3144,LINK,CRYPTO,bull,2026-09-26T09:00:00+00:00,5,13.97975,13.917063431489927,2026-09-26 20:30:00+00:00,,-1.0,sl,m15
0.355,AVAX,CRYPTO,bull,2026-09-26T09:00:00+00:00,4,10.556,10.493351551861446,2026-09-26 20:45:00+00:00,,1.5,tp,m15
0.2863,EURGBP,FOREX,bull,2026-09-24T12:00:00+00:00,5,0.8596075028181076,0.8594576565491912,2026-09-28 05:45:00+00:00,,0.5,be,m15
0.3137,SUI,CRYPTO,bull,2026-09-27T04:00:00+00:00,4,1.1584,1.152381339949762,2026-09-28 14:15:00+00:00,NY,2.0,tp,m15
0.2153,GBPNZD,FOREX,bull,2026-09-28T04:00:00+00:00,4,2.3344500064849854,2.3337776281389346,2026-09-28 16:15:00+00:00,,0.5,be,m15
0.2556,TON,CRYPTO,bull,2026-09-27T14:00:00+00:00,5,1.5862500000000002,1.5792680201809095,2026-09-28 21:00:00+00:00,,-1.0,sl,cons_fallback
0.2575,TON,CRYPTO,bull,2026-09-27T03:00:00+00:00,4,1.553,1.5464607412091727,2026-09-29 01:00:00+00:00,,-1.0,sl,cons_fallback
0.1814,BCH,CRYPTO,bear,2026-09-28T23:00:00+00:00,4,310.85,311.62985047799,2026-09-29 06:30:00+00:00,London,0.5,be,m15
0.2697,GBPJPY,FOREX,bear,2026-09-29T23:00:00+00:00,4,208.24700546264648,208.31852747413396,2026-09-30 08:15:00+00:00,London,-1.0,sl,m15
0.3978,XAUUSD,METAUX,bull,2026-09-30T05:00:00+00:00,5,4201.9000244140625,4196.156211898499,2026-09-30 14:15:00+00:00,NY,-1.0,sl,m15
0.2356,EURNZD,FOREX,bear,2026-09-27T23:00:00+00:00,4,2.0133124589920044,2.0138988161333797,2026-09-30 14:15:00+00:00,NY,-1.0,sl,m15
0.2386,EURJPY,FOREX,bear,2026-09-29T23:00:00+00:00,4,178.51924514770508,178.58079321143288,2026-09-30 15:15:00+00:00,NY,2.0,tp,m15
0.2099,XAUUSD,METAUX,bull,2026-09-29T17:00:00+00:00,4,4176.0999755859375,4172.852692534111,2026-10-01 00:15:00+00:00,,-1.0,sl,m15
0.2337,AUDJPY,FOREX,bear,2026-09-29T23:00:00+00:00,4,110.00700187683105,110.06294172490612,2026-10-01 04:00:00+00:00,,1.5,tp,m15
0.358,LINK,CRYPTO,bull,2026-09-28T09:00:00+00:00,4,13.5425,13.450222723302296,2026-10-02 18:30:00+00:00,,-1.0,sl,m15
0.4945,XRP,CRYPTO,bull,2026-10-04T20:00:00+00:00,4,1.498725,1.495183922702345,2026-10-05 14:45:00+00:00,NY,-1.0,sl,m15
0.2326,XAGUSD,METAUX,bull,2026-10-05T05:00:00+00:00,4,61.203749656677246,61.09194010132466,2026-10-05 17:00:00+00:00,,0.5,be,m15
