name,family,tr_n,tr_per_wd,tr_wr,tr_avg,tr_lo,tr_hi,tr_t,tr_pf,tr_sum,tr_maxdd,tr_streak
family=A_OB|min_score=4|trend=none|tp=1|session=any|basket=MFC,A_OB,540,0.8294930875576036,0.4388888888888889,-0.188649415111755,-0.26520275257338927,-0.11209607765012074,-4.830003052503705,0.632377015840491,-101.87068416034771,107.38664634102302,10
family=A_OB|min_score=4|trend=none|tp=1|session=any|basket=ALL,A_OB,679,1.043010752688172,0.44035346097201766,-0.150417444236577,-0.22805588216046901,-0.07277900631268498,-3.7973225452152644,0.7080154140357323,-102.13344463663577,107.67236375792577,9
family=A_OB|min_score=4|trend=none|tp=1|session=0818|basket=MFC,A_OB,361,0.554531490015361,0.4515235457063712,-0.18083874318463494,-0.2754781991070675,-0.08619928726220236,-3.745202602732524,0.6536007800838448,-65.28278628965322,72.80713174901513,8
family=A_OB|min_score=4|trend=none|tp=1|session=0818|basket=ALL,A_OB,452,0.6943164362519201,0.4557522123893805,-0.16572590440702842,-0.2516135456476802,-0.07983826316637664,-3.7819500913716175,0.6840605404144846,-74.90810879197684,79.90418322244611,10
family=A_OB|min_score=4|trend=none|tp=2|session=any|basket=MFC,A_OB,540,0.8294930875576036,0.3611111111111111,-0.2466172404006947,-0.3333942905910581,-0.1598401902103313,-5.570249162941008,0.5730159720989991,-133.17330981637514,138.61855688094641,11
family=A_OB|min_score=4|trend=none|tp=2|session=any|basket=ALL,A_OB,679,1.043010752688172,0.36818851251840945,-0.1868098958348432,-0.2743067423116763,-0.0993130493580101,-4.1846924841255735,0.6755846134116791,-126.84391927185854,134.95728755198866,9
family=A_OB|min_score=4|trend=none|tp=2|session=0818|basket=MFC,A_OB,361,0.554531490015361,0.3573407202216066,-0.2590837175847978,-0.3681065383276193,-0.15006089684197635,-4.657777912975525,0.5710639107782436,-93.52922204811202,99.4424856870871,10
family=A_OB|min_score=4|trend=none|tp=2|session=0818|basket=ALL,A_OB,452,0.6943164362519201,0.3672566371681416,-0.22199559052151754,-0.3227399457269775,-0.12125123531605755,-4.318965132436451,0.6311555717349359,-100.34200691572593,104.95594142757261,10
family=A_OB|min_score=4|trend=D1|tp=1|session=any|basket=MFC,A_OB,276,0.423963133640553,0.44565217391304346,-0.1565820507678658,-0.2647082137497765,-0.048455887785955123,-2.8383585530207056,0.6841161706055221,-43.21664601193096,45.08128088823823,7
family=A_OB|min_score=4|trend=D1|tp=1|session=any|basket=ALL,A_OB,352,0.5407066052227343,0.4630681818181818,-0.09310631859587014,-0.2006784277004663,0.014465790508725998,-1.6964284326754773,0.8094833794901224,-32.77342414574629,35.964602994883556,7
family=A_OB|min_score=4|trend=D1|tp=1|session=0818|basket=MFC,A_OB,187,0.2872503840245776,0.46524064171123,-0.13307021933052604,-0.2638982591176073,-0.0022421795434448,-1.9935912080644485,0.7282960195102628,-24.884131014808368,27.0620269995305,9
family=A_OB|min_score=4|trend=D1|tp=1|session=0818|basket=ALL,A_OB,237,0.3640552995391705,0.48523206751054854,-0.08684304891754026,-0.2056579193102195,0.031971821475138995,-1.4325847877107687,0.8187346276178313,-20.58180259345704,26.32738563748514,9
family=A_OB|min_score=4|trend=D1|tp=2|session=any|basket=MFC,A_OB,276,0.423963133640553,0.3695652173913043,-0.21273756713443506,-0.33596441874265026,-0.08951071552621989,-3.3837238080965046,0.6214326794439529,-58.715568529104075,60.41778426199765,8
family=A_OB|min_score=4|trend=D1|tp=2|session=any|basket=ALL,A_OB,352,0.5407066052227343,0.39204545454545453,-0.1232993183034412,-0.24597881703497998,-0.0006198195719023941,-1.9699026029083078,0.7760744682575946,-43.4013600428113,51.57047931846673,9
family=A_OB|min_score=4|trend=D1|tp=2|session=0818|basket=MFC,A_OB,187,0.2872503840245776,0.37433155080213903,-0.2072981915305928,-0.3601669505037355,-0.054429432557450114,-2.6578645508029863,0.6381282338330401,-38.764761816220854,41.73012060809834,10
family=A_OB|min_score=4|trend=D1|tp=2|session=0818|basket=ALL,A_OB,237,0.3640552995391705,0.39662447257383965,-0.14104060693530693,-0.2825797514937213,0.0004985376231073924,-1.9530963710121392,0.74789784734645,-33.42662384366774,44.21122999064305,9
family=A_OB|min_score=4|trend=H4|tp=1|session=any|basket=MFC,A_OB,344,0.5284178187403994,0.44476744186046513,-0.1614600595433049,-0.2568986005269711,-0.06602151855963868,-3.315869180764596,0.6723320439382874,-55.542260482896886,58.80727552463277,9
family=A_OB|min_score=4|trend=H4|tp=1|session=any|basket=ALL,A_OB,433,0.6651305683563749,0.4503464203233256,-0.12778592786519485,-0.22191745767598348,-0.033654398054406245,-2.6607494759643875,0.7436578264568153,-55.33130676562937,59.96893445721512,8
family=A_OB|min_score=4|trend=H4|tp=1|session=0818|basket=MFC,A_OB,232,0.3563748079877112,0.46120689655172414,-0.14027082901349272,-0.25839119483349426,-0.02215046319349115,-2.3275480308400054,0.7169783248521472,-32.54283233113031,36.88311726230352,10
family=A_OB|min_score=4|trend=H4|tp=1|session=0818|basket=ALL,A_OB,294,0.45161290322580644,0.46598639455782315,-0.1295752394819664,-0.2359688023070441,-0.023181676656888694,-2.387056722615856,0.7409980281033169,-38.09512040769812,39.907134309978716,10
family=A_OB|min_score=4|trend=H4|tp=2|session=any|basket=MFC,A_OB,344,0.5284178187403994,0.3633720930232558,-0.22908947921073974,-0.3370821546900098,-0.12109680373146971,-4.157831790538809,0.5904515427136655,-78.80678084849447,83.04109970265023,10
family=A_OB|min_score=4|trend=H4|tp=2|session=any|basket=ALL,A_OB,433,0.6651305683563749,0.37644341801385683,-0.16976162174638695,-0.276463197887757,-0.06306004560501693,-3.1183492377102033,0.6965967384343372,-73.50678221618556,82.06989738515492,10
family=A_OB|min_score=4|trend=H4|tp=2|session=0818|basket=MFC,A_OB,232,0.3563748079877112,0.3620689655172414,-0.23024705074626683,-0.3667210465961127,-0.09377305489642096,-3.3067414539485154,0.6042298067964136,-53.41731577313391,57.89206266110659,10
family=A_OB|min_score=4|trend=H4|tp=2|session=0818|basket=ALL,A_OB,294,0.45161290322580644,0.3741496598639456,-0.1997133877672335,-0.3239429844759251,-0.07548379105854186,-3.1509257889781987,0.6557882081011498,-58.71573600356665,61.307376137590936,11
family=A_OB|min_score=5|trend=none|tp=1|session=any|basket=MFC,A_OB,139,0.21351766513056836,0.4748201438848921,-0.10448778215815084,-0.2561142977234902,0.04713873340718851,-1.350661210319275,0.777738663802713,-14.523801719982966,16.332272029528447,6
family=A_OB|min_score=5|trend=none|tp=1|session=any|basket=ALL,A_OB,171,0.2626728110599078,0.47368421052631576,-0.11052773895394849,-0.2488501583130176,0.02779468040512062,-1.5661551421203896,0.7710513078318578,-18.90024336112519,22.385638861685216,7
family=A_OB|min_score=5|trend=none|tp=1|session=0818|basket=MFC,A_OB,92,0.141321044546851,0.45652173913043476,-0.14755149877154544,-0.33517395740599865,0.04007095986290779,-1.5413982936642048,0.7038009215045417,-13.57473788698218,13.574737886982183,5
family=A_OB|min_score=5|trend=none|tp=1|session=0818|basket=ALL,A_OB,111,0.17050691244239632,0.45045045045045046,-0.14857733276396728,-0.32126966116815825,0.024114995640223652,-1.686302888543998,0.7073075712555714,-16.49208393680037,17.94410606543313,6
family=A_OB|min_score=5|trend=none|tp=2|session=any|basket=MFC,A_OB,139,0.21351766513056836,0.4028776978417266,-0.1819583098602119,-0.3475751145682336,-0.016341505152190183,-2.153394324656605,0.6499534459026697,-25.29220507056945,27.337172000347312,6
family=A_OB|min_score=5|trend=none|tp=2|session=any|basket=ALL,A_OB,171,0.2626728110599078,0.4152046783625731,-0.14521124270828953,-0.3013005711883586,0.010878085771779566,-1.823404831577513,0.7224349018402811,-24.83112250311751,30.89886234894462,7
family=A_OB|min_score=5|trend=none|tp=2|session=0818|basket=MFC,A_OB,92,0.141321044546851,0.3804347826086957,-0.25422818291382315,-0.45736768566707725,-0.051088680160569055,-2.4529312701741923,0.5465628854592481,-23.388992828071732,23.388992828071732,5
family=A_OB|min_score=5|trend=none|tp=2|session=0818|basket=ALL,A_OB,111,0.17050691244239632,0.38738738738738737,-0.22944878080446632,-0.4175054754447173,-0.041392086164215386,-2.3914044178914207,0.5898603209130243,-25.46881466929576,25.468814669295753,6
family=A_OB|min_score=5|trend=D1|tp=1|session=any|basket=MFC,A_OB,76,0.11674347158218126,0.4473684210526316,-0.127804783149003,-0.32461958004609875,0.06901001374809274,-1.2727568197172594,0.7243773538808346,-9.71316351932423,9.71316351932423,6
family=A_OB|min_score=5|trend=D1|tp=1|session=any|basket=ALL,A_OB,97,0.1490015360983103,0.4536082474226804,-0.1281261051945661,-0.30714479564447983,0.05089258525534765,-1.4027985879586717,0.7330111075334647,-12.428232203872913,16.15360735527413,6
family=A_OB|min_score=5|trend=D1|tp=1|session=0818|basket=MFC,A_OB,50,0.07680491551459294,0.44,-0.1455774973130853,-0.3903831735877142,0.09922817896154357,-1.1655444394743324,0.6985578892124522,-7.278874865654266,8.180778372891876,4
family=A_OB|min_score=5|trend=D1|tp=1|session=0818|basket=ALL,A_OB,60,0.09216589861751152,0.43333333333333335,-0.14323798195418502,-0.3731088591371283,0.08663289522875825,-1.2213223705009397,0.7118405555906708,-8.594278917251101,8.594278917251104,4
family=A_OB|min_score=5|trend=D1|tp=2|session=any|basket=MFC,A_OB,76,0.11674347158218126,0.3684210526315789,-0.21754240558186488,-0.4341109481424923,-0.0009738630212374477,-1.9688137062708035,0.5866831913235906,-16.53322282422173,16.533222824221735,7
family=A_OB|min_score=5|trend=D1|tp=2|session=any|basket=ALL,A_OB,97,0.1490015360983103,0.3917525773195876,-0.1758476106942769,-0.3771049514209497,0.025409730032395883,-1.7125403511560187,0.6675663995714582,-17.05721823734486,18.574089006447572,6
family=A_OB|min_score=5|trend=D1|tp=2|session=0818|basket=MFC,A_OB,50,0.07680491551459294,0.36,-0.24141533132978554,-0.5202893523540947,0.037458689694523595,-1.69673047230575,0.5678152011651089,-12.070766566489278,12.070766566489281,5
family=A_OB|min_score=5|trend=D1|tp=2|session=0818|basket=ALL,A_OB,60,0.09216589861751152,0.36666666666666664,-0.23658495577767596,-0.4879682296031153,0.014798318047763381,-1.8446195972697965,0.5776215813516706,-14.195097346660559,14.195097346660559,4
family=A_OB|min_score=5|trend=H4|tp=1|session=any|basket=MFC,A_OB,105,0.16129032258064516,0.4666666666666667,-0.12756846988417658,-0.2986480593875208,0.04351111961916765,-1.4615080717626954,0.7312293193259036,-13.39468933783854,14.184750854435284,8
family=A_OB|min_score=5|trend=H4|tp=1|session=any|basket=ALL,A_OB,131,0.2012288786482335,0.4732824427480916,-0.1185566044041754,-0.27400691800027255,0.03689370919192175,-1.4948245471922794,0.7527056543333,-15.530915176946976,21.054626397807642,6
family=A_OB|min_score=5|trend=H4|tp=1|session=0818|basket=MFC,A_OB,72,0.11059907834101383,0.4444444444444444,-0.1643204173762111,-0.37401019868145463,0.04536936392903246,-1.5359261479153445,0.6755724893791035,-11.831070051087199,12.560289768515801,7
family=A_OB|min_score=5|trend=H4|tp=1|session=0818|basket=ALL,A_OB,86,0.13210445468509985,0.4418604651162791,-0.15827053437945776,-0.35216470515524745,0.0356236363963319,-1.5998946546074877,0.6895716742089781,-13.611265956633368,14.462327965997696,5
family=A_OB|min_score=5|trend=H4|tp=2|session=any|basket=MFC,A_OB,105,0.16129032258064516,0.37142857142857144,-0.25862678091545427,-0.4393368072834446,-0.07791675454746394,-2.8050933353417986,0.5214421339043892,-27.155811996122697,27.155811996122697,8
family=A_OB|min_score=5|trend=H4|tp=2|session=any|basket=ALL,A_OB,131,0.2012288786482335,0.3969465648854962,-0.20194285211173257,-0.3721452154988837,-0.031740488724581434,-2.325514066092434,0.6205148099251998,-26.454513626636967,31.1166444515847,7
family=A_OB|min_score=5|trend=H4|tp=2|session=0818|basket=MFC,A_OB,72,0.11059907834101383,0.3472222222222222,-0.31722035002108867,-0.5393165591262885,-0.0951241409158888,-2.7994709524593,0.4590185191564803,-22.839865201518386,22.839865201518386,7
family=A_OB|min_score=5|trend=H4|tp=2|session=0818|basket=ALL,A_OB,86,0.13210445468509985,0.36046511627906974,-0.29979694067988816,-0.49996857256177774,-0.09962530879799861,-2.935490899526127,0.4801751424151712,-25.782536898470383,25.782536898470397,5
family=B_SWEEP|window=LON|entry=market|tp=1R,B_SWEEP,3157,4.849462365591398,0.4124168514412417,-0.46988734276545674,-0.6162293039788264,-0.3235453815520871,-6.2933364032035115,0.40517822616563476,-1483.434341110547,1483.4343411105463,15
family=B_SWEEP|window=LON|entry=market|tp=1R|fod,B_SWEEP,647,0.9938556067588326,0.37094281298299847,-0.9590017965925423,-1.6339772369592636,-0.28402635622582106,-2.7847583910610925,0.24111899281648463,-620.4741623953748,620.474162395375,12
family=B_SWEEP|window=LON|entry=market|tp=2R,B_SWEEP,3157,4.849462365591398,0.3370288248337029,-0.48354966909368324,-0.6315752286779308,-0.33552410950943573,-6.402660149271119,0.4422305057911903,-1526.566305328758,1526.5663053287544,19
family=B_SWEEP|window=LON|entry=market|tp=2R|fod,B_SWEEP,647,0.9938556067588326,0.2982998454404946,-0.9472475111478745,-1.6244661914372354,-0.2700288308585136,-2.7415149284667497,0.2945772797988618,-612.8691397126748,612.8691397126747,15
family=B_SWEEP|window=LON|entry=market|tp=mid,B_SWEEP,3115,4.78494623655914,0.3508828250401284,-0.4627649826736398,-0.6156080283583706,-0.309921936988909,-5.934318843078031,0.4659943422324519,-1441.512921028388,1441.5129210283853,23
family=B_SWEEP|window=LON|entry=market|tp=mid|fod,B_SWEEP,647,0.9938556067588326,0.2828438948995363,-0.9602740436859207,-1.6409850701625799,-0.27956301720926147,-2.7649575993594406,0.3002063836246481,-621.2973062647907,621.2973062647906,15
family=B_SWEEP|window=LON|entry=limit|tp=1R,B_SWEEP,2641,4.056835637480798,0.37447936387731917,-0.3646102745586193,-0.405153915913861,-0.32406663320337753,-17.62634322539708,0.46785741680706683,-962.9357351093134,964.3796773447112,20
family=B_SWEEP|window=LON|entry=limit|tp=1R|fod,B_SWEEP,644,0.989247311827957,0.35093167701863354,-0.42363003810338284,-0.515378326192146,-0.3318817500146198,-9.049922259904527,0.4352331892983903,-272.81774453857855,272.8177445385786,10
family=B_SWEEP|window=LON|entry=limit|tp=2R,B_SWEEP,2641,4.056835637480798,0.28890571753123817,-0.36778460275582653,-0.41677354616014667,-0.3187956593515064,-14.714704406910126,0.5293761375374564,-971.3191358781379,971.3191358781368,29
family=B_SWEEP|window=LON|entry=limit|tp=2R|fod,B_SWEEP,644,0.989247311827957,0.2577639751552795,-0.4232347069300904,-0.5323973371200306,-0.3140720767401502,-7.599120909230554,0.5069481332040389,-272.56315126297824,273.18365411658226,13
family=B_SWEEP|window=LON|entry=limit|tp=mid,B_SWEEP,2641,4.056835637480798,0.2514199166982204,-0.34618424034178047,-0.41129088500023625,-0.2810775956833247,-10.421687596240861,0.5861258803744759,-914.2725787426422,920.3319604313501,31
family=B_SWEEP|window=LON|entry=limit|tp=mid|fod,B_SWEEP,644,0.989247311827957,0.2127329192546584,-0.3982195526670635,-0.5414885293911491,-0.25495057594297793,-5.44786694980442,0.5691732755635971,-256.4533919175889,265.15861011192015,22
family=B_SWEEP|window=NY|entry=market|tp=1R,B_SWEEP,3179,4.883256528417819,0.40578798364265495,-0.29769599596443463,-0.3350746098382006,-0.2603173820906687,-15.610106732711358,0.5143844729626651,-946.3755711709377,946.4587239227254,15
family=B_SWEEP|window=NY|entry=market|tp=1R|fod,B_SWEEP,644,0.989247311827957,0.4052795031055901,-0.3257359914653108,-0.40602354922177475,-0.2454484337088468,-7.951948734181142,0.49971155597687983,-209.77397850366015,212.77388812415734,10
family=B_SWEEP|window=NY|entry=market|tp=2R,B_SWEEP,3179,4.883256528417819,0.33626926706511484,-0.31488105566398383,-0.3578800445547117,-0.271882066773256,-14.353055386251002,0.5381701503258884,-1001.0068759558046,1003.6240053471622,17
family=B_SWEEP|window=NY|entry=market|tp=2R|fod,B_SWEEP,644,0.989247311827957,0.3245341614906832,-0.3326216528054639,-0.42865730938380714,-0.23658599622712068,-6.788504007018225,0.5462474170367558,-214.20834440671877,225.08965431971413,14
family=B_SWEEP|window=NY|entry=market|tp=mid,B_SWEEP,3108,4.774193548387097,0.34684684684684686,-0.31525397320804865,-0.36625190490267,-0.2642560415134273,-12.116134261832103,0.542644297991332,-979.8093487306153,987.4882669086822,17
family=B_SWEEP|window=NY|entry=market|tp=mid|fod,B_SWEEP,644,0.989247311827957,0.31832298136645965,-0.3093292536429437,-0.4343349690757766,-0.18432353821011083,-4.850060935541257,0.5934890511508002,-199.20803934605576,207.56556652984034,11
family=B_SWEEP|window=NY|entry=limit|tp=1R,B_SWEEP,2495,3.8325652841781874,0.3727454909819639,-0.3673901973626087,-0.40969440411283187,-0.3250859906123855,-17.021588209473155,0.4704801881771677,-916.6385424197088,917.0163972346592,11
family=B_SWEEP|window=NY|entry=limit|tp=1R|fod,B_SWEEP,634,0.9738863287250384,0.3643533123028391,-0.40859550640763503,-0.49176073348592764,-0.32543027932934243,-9.629591846181565,0.4352482301269071,-259.0495510624406,259.83299866592097,15
family=B_SWEEP|window=NY|entry=limit|tp=2R,B_SWEEP,2495,3.8325652841781874,0.29539078156312626,-0.36996595331318605,-0.420477028908969,-0.3194548777174031,-14.355926100183554,0.5264613211929892,-923.0650535163992,926.1582771718337,17
family=B_SWEEP|window=NY|entry=limit|tp=2R|fod,B_SWEEP,634,0.9738863287250384,0.27129337539432175,-0.44514526504522667,-0.543176929657349,-0.3471136004331043,-8.900029627577647,0.4604779691081047,-282.2220980386737,283.2704355761993,18
family=B_SWEEP|window=NY|entry=limit|tp=mid,B_SWEEP,2495,3.8325652841781874,0.243687374749499,-0.40656887341816167,-0.47492475222199027,-0.3382129946143331,-11.657738966190637,0.5211346702062629,-1014.3893391783133,1016.7342033756855,20
family=B_SWEEP|window=NY|entry=limit|tp=mid|fod,B_SWEEP,634,0.9738863287250384,0.21766561514195584,-0.4302935018202424,-0.5759440021358282,-0.28464300150465666,-5.790404164354438,0.5209883657443432,-272.8060801540337,272.80608015403374,18
family=C_ORB|open=EU08|range=15|sl=opp|tp=1|filter=none,C_ORB,4358,6.6943164362519205,0.46305644791188616,-0.2794329664564283,-0.3090088999986516,-0.24985703291420494,-18.518049936537267,0.5456823922873664,-1217.7688678171144,1220.7554318232778,16
family=C_ORB|open=EU08|range=15|sl=opp|tp=1|filter=none|fod,C_ORB,648,0.9953917050691244,0.24228395061728394,-0.8646452559511261,-0.9357723088507236,-0.7935182030515285,-23.826443421695554,0.13969179765044076,-560.2901258563297,560.2901258563298,16
family=C_ORB|open=EU08|range=15|sl=opp|tp=1|filter=d1,C_ORB,3603,5.534562211981567,0.4363030807660283,-0.3289124394895266,-0.3618014318414398,-0.29602344713761336,-19.6013418259064,0.5003137654951251,-1185.0715194807642,1185.9806103898527,20
family=C_ORB|open=EU08|range=15|sl=opp|tp=1|filter=d1|fod,C_ORB,647,0.9938556067588326,0.34312210200927357,-0.618509173553955,-0.6956278605138863,-0.5413904865940237,-15.719639791009632,0.2635811525005223,-400.1754352894088,400.1754352894088,14
family=C_ORB|open=EU08|range=15|sl=opp|tp=2|filter=none,C_ORB,4358,6.6943164362519205,0.3659935750344195,-0.27736196998180634,-0.3144875743452108,-0.24023636561840186,-14.642979433897322,0.6154444776643335,-1208.743465180712,1220.9815012744443,20
family=C_ORB|open=EU08|range=15|sl=opp|tp=2|filter=none|fod,C_ORB,648,0.9953917050691244,0.15895061728395063,-0.9543261899877765,-1.0346585602589775,-0.8739938197165755,-23.284254231032012,0.15798239236290593,-618.4033711120792,618.4033711120793,29
family=C_ORB|open=EU08|range=15|sl=opp|tp=2|filter=d1,C_ORB,3603,5.534562211981567,0.3424923674715515,-0.3152975827085196,-0.35646949009248036,-0.27412567532455884,-15.009828336236966,0.5823632799284202,-1136.017190498796,1139.507422114058,20
family=C_ORB|open=EU08|range=15|sl=opp|tp=2|filter=d1|fod,C_ORB,647,0.9938556067588326,0.2596599690880989,-0.6439297208343606,-0.7372096792760989,-0.5506497623926223,-13.530261740239126,0.3228240347099003,-416.62252937983135,418.3824927549518,19
family=C_ORB|open=EU08|range=15|sl=mid|tp=1|filter=none,C_ORB,4358,6.6943164362519205,0.40454336851766864,-0.5816597176203079,-0.6155134560506182,-0.5478059791899975,-33.67583904751495,0.31895408618585563,-2534.8730493893017,2534.873049389301,29
family=C_ORB|open=EU08|range=15|sl=mid|tp=1|filter=none|fod,C_ORB,648,0.9953917050691244,0.1882716049382716,-1.3135860610267256,-1.4026919506521855,-1.2244801714012656,-28.89403484364903,0.07131551379086828,-851.2037675453182,851.2037675453173,24
family=C_ORB|open=EU08|range=15|sl=mid|tp=1|filter=d1,C_ORB,3603,5.534562211981567,0.3488759367194005,-0.710139285218475,-0.7470182276076939,-0.6732603428292562,-37.74167340100049,0.25650762574640884,-2558.6318446421656,2559.4500264603466,20
family=C_ORB|open=EU08|range=15|sl=mid|tp=1|filter=d1|fod,C_ORB,647,0.9938556067588326,0.2797527047913447,-1.0138995965981537,-1.1069851804522761,-0.9208140127440311,-21.348560400573454,0.14517997313447323,-655.9930389990054,655.9930389990046,28
family=C_ORB|open=EU08|range=15|sl=mid|tp=2|filter=none,C_ORB,4358,6.6943164362519205,0.30197338228545206,-0.5949068489265501,-0.6382363293329856,-0.5515773685201146,-26.910487108515106,0.42708034912092446,-2592.6040476219055,2594.540820859467,35
family=C_ORB|open=EU08|range=15|sl=mid|tp=2|filter=none|fod,C_ORB,648,0.9953917050691244,0.13117283950617284,-1.4513540002988843,-1.5496652838958473,-1.3530427167019212,-28.93517139139141,0.10053354881278614,-940.477392193677,940.4773921936766,31
family=C_ORB|open=EU08|range=15|sl=mid|tp=2|filter=d1,C_ORB,3603,5.534562211981567,0.24701637524285316,-0.7395940856966166,-0.784950910461509,-0.6942372609317241,-31.960006360220508,0.33741505741216243,-2664.7574907649096,2666.5756725830884,28
family=C_ORB|open=EU08|range=15|sl=mid|tp=2|filter=d1|fod,C_ORB,647,0.9938556067588326,0.19319938176197837,-1.1168952193981125,-1.22387741178689,-1.009913027009335,-20.46242071825347,0.1891848353080704,-722.6312069505788,722.631206950578,27
family=C_ORB|open=EU08|range=30|sl=opp|tp=1|filter=none,C_ORB,4344,6.6728110599078345,0.4601749539594843,-0.20512962275852334,-0.23270724312190116,-0.17755200239514551,-14.57899758242449,0.6175668658130209,-891.0830812630254,891.0830812630259,14
family=C_ORB|open=EU08|range=30|sl=opp|tp=1|filter=none|fod,C_ORB,648,0.9953917050691244,0.23919753086419754,-0.7437239661351212,-0.8084861209208956,-0.6789618113493467,-22.50850019500946,0.1553262718239738,-481.93313005555854,481.93313005555797,19
family=C_ORB|open=EU08|range=30|sl=opp|tp=1|filter=d1,C_ORB,3415,5.245775729646698,0.45534407027818447,-0.21490818011237262,-0.2468266877550121,-0.18298967246973313,-13.196733310223701,0.6156127059148057,-733.9114350837525,742.2355904091673,13
family=C_ORB|open=EU08|range=30|sl=opp|tp=1|filter=d1|fod,C_ORB,647,0.9938556067588326,0.3415765069551777,-0.494425400031799,-0.5669305030276752,-0.42192029703592276,-13.365594199865384,0.32171757822442676,-319.893233820574,319.8932338205739,14
family=C_ORB|open=EU08|range=30|sl=opp|tp=2|filter=none,C_ORB,4344,6.6728110599078345,0.38144567219152853,-0.21568087280445053,-0.24877046610877404,-0.18259127950012702,-12.77545199207656,0.6442677601343135,-936.9177114625331,944.4342134036392,19
family=C_ORB|open=EU08|range=30|sl=opp|tp=2|filter=none|fod,C_ORB,648,0.9953917050691244,0.17592592592592593,-0.801979077538324,-0.8730440735596201,-0.7309140815170279,-22.11889228142738,0.16152976848408757,-519.682442244834,519.6824422448333,27
family=C_ORB|open=EU08|range=30|sl=opp|tp=2|filter=d1,C_ORB,3415,5.245775729646698,0.37745241581259154,-0.22248359593442657,-0.2610587508787915,-0.18390844099006165,-11.304370615241739,0.6484093167866216,-759.7814801160667,770.0492625309287,21
family=C_ORB|open=EU08|range=30|sl=opp|tp=2|filter=d1|fod,C_ORB,647,0.9938556067588326,0.2735703245749614,-0.5376475373600351,-0.6207877674415799,-0.4545073072784903,-12.674840714201794,0.3373051188235921,-347.85795667194276,348.5672825931275,23
family=C_ORB|open=EU08|range=30|sl=mid|tp=1|filter=none,C_ORB,4344,6.6728110599078345,0.427255985267035,-0.43469341188409794,-0.46623208936206467,-0.4031547344061312,-27.014420242828763,0.4126338311853958,-1888.3081812245214,1888.3081812245161,14
family=C_ORB|open=EU08|range=30|sl=mid|tp=1|filter=none|fod,C_ORB,648,0.9953917050691244,0.2175925925925926,-1.0491585975240525,-1.124897748353734,-0.9734194466943711,-27.150434466467257,0.1049535524142623,-679.854771195586,679.8547711955855,17
family=C_ORB|open=EU08|range=30|sl=mid|tp=1|filter=d1,C_ORB,3415,5.245775729646698,0.39092240117130306,-0.5176269233374208,-0.5533285662348626,-0.48192528043997895,-28.41742528924467,0.3584902680847252,-1767.6959431972919,1767.6959431972894,23
family=C_ORB|open=EU08|range=30|sl=mid|tp=1|filter=d1|fod,C_ORB,647,0.9938556067588326,0.3106646058732612,-0.7938357725603173,-0.8763724267168184,-0.7112991184038163,-18.851238036230352,0.19894659621451513,-513.6117448465253,513.6117448465254,14
family=C_ORB|open=EU08|range=30|sl=mid|tp=2|filter=none,C_ORB,4344,6.6728110599078345,0.32067219152854515,-0.4331517907730029,-0.4745626012776164,-0.39174098026838944,-20.50134975794552,0.5221380589833874,-1881.6113791179246,1882.242285886755,20
family=C_ORB|open=EU08|range=30|sl=mid|tp=2|filter=none|fod,C_ORB,648,0.9953917050691244,0.14506172839506173,-1.211311984903865,-1.2982300621047957,-1.1243939077029341,-27.315048455606522,0.12568464710391047,-784.9301662177045,784.930166217704,27
family=C_ORB|open=EU08|range=30|sl=mid|tp=2|filter=d1,C_ORB,3415,5.245775729646698,0.28316251830161054,-0.5225882756426533,-0.5683644381682578,-0.47681211311704885,-22.37568559152775,0.4543867989060382,-1784.638961319661,1787.7754553615293,21
family=C_ORB|open=EU08|range=30|sl=mid|tp=2|filter=d1|fod,C_ORB,647,0.9938556067588326,0.2132921174652241,-0.8883352384473638,-0.9895410414889853,-0.7871294354057424,-17.20392521998745,0.25493286147256217,-574.7528992754444,575.0569055598121,19
family=C_ORB|open=EU09|range=15|sl=opp|tp=1|filter=none,C_ORB,4493,6.901689708141321,0.4831960827954596,-0.1532304951750984,-0.1797991892794655,-0.1266618010707313,-11.303971861147186,0.6908015151621987,-688.4646148217171,700.0328966574333,15
family=C_ORB|open=EU09|range=15|sl=opp|tp=1|filter=none|fod,C_ORB,646,0.9923195084485407,0.2678018575851393,-0.6803282104606732,-0.7465061085880025,-0.6141503123333438,-20.149375097065082,0.18589114302975515,-439.4920239575949,440.8393600967097,24
family=C_ORB|open=EU09|range=15|sl=opp|tp=1|filter=d1,C_ORB,3456,5.308755760368664,0.48119212962962965,-0.1543355616388464,-0.18510659078033126,-0.12356453249736155,-9.830600706309099,0.6961723215680341,-533.3837010238532,543.7388706762825,15
family=C_ORB|open=EU09|range=15|sl=opp|tp=1|filter=d1|fod,C_ORB,644,0.989247311827957,0.39906832298136646,-0.3833621829400223,-0.45451646383353844,-0.3122079020465061,-10.560009448861045,0.40106577264260806,-246.88524581337435,247.69566421880464,10
family=C_ORB|open=EU09|range=15|sl=opp|tp=2|filter=none,C_ORB,4493,6.901689708141321,0.40240373914978855,-0.16293563134958222,-0.1949970101639594,-0.13087425253520504,-9.960701917846848,0.7112115650371043,-732.069791653673,747.2561136203556,18
family=C_ORB|open=EU09|range=15|sl=opp|tp=2|filter=none|fod,C_ORB,646,0.9923195084485407,0.20123839009287925,-0.7552590497180309,-0.8261138236592868,-0.6844042757767751,-20.892138314838625,0.17688139076053927,-487.897346117848,490.24468225696273,29
family=C_ORB|open=EU09|range=15|sl=opp|tp=2|filter=d1,C_ORB,3456,5.308755760368664,0.4053819444444444,-0.14769982074849178,-0.18506517290243696,-0.1103344685945466,-7.747595887075783,0.74089993641456,-510.45058050678756,539.3515803248088,19
family=C_ORB|open=EU09|range=15|sl=opp|tp=2|filter=d1|fod,C_ORB,644,0.989247311827957,0.32608695652173914,-0.3942532082549329,-0.4786136542620629,-0.3098927622478028,-9.159936021608488,0.4459544817807259,-253.89906611617678,254.6586680391379,17
family=C_ORB|open=EU09|range=15|sl=mid|tp=1|filter=none,C_ORB,4493,6.901689708141321,0.4449143111506788,-0.36743912029031967,-0.3981627275509469,-0.33671551302969244,-23.440628883833867,0.4682361922312265,-1650.9039674644062,1655.2930259408226,20
family=C_ORB|open=EU09|range=15|sl=mid|tp=1|filter=none|fod,C_ORB,646,0.9923195084485407,0.22291021671826625,-0.9966333370058849,-1.0735677964971142,-0.9196988775146556,-25.390460314525605,0.1150365471848597,-643.8251357058016,643.8251357058009,22
family=C_ORB|open=EU09|range=15|sl=mid|tp=1|filter=d1,C_ORB,3456,5.308755760368664,0.4184027777777778,-0.41997935378118223,-0.45512375588161785,-0.3848349516807466,-23.42220906358551,0.4297087020955184,-1451.4486466677658,1456.8347640786014,17
family=C_ORB|open=EU09|range=15|sl=mid|tp=1|filter=d1|fod,C_ORB,644,0.989247311827957,0.32919254658385094,-0.7023191498604676,-0.7833104224711955,-0.6213278772497397,-16.996220572340814,0.22617907113303132,-452.2935325101411,453.0802623679614,13
family=C_ORB|open=EU09|range=15|sl=mid|tp=2|filter=none,C_ORB,4493,6.901689708141321,0.34498108168261743,-0.3494553951867403,-0.3899520747837679,-0.30895871558971266,-16.913302062825988,0.587158870090457,-1570.1030905740242,1584.0378797819062,27
family=C_ORB|open=EU09|range=15|sl=mid|tp=2|filter=none|fod,C_ORB,646,0.9923195084485407,0.16563467492260062,-1.1264795334068023,-1.2168969701305599,-1.0360620966830447,-24.41896126985869,0.14923295560506547,-727.7057785807942,727.7057785807935,27
family=C_ORB|open=EU09|range=15|sl=mid|tp=2|filter=d1,C_ORB,3456,5.308755760368664,0.3208912037037037,-0.3960290062786414,-0.441665728767944,-0.3503922837893388,-17.008602063570297,0.5473283667046596,-1368.6762456989848,1378.1683039167303,24
family=C_ORB|open=EU09|range=15|sl=mid|tp=2|filter=d1|fod,C_ORB,644,0.989247311827957,0.2608695652173913,-0.7378373550301985,-0.8396049473327097,-0.6360697627276873,-14.210429697111975,0.3166021507226466,-475.1672566394479,476.19470761984024,17
family=C_ORB|open=EU09|range=30|sl=opp|tp=1|filter=none,C_ORB,4429,6.803379416282642,0.4730187401219237,-0.11376288127075175,-0.13805188215200678,-0.08947388038949672,-9.18009136648984,0.7316361014010881,-503.8558011481595,514.0652547685364,18
family=C_ORB|open=EU09|range=30|sl=opp|tp=1|filter=none|fod,C_ORB,646,0.9923195084485407,0.29256965944272445,-0.48393799136640575,-0.5468899063929431,-0.4209860763398684,-15.067348827725223,0.2657049383935038,-312.6239424226981,313.5132004514913,16
family=C_ORB|open=EU09|range=30|sl=opp|tp=1|filter=d1,C_ORB,3131,4.809523809523809,0.47780261897157456,-0.11006646285811512,-0.1393660143003246,-0.08076691141590564,-7.362920474308716,0.7439875802076813,-344.61809520875846,361.591537645823,13
family=C_ORB|open=EU09|range=30|sl=opp|tp=1|filter=d1|fod,C_ORB,641,0.9846390168970814,0.38221528861154447,-0.3210110182015531,-0.3860990158649402,-0.25592302053816596,-9.666630074087639,0.42306102254743283,-205.76806266719552,205.76806266719595,12
family=C_ORB|open=EU09|range=30|sl=opp|tp=2|filter=none,C_ORB,4429,6.803379416282642,0.4298938812372996,-0.11393525000670883,-0.14184855123972476,-0.0860219487736929,-8.000239317770625,0.7491840160807239,-504.6192222797134,526.0459319448868,18
family=C_ORB|open=EU09|range=30|sl=opp|tp=2|filter=none|fod,C_ORB,646,0.9923195084485407,0.24148606811145512,-0.5343122975595599,-0.6008560289254591,-0.4677685661936607,-15.737802520545294,0.2423034012260244,-345.1657442234757,345.165744223476,17
family=C_ORB|open=EU09|range=30|sl=opp|tp=2|filter=d1,C_ORB,3131,4.809523809523809,0.4350047908016608,-0.10526677978009288,-0.1391186511443518,-0.07141490841583399,-6.094873933227207,0.7710432220533653,-329.5902874914708,357.4101637998515,16
family=C_ORB|open=EU09|range=30|sl=opp|tp=2|filter=d1|fod,C_ORB,641,0.9846390168970814,0.3416536661466459,-0.3290873173712738,-0.4018479522447308,-0.25632668249781676,-8.864836640986978,0.4408833004645962,-210.9449704349865,210.94497043498683,12
family=C_ORB|open=EU09|range=30|sl=mid|tp=1|filter=none,C_ORB,4429,6.803379416282642,0.4680514788891398,-0.2634682466523136,-0.29303271888169946,-0.23390377442292778,-17.466835174052495,0.5706096377322463,-1166.900864423097,1180.1288733649546,17
family=C_ORB|open=EU09|range=30|sl=mid|tp=1|filter=none|fod,C_ORB,646,0.9923195084485407,0.28173374613003094,-0.7835770846623152,-0.8585914905197483,-0.7085626788048822,-20.47354862553987,0.18086470568346286,-506.19079669185567,507.0778835801561,20
family=C_ORB|open=EU09|range=30|sl=mid|tp=1|filter=d1,C_ORB,3131,4.809523809523809,0.46311082721175345,-0.2732507608969499,-0.30870990996347986,-0.2377916118304199,-15.103901403645066,0.5655892795681864,-855.5481323683501,867.9881746673085,14
family=C_ORB|open=EU09|range=30|sl=mid|tp=1|filter=d1|fod,C_ORB,641,0.9846390168970814,0.38533541341653665,-0.5047318912581082,-0.5831322862208088,-0.4263314962954077,-12.61823371344679,0.34114648207560117,-323.5331422964474,325.93410334775,12
family=C_ORB|open=EU09|range=30|sl=mid|tp=2|filter=none,C_ORB,4429,6.803379416282642,0.36351320839918716,-0.24883955995421495,-0.28713164113107265,-0.21054747877735724,-12.73698170798364,0.6617193190899914,-1102.110411037218,1126.7842737887438,23
family=C_ORB|open=EU09|range=30|sl=mid|tp=2|filter=none|fod,C_ORB,646,0.9923195084485407,0.1996904024767802,-0.8510006612725556,-0.9399160441386997,-0.7620852784064115,-18.758973333165628,0.22299221867503072,-549.7464271820709,551.5249432396564,27
family=C_ORB|open=EU09|range=30|sl=mid|tp=2|filter=d1,C_ORB,3131,4.809523809523809,0.35867135100606834,-0.2615057209664014,-0.3073272742850282,-0.2156841676477746,-11.185810518688609,0.6519202181407356,-818.7744123458028,838.6731768645043,14
family=C_ORB|open=EU09|range=30|sl=mid|tp=2|filter=d1|fod,C_ORB,641,0.9846390168970814,0.28081123244929795,-0.559480542484726,-0.6561930186778554,-0.4627680662915966,-11.338577052667441,0.3899650108655357,-358.6270277327094,358.6270277327096,20
family=C_ORB|open=NY0930|range=15|sl=opp|tp=1|filter=none,C_ORB,4790,7.357910906298003,0.4751565762004175,-0.14726369127940714,-0.171654156312106,-0.12287322624670827,-11.834002940111201,0.6825788759530899,-705.3930812283602,711.5088192857356,13
family=C_ORB|open=NY0930|range=15|sl=opp|tp=1|filter=none|fod,C_ORB,651,1.0,0.23963133640552994,-0.6739329671364616,-0.7348533093353035,-0.6130126249376197,-21.68255410115827,0.15486523078831238,-438.7303616058365,440.6812824790849,24
family=C_ORB|open=NY0930|range=15|sl=opp|tp=1|filter=d1,C_ORB,3590,5.514592933947773,0.4782729805013928,-0.1429806019156622,-0.172210352981863,-0.1137508508494614,-9.587559576542194,0.7012733270020528,-513.3003608772273,515.8326376012999,15
family=C_ORB|open=NY0930|range=15|sl=opp|tp=1|filter=d1|fod,C_ORB,646,0.9923195084485407,0.3653250773993808,-0.4119841821529308,-0.47847157144983976,-0.34549679285602186,-12.14499479613776,0.34168412423068867,-266.1417816707933,268.7623135595915,13
family=C_ORB|open=NY0930|range=15|sl=opp|tp=2|filter=none,C_ORB,4790,7.357910906298003,0.4123173277661795,-0.12958526053217173,-0.1596794203236414,-0.09949110074070204,-8.439747525865476,0.7518672699773399,-620.7133979491026,629.9493368432961,22
family=C_ORB|open=NY0930|range=15|sl=opp|tp=2|filter=none|fod,C_ORB,651,1.0,0.19815668202764977,-0.7226246878306141,-0.7899069239415466,-0.6553424517196815,-21.050792453044895,0.1637048279308429,-470.4286717777298,472.5257412212085,24
family=C_ORB|open=NY0930|range=15|sl=opp|tp=2|filter=d1,C_ORB,3590,5.514592933947773,0.4161559888579387,-0.11550938883488732,-0.1514016357376503,-0.07961714193212432,-6.307724415518577,0.78369670386076,-414.67870591724545,415.83850948330934,16
family=C_ORB|open=NY0930|range=15|sl=opp|tp=2|filter=d1|fod,C_ORB,646,0.9923195084485407,0.29411764705882354,-0.45138081437461597,-0.5290981150729154,-0.3736635136763165,-11.383648019489254,0.3603846874775172,-291.5920060860019,291.5920060860021,14
family=C_ORB|open=NY0930|range=15|sl=mid|tp=1|filter=none,C_ORB,4790,7.357910906298003,0.44780793319415446,-0.33977977107215684,-0.36872356722185434,-0.31083597492245935,-23.00901885354066,0.48518299612118787,-1627.5451034356313,1628.0179399008152,18
family=C_ORB|open=NY0930|range=15|sl=mid|tp=1|filter=none|fod,C_ORB,651,1.0,0.22427035330261136,-0.9599640298032474,-1.0349387950509044,-0.8849892645555902,-25.095503696467542,0.11406782478121638,-624.936583401914,624.9365834019147,42
family=C_ORB|open=NY0930|range=15|sl=mid|tp=1|filter=d1,C_ORB,3590,5.514592933947773,0.4242339832869081,-0.39803021253988113,-0.43321800981822745,-0.3628424152615348,-22.170731813845165,0.43961947341374796,-1428.9284630181733,1429.5971059882484,21
family=C_ORB|open=NY0930|range=15|sl=mid|tp=1|filter=d1|fod,C_ORB,646,0.9923195084485407,0.3157894736842105,-0.679445994441134,-0.7579383355248277,-0.6009536533574402,-16.966166771413544,0.22512864600847365,-438.92211240897257,438.92211240897217,12
family=C_ORB|open=NY0930|range=15|sl=mid|tp=2|filter=none,C_ORB,4790,7.357910906298003,0.35720250521920666,-0.3253152053954995,-0.3632456304729537,-0.2873847803180453,-16.810193960999875,0.5958497385247152,-1558.2598338444427,1564.1080487778474,27
family=C_ORB|open=NY0930|range=15|sl=mid|tp=2|filter=none|fod,C_ORB,651,1.0,0.16436251920122888,-1.0985682377856347,-1.1822661750265546,-1.0148703005447148,-25.725768364661086,0.13030532693070904,-715.1679227984482,715.1679227984491,25
family=C_ORB|open=NY0930|range=15|sl=mid|tp=2|filter=d1,C_ORB,3590,5.514592933947773,0.33788300835654594,-0.36058504612518216,-0.40542839622892135,-0.315741696021443,-15.76034548646324,0.5695443094548603,-1294.500315589404,1295.8562549764174,21
family=C_ORB|open=NY0930|range=15|sl=mid|tp=2|filter=d1|fod,C_ORB,646,0.9923195084485407,0.2647058823529412,-0.7194485668696479,-0.8170741351092841,-0.6218229986300117,-14.444158599959867,0.3046666773071055,-464.76377419779254,464.76377419779277,13
family=C_ORB|open=NY0930|range=30|sl=opp|tp=1|filter=none,C_ORB,4716,7.244239631336406,0.4529262086513995,-0.14276005788620516,-0.16601616808445466,-0.11950394768795566,-12.031664412994722,0.6609767919036655,-673.2564329913436,679.1733947185779,15
family=C_ORB|open=NY0930|range=30|sl=opp|tp=1|filter=none|fod,C_ORB,651,1.0,0.28417818740399386,-0.4960909785041462,-0.5563741945993379,-0.4358077624089544,-16.129503049948944,0.23284849904635457,-322.95522700619915,322.95522700619944,16
family=C_ORB|open=NY0930|range=30|sl=opp|tp=1|filter=d1,C_ORB,3224,4.9523809523809526,0.47239454094292804,-0.11797066206957472,-0.1462544293967787,-0.08968689474237074,-8.175095452506119,0.717207914741202,-380.3374145123089,384.09869005282184,14
family=C_ORB|open=NY0930|range=30|sl=opp|tp=1|filter=d1|fod,C_ORB,644,0.989247311827957,0.38819875776397517,-0.3167544672524774,-0.3798634317789782,-0.25364550272597663,-9.837568410018076,0.4136927136781589,-203.98987691059546,203.98987691059526,11
family=C_ORB|open=NY0930|range=30|sl=opp|tp=2|filter=none,C_ORB,4716,7.244239631336406,0.41327396098388464,-0.1327992389096034,-0.15930448817051732,-0.1062939896486895,-9.820187152386277,0.7027550544826038,-626.2812106976896,631.6588275223053,18
family=C_ORB|open=NY0930|range=30|sl=opp|tp=2|filter=none|fod,C_ORB,651,1.0,0.24731182795698925,-0.5394427429139579,-0.6043802483655102,-0.4745052374624056,-16.281927812890498,0.2265665239292295,-351.1772256369866,351.1772256369866,18
family=C_ORB|open=NY0930|range=30|sl=opp|tp=2|filter=d1,C_ORB,3224,4.9523809523809526,0.42555831265508687,-0.11660000747834726,-0.14913102649855278,-0.08406898845814173,-7.0251723290811565,0.740375359811111,-375.91842411019155,378.2532201177309,16
family=C_ORB|open=NY0930|range=30|sl=opp|tp=2|filter=d1|fod,C_ORB,644,0.989247311827957,0.33540372670807456,-0.34656889262103024,-0.417296461355417,-0.2758413238866435,-9.60410546682577,0.4116885435518099,-223.1903668479435,223.19036684794332,15
family=C_ORB|open=NY0930|range=30|sl=mid|tp=1|filter=none,C_ORB,4716,7.244239631336406,0.4474130619168787,-0.32611839997544323,-0.3587749192178685,-0.29346188073301793,-19.573184123109797,0.5032966658869273,-1537.9743742841902,1538.8493962222722,20
family=C_ORB|open=NY0930|range=30|sl=mid|tp=1|filter=none|fod,C_ORB,651,1.0,0.2749615975422427,-0.7869013231396137,-0.8631994728781581,-0.7106031734010693,-20.21446914032422,0.16923390529749202,-512.2727613638885,512.2727613638885,22
family=C_ORB|open=NY0930|range=30|sl=mid|tp=1|filter=d1,C_ORB,3224,4.9523809523809526,0.4466501240694789,-0.321328961242687,-0.3592747205245929,-0.2833832019607811,-16.597500641817003,0.5101225355600775,-1035.9645710464229,1040.9404150636285,21
family=C_ORB|open=NY0930|range=30|sl=mid|tp=1|filter=d1|fod,C_ORB,644,0.989247311827957,0.35248447204968947,-0.5924368139206472,-0.6732053647630499,-0.5116682630782444,-14.37658770862658,0.27556892338679173,-381.5293081648968,381.52930816489686,16
family=C_ORB|open=NY0930|range=30|sl=mid|tp=2|filter=none,C_ORB,4716,7.244239631336406,0.3693808312128923,-0.2854837589806897,-0.3239684829797934,-0.24699903498158596,-14.539487605918213,0.6156835737592533,-1346.3414073529325,1352.0325961833114,22
family=C_ORB|open=NY0930|range=30|sl=mid|tp=2|filter=none|fod,C_ORB,651,1.0,0.20276497695852536,-0.8672038053970078,-0.9556122647867418,-0.7787953460072738,-19.225755887060593,0.20215737693077657,-564.5496773134521,564.5496773134519,39
family=C_ORB|open=NY0930|range=30|sl=mid|tp=2|filter=d1,C_ORB,3224,4.9523809523809526,0.36755583126550867,-0.28035994403928377,-0.3260803832330522,-0.23463950484551532,-12.01881477971218,0.6244502737180485,-903.8804595826509,906.6604290580501,21
family=C_ORB|open=NY0930|range=30|sl=mid|tp=2|filter=d1|fod,C_ORB,644,0.989247311827957,0.29347826086956524,-0.581371384940648,-0.6791708782829773,-0.4835718915983187,-11.651266029519196,0.3725002545680245,-374.40317190177734,374.4031719017774,15
family=D_FVG|window=EU|trend=H1|entry=prox|sl=gap|tp=1,D_FVG,2083,3.1996927803379416,0.3984637542006721,-0.316597553554511,-0.3593658628380193,-0.27382924427100275,-14.509135744725876,0.5159440588571815,-659.4727040540465,661.4151560478075,13
family=D_FVG|window=EU|trend=H1|entry=prox|sl=gap|tp=1|fod,D_FVG,632,0.9708141321044547,0.4098101265822785,-0.3120197388442135,-0.39207095947023574,-0.2319685182181913,-7.639592292935749,0.53122992882236,-197.19647494954296,198.70591169470282,10
family=D_FVG|window=EU|trend=H1|entry=prox|sl=gap|tp=2,D_FVG,2083,3.1996927803379416,0.29812770043206915,-0.3364322391240884,-0.3895884959611213,-0.28327598228705547,-12.405071912885658,0.5564753307309067,-700.788354095476,704.2431295260893,17
family=D_FVG|window=EU|trend=H1|entry=prox|sl=gap|tp=2|fod,D_FVG,632,0.9708141321044547,0.30063291139240506,-0.32536638889270353,-0.426484338444168,-0.2242484393412391,-6.30667576882707,0.5849929351339708,-205.63155778018864,209.0996265115257,13
family=D_FVG|window=EU|trend=H1|entry=prox|sl=c1|tp=1,D_FVG,2083,3.1996927803379416,0.42486797887662026,-0.14948922297514303,-0.18458443637379268,-0.11439400957649336,-8.348684867736232,0.6645659506787637,-311.38605145722295,316.841494615985,14
family=D_FVG|window=EU|trend=H1|entry=prox|sl=c1|tp=1|fod,D_FVG,632,0.9708141321044547,0.44936708860759494,-0.13668740759424552,-0.20556896010593345,-0.06780585508255758,-3.889391413459536,0.7156235989805539,-86.38644159956317,91.28531820517345,9
family=D_FVG|window=EU|trend=H1|entry=prox|sl=c1|tp=2,D_FVG,2083,3.1996927803379416,0.3912626020163226,-0.14565403427630422,-0.1857385654562051,-0.10556950309640334,-7.1219969094886695,0.6897037758903551,-303.3973533975417,309.0880573945588,14
family=D_FVG|window=EU|trend=H1|entry=prox|sl=c1|tp=2|fod,D_FVG,632,0.9708141321044547,0.39556962025316456,-0.12099081046520739,-0.20369339254471946,-0.0382882283856953,-2.8674073112229186,0.7686663368455026,-76.46619221401107,81.71391715025204,11
family=D_FVG|window=EU|trend=H1|entry=mid|sl=gap|tp=1,D_FVG,1805,2.772657450076805,0.36786703601108034,-0.5186829022673208,-0.5694082472931066,-0.4679575572415351,-20.041627867236013,0.3727823809786134,-936.2226385925142,938.8824593447955,16
family=D_FVG|window=EU|trend=H1|entry=mid|sl=gap|tp=1|fod,D_FVG,615,0.9447004608294931,0.34796747967479674,-0.5897092871455809,-0.6791805846739302,-0.5002379896172316,-12.918446862124812,0.3314381930001457,-362.6712115945323,366.05065980484915,14
family=D_FVG|window=EU|trend=H1|entry=mid|sl=gap|tp=2,D_FVG,1805,2.772657450076805,0.2520775623268698,-0.5334289166334681,-0.59645941376493,-0.47039841950200634,-16.587536576476154,0.4473793358704992,-962.8391945234099,964.9833522752303,33
family=D_FVG|window=EU|trend=H1|entry=mid|sl=gap|tp=2|fod,D_FVG,615,0.9447004608294931,0.23252032520325203,-0.6216873558738192,-0.7296719728813653,-0.513702738866273,-11.284081485676191,0.3921969176157838,-382.3377238623988,384.6181438040012,25
family=D_FVG|window=EU|trend=H1|entry=mid|sl=c1|tp=1,D_FVG,1805,2.772657450076805,0.42105263157894735,-0.18827559771064234,-0.22938294635985496,-0.14716824906142972,-8.976987902135777,0.6344221375430438,-339.8374538677094,345.3254517217926,14
family=D_FVG|window=EU|trend=H1|entry=mid|sl=c1|tp=1|fod,D_FVG,615,0.9447004608294931,0.42276422764227645,-0.2118389082852743,-0.28652545358777265,-0.13715236298277594,-5.5592912827532865,0.6245626008893249,-130.2809285954437,136.63900581664365,11
family=D_FVG|window=EU|trend=H1|entry=mid|sl=c1|tp=2,D_FVG,1805,2.772657450076805,0.36952908587257616,-0.1819853119560125,-0.23060788973107924,-0.13336273418094577,-7.335917340373774,0.6716563567801436,-328.48348808060257,338.48252373979363,15
family=D_FVG|window=EU|trend=H1|entry=mid|sl=c1|tp=2|fod,D_FVG,615,0.9447004608294931,0.35609756097560974,-0.18031875527124297,-0.27307308256301666,-0.08756442797946926,-3.81033177266093,0.7094507142215078,-110.89603449181442,121.29029822880676,13
family=D_FVG|window=EU|trend=H4|entry=prox|sl=gap|tp=1,D_FVG,1885,2.8955453149001538,0.40318302387267907,-0.3093232341631605,-0.3543305541797763,-0.26431591414654465,-13.470554095110975,0.5245569839597564,-583.0742963975575,584.4629392752382,13
family=D_FVG|window=EU|trend=H4|entry=prox|sl=gap|tp=1|fod,D_FVG,621,0.9539170506912442,0.41223832528180354,-0.30619756735260006,-0.3873175363119497,-0.22507759839325042,-7.398267525371446,0.5358414013639677,-190.14868932596463,191.65812607112449,12
family=D_FVG|window=EU|trend=H4|entry=prox|sl=gap|tp=2,D_FVG,1885,2.8955453149001538,0.30344827586206896,-0.3237021497920662,-0.3799830636310921,-0.2674212359530403,-11.273026152473554,0.57170134559156,-610.1785523580447,612.4670582749887,17
family=D_FVG|window=EU|trend=H4|entry=prox|sl=gap|tp=2|fod,D_FVG,621,0.9539170506912442,0.3075684380032206,-0.32018331383475834,-0.42163741990903025,-0.21872920776048643,-6.185647081220217,0.5866980646124335,-198.83383789138492,203.8914610722706,12
family=D_FVG|window=EU|trend=H4|entry=prox|sl=c1|tp=1,D_FVG,1885,2.8955453149001538,0.4297082228116711,-0.14363731332519933,-0.18075178753024002,-0.10652283912015864,-7.585426983609399,0.6763820094235762,-270.7563356180007,275.99517438000333,13
family=D_FVG|window=EU|trend=H4|entry=prox|sl=c1|tp=1|fod,D_FVG,621,0.9539170506912442,0.43478260869565216,-0.16458171663999382,-0.23370855210696345,-0.09545488117302418,-4.66649691737334,0.6658267525190499,-102.20524603343617,108.47762049373586,9
family=D_FVG|window=EU|trend=H4|entry=prox|sl=c1|tp=2,D_FVG,1885,2.8955453149001538,0.39734748010610077,-0.1371690789658303,-0.17953326346034,-0.09480489447132062,-6.346195447427296,0.7056596967231173,-258.56371385059015,264.60368133906707,13
family=D_FVG|window=EU|trend=H4|entry=prox|sl=c1|tp=2|fod,D_FVG,621,0.9539170506912442,0.38164251207729466,-0.1765138725776888,-0.2567590540477822,-0.09626869110759538,-4.311376507774596,0.6693111691606103,-109.61511487074475,116.20785398263928,10
family=D_FVG|window=EU|trend=H4|entry=mid|sl=gap|tp=1,D_FVG,1640,2.5192012288786483,0.3652439024390244,-0.5248984344838722,-0.5779646598044008,-0.47183220916334356,-19.387113467639054,0.3688643057814012,-860.8334325535504,864.5204705839407,22
family=D_FVG|window=EU|trend=H4|entry=mid|sl=gap|tp=1|fod,D_FVG,604,0.9278033794162827,0.3526490066225166,-0.5807318750547598,-0.673005111309554,-0.48845863879996554,-12.335477992386876,0.34035691191896505,-350.7620525330749,352.8564213067679,11
family=D_FVG|window=EU|trend=H4|entry=mid|sl=gap|tp=2,D_FVG,1640,2.5192012288786483,0.2524390243902439,-0.5362283504456167,-0.602259958593331,-0.4701967422979023,-15.91673436942924,0.44595165879635096,-879.4144947308113,882.2174242312215,22
family=D_FVG|window=EU|trend=H4|entry=mid|sl=gap|tp=2|fod,D_FVG,604,0.9278033794162827,0.22847682119205298,-0.6326612144076234,-0.7427246483101544,-0.5225977805050923,-11.266375546097018,0.3865844637451117,-382.12737350220453,383.1227140071831,26
family=D_FVG|window=EU|trend=H4|entry=mid|sl=c1|tp=1,D_FVG,1640,2.5192012288786483,0.42621951219512194,-0.18463165331276551,-0.22793294988442947,-0.14133035674110156,-8.357210271847396,0.6411741135550207,-302.79591143293544,309.8151537195396,13
family=D_FVG|window=EU|trend=H4|entry=mid|sl=c1|tp=1|fod,D_FVG,604,0.9278033794162827,0.4155629139072848,-0.23499722384425067,-0.3103460864527251,-0.15964836123577622,-6.112826959685632,0.5936492164620782,-141.9383232019274,147.4132573317172,10
family=D_FVG|window=EU|trend=H4|entry=mid|sl=c1|tp=2,D_FVG,1640,2.5192012288786483,0.375,-0.17810044175472978,-0.2291905223916888,-0.12701036111777075,-6.832576137817742,0.6780097237349952,-292.0847244777568,303.10032928600623,18
family=D_FVG|window=EU|trend=H4|entry=mid|sl=c1|tp=2|fod,D_FVG,604,0.9278033794162827,0.34933774834437087,-0.22376642670427932,-0.315292363147464,-0.13224049026109463,-4.791889746057285,0.6471929804431305,-135.1549217293847,147.66081438781376,11
family=D_FVG|window=US|trend=H1|entry=prox|sl=gap|tp=1,D_FVG,2177,3.3440860215053765,0.4170877354157097,-0.24684424856326143,-0.2895038595649789,-0.2041846375615439,-11.34128314401445,0.5943923512105139,-537.3799291222201,546.1299071621959,13
family=D_FVG|window=US|trend=H1|entry=prox|sl=gap|tp=1|fod,D_FVG,618,0.9493087557603687,0.42718446601941745,-0.21918272593859098,-0.30229862671461616,-0.13606682516256577,-5.168663743382734,0.6374806255505322,-135.45492463004922,139.8626851081456,8
family=D_FVG|window=US|trend=H1|entry=prox|sl=gap|tp=2,D_FVG,2177,3.3440860215053765,0.32751492880110245,-0.2409088890600473,-0.2939550458565844,-0.1878627322635102,-8.90133142668155,0.6566911896778637,-524.458651483723,530.3442282988982,17
family=D_FVG|window=US|trend=H1|entry=prox|sl=gap|tp=2|fod,D_FVG,618,0.9493087557603687,0.3300970873786408,-0.2169276797695387,-0.32061963530166615,-0.11323572423741124,-4.100397665048958,0.6961487706124219,-134.0613060975749,149.0631080232861,14
family=D_FVG|window=US|trend=H1|entry=prox|sl=c1|tp=1,D_FVG,2177,3.3440860215053765,0.4395957740009187,-0.13018205102465166,-0.1641458505021851,-0.09621825154711822,-7.512611189955347,0.6958348974136104,-283.40632508066665,285.9688299079845,14
family=D_FVG|window=US|trend=H1|entry=prox|sl=c1|tp=1|fod,D_FVG,618,0.9493087557603687,0.4336569579288026,-0.1452109385236346,-0.2124363478596908,-0.0779855291875784,-4.233718207405128,0.6880823152297778,-89.74036000760617,93.00084572672989,9
family=D_FVG|window=US|trend=H1|entry=prox|sl=c1|tp=2,D_FVG,2177,3.3440860215053765,0.40101056499770327,-0.13637710181350984,-0.1751837887121443,-0.0975704149148754,-6.887965474936878,0.7019673330800912,-296.8929506480109,304.4914154272176,14
family=D_FVG|window=US|trend=H1|entry=prox|sl=c1|tp=2|fod,D_FVG,618,0.9493087557603687,0.39158576051779936,-0.13747113009683185,-0.21522357618046623,-0.05971868401319748,-3.4654011360615433,0.7219906366941276,-84.95715839984209,92.87288651194422,9
family=D_FVG|window=US|trend=H1|entry=mid|sl=gap|tp=1,D_FVG,1842,2.8294930875576036,0.38165038002171553,-0.43199386948443275,-0.48662249835836535,-0.37736524061050014,-15.49934533673636,0.4497989271042541,-795.7327075903252,797.4740763823141,11
family=D_FVG|window=US|trend=H1|entry=mid|sl=gap|tp=1|fod,D_FVG,602,0.9247311827956989,0.38870431893687707,-0.40199052783733247,-0.5119434484904579,-0.292037607184207,-7.165807237142957,0.49340227028447586,-241.99829775807416,241.99829775807405,9
family=D_FVG|window=US|trend=H1|entry=mid|sl=gap|tp=2,D_FVG,1842,2.8294930875576036,0.2785016286644951,-0.4294503539669609,-0.49607976157249556,-0.36282094636142626,-12.632900756952324,0.5310718152644086,-791.047552007142,795.7260595124013,15
family=D_FVG|window=US|trend=H1|entry=mid|sl=gap|tp=2|fod,D_FVG,602,0.9247311827956989,0.29069767441860467,-0.3918151562583446,-0.5207822692672599,-0.2628480432494294,-5.95467858703845,0.5766578559979746,-235.87272406752345,235.8727240675232,13
family=D_FVG|window=US|trend=H1|entry=mid|sl=c1|tp=1,D_FVG,1842,2.8294930875576036,0.44408251900108575,-0.15897225483143348,-0.19985578847238433,-0.11808872119048264,-7.621298643263825,0.6813271393032022,-292.8268933995005,302.3981855405166,12
family=D_FVG|window=US|trend=H1|entry=mid|sl=c1|tp=1|fod,D_FVG,602,0.9247311827956989,0.4485049833887043,-0.15973575580707217,-0.23335073425621466,-0.08612077735792968,-4.252967099598579,0.6895245697494439,-96.16092499585744,102.58972569486701,12
family=D_FVG|window=US|trend=H1|entry=mid|sl=c1|tp=2,D_FVG,1842,2.8294930875576036,0.3805646036916395,-0.17097422910554463,-0.219310172354764,-0.12263828585632527,-6.9329254074767555,0.6897614565226765,-314.93453001241323,319.76744542790817,13
family=D_FVG|window=US|trend=H1|entry=mid|sl=c1|tp=2|fod,D_FVG,602,0.9247311827956989,0.36046511627906974,-0.19393114662006722,-0.28147073702522224,-0.10639155621491221,-4.34209305316727,0.668541734809104,-116.74655026528046,123.70771960910028,15
family=D_FVG|window=US|trend=H4|entry=prox|sl=gap|tp=1,D_FVG,1897,2.913978494623656,0.42540853979968374,-0.23534315451147542,-0.28110548043995925,-0.18958082858299158,-10.079745150265232,0.6111854767437455,-446.44596410826887,447.568738356478,17
family=D_FVG|window=US|trend=H4|entry=prox|sl=gap|tp=1|fod,D_FVG,603,0.9262672811059908,0.42786069651741293,-0.229133370539701,-0.31522299010405574,-0.14304375097534625,-5.216673142829912,0.6295969224329339,-138.1674224354397,138.84063375097384,11
family=D_FVG|window=US|trend=H4|entry=prox|sl=gap|tp=2,D_FVG,1897,2.913978494623656,0.3315761729045862,-0.23298212200308738,-0.29019898023405133,-0.17576526377212345,-7.980951300799135,0.6693913217109435,-441.96708543985676,450.8835826224071,17
family=D_FVG|window=US|trend=H4|entry=prox|sl=gap|tp=2|fod,D_FVG,603,0.9262672811059908,0.3283582089552239,-0.2255817339607168,-0.33327201220819824,-0.11789145571323534,-4.10566492870349,0.6932221007485986,-136.02578557831222,138.57846826570653,20
family=D_FVG|window=US|trend=H4|entry=prox|sl=c1|tp=1,D_FVG,1897,2.913978494623656,0.4496573537163943,-0.1119705409170875,-0.14849034138217976,-0.07545074045199525,-6.0094046901287514,0.7324272249659955,-212.40811611971498,218.3346811912035,13
family=D_FVG|window=US|trend=H4|entry=prox|sl=c1|tp=1|fod,D_FVG,603,0.9262672811059908,0.4461028192371476,-0.1216535827555977,-0.1904242499073175,-0.05288291560387792,-3.467190767175925,0.730597097350063,-73.35711040162542,77.79488856308593,10
family=D_FVG|window=US|trend=H4|entry=prox|sl=c1|tp=2,D_FVG,1897,2.913978494623656,0.4132841328413284,-0.11899199944634303,-0.1606320181886632,-0.07735198070402285,-5.600965752635421,0.7343563086106244,-225.72782294971273,239.72926495727216,13
family=D_FVG|window=US|trend=H4|entry=prox|sl=c1|tp=2|fod,D_FVG,603,0.9262672811059908,0.40630182421227196,-0.12622459935786823,-0.20427811812720947,-0.048171080588526996,-3.1696228260063846,0.7380342487478975,-76.11343341279455,89.39433449419542,10
family=D_FVG|window=US|trend=H4|entry=mid|sl=gap|tp=1,D_FVG,1612,2.4761904761904763,0.40136476426799006,-0.39423570902485855,-0.4523408049234971,-0.33613061312622,-13.298351508388574,0.483430369759979,-635.507962948072,637.5567924511325,14
family=D_FVG|window=US|trend=H4|entry=mid|sl=gap|tp=1|fod,D_FVG,577,0.8863287250384024,0.4194107452339688,-0.36041629701547523,-0.46874791254497183,-0.2520846814859786,-6.520865942020298,0.5316144524941396,-207.96020337792922,210.09981629259295,10
family=D_FVG|window=US|trend=H4|entry=mid|sl=gap|tp=2,D_FVG,1612,2.4761904761904763,0.2903225806451613,-0.3970289459358887,-0.46855038533819743,-0.32550750653358,-10.880328200011347,0.5608267769652695,-640.0106608486526,642.0676226398361,21
family=D_FVG|window=US|trend=H4|entry=mid|sl=gap|tp=2|fod,D_FVG,577,0.8863287250384024,0.3050259965337955,-0.37186465917007405,-0.5012524503182907,-0.24247686802185736,-5.633102826049679,0.5977250041581186,-214.56590834113274,214.56590834113265,17
family=D_FVG|window=US|trend=H4|entry=mid|sl=c1|tp=1,D_FVG,1612,2.4761904761904763,0.45347394540942926,-0.1414848361621068,-0.1850660986983465,-0.0979035736258671,-6.363062076210709,0.7074203154125035,-228.07355589331618,229.368961590556,11
family=D_FVG|window=US|trend=H4|entry=mid|sl=c1|tp=1|fod,D_FVG,577,0.8863287250384024,0.4696707105719237,-0.13466371220104775,-0.21015304667250126,-0.059174377729594246,-3.4963995611044036,0.7270465165554533,-77.70096194000456,80.25995071495925,10
family=D_FVG|window=US|trend=H4|entry=mid|sl=c1|tp=2,D_FVG,1612,2.4761904761904763,0.3970223325062035,-0.14523330192698447,-0.19687283599878946,-0.09359376785517948,-5.5123903980441105,0.7270602617907913,-234.11608270629898,234.7852261958644,21
family=D_FVG|window=US|trend=H4|entry=mid|sl=c1|tp=2|fod,D_FVG,577,0.8863287250384024,0.3934142114384749,-0.1672690861520762,-0.2561162948890124,-0.07842187741514002,-3.690013603339846,0.7017384194482088,-96.51426270974797,108.14083452311378,10
family=E_PDHL|mode=fade|window=EU|tp=1,E_PDHL,1650,2.5345622119815667,0.4412121212121212,-0.14842981658717613,-0.18800863167756005,-0.10885100149679224,-7.350458568466542,0.6688606038923696,-244.90919736884064,244.90919736884044,10
family=E_PDHL|mode=fade|window=EU|tp=1|fod,E_PDHL,577,0.8863287250384024,0.4662045060658579,-0.10858817450953472,-0.1737894250805448,-0.04338692393852464,-3.2642444765211027,0.7360917369283817,-62.65537669200153,67.46665659270207,8
family=E_PDHL|mode=fade|window=EU|tp=2,E_PDHL,1650,2.5345622119815667,0.42303030303030303,-0.12548538548746838,-0.1698866680255804,-0.08108410294935635,-5.539284937193528,0.7260059691638525,-207.0508860543228,207.94614325986788,10
family=E_PDHL|mode=fade|window=EU|tp=2|fod,E_PDHL,577,0.8863287250384024,0.45233968804159447,-0.08595188377382504,-0.15879685188554818,-0.013106915662101898,-2.312660662275524,0.7953362372927891,-49.594236937497044,56.96509872150602,8
family=E_PDHL|mode=fade|window=US|tp=1,E_PDHL,1907,2.9293394777265744,0.4289459884635553,-0.18546134162204814,-0.22657810220667474,-0.14434458103742154,-8.840779876883762,0.650189784750385,-353.6747784732458,363.39414845701765,14
family=E_PDHL|mode=fade|window=US|tp=1|fod,E_PDHL,598,0.9185867895545314,0.42474916387959866,-0.19695411706760943,-0.2666663289193143,-0.1272419052159046,-5.537481299168877,0.6134662525350713,-117.77856200643043,120.72404702354056,8
family=E_PDHL|mode=fade|window=US|tp=2,E_PDHL,1907,2.9293394777265744,0.3770319874147876,-0.18864978797684218,-0.23603773942889086,-0.1412618365247935,-7.802691889071425,0.6666103219539041,-359.755145671838,373.432465904009,14
family=E_PDHL|mode=fade|window=US|tp=2|fod,E_PDHL,598,0.9185867895545314,0.36454849498327757,-0.24914699675839608,-0.3257751761102024,-0.17251881740658975,-6.37269628193176,0.5519684192954714,-148.98990406152086,149.27475795774183,8
family=E_PDHL|mode=break|window=EU|tp=1,E_PDHL,1699,2.6098310291858677,0.43790464979399646,-0.14560088210954095,-0.1847150353451166,-0.10648672887396529,-7.296022164047247,0.6750950254080852,-247.37589870411009,264.8710344336442,15
family=E_PDHL|mode=break|window=EU|tp=1|fod,E_PDHL,590,0.9062980030721967,0.3949152542372881,-0.22168054967977732,-0.2860664619841813,-0.15729463737537333,-6.748275543851293,0.5364856798608326,-130.79152431106863,142.89615017908213,11
family=E_PDHL|mode=break|window=EU|tp=2,E_PDHL,1699,2.6098310291858677,0.4114184814596822,-0.13200512185674085,-0.17623864345032197,-0.08777160026315972,-5.849184725024408,0.7140360155307822,-224.2767020346027,252.0424099036092,15
family=E_PDHL|mode=break|window=EU|tp=2|fod,E_PDHL,590,0.9062980030721967,0.3728813559322034,-0.21831847242098612,-0.28918641631628106,-0.1474505285256912,-6.03805024423098,0.5549774520060126,-128.80789872838182,141.77487877679525,11
family=E_PDHL|mode=break|window=US|tp=1,E_PDHL,1954,3.0015360983102917,0.43551688843398156,-0.18808508562039744,-0.22938088985873806,-0.14678928138205682,-8.92697877218512,0.6484436925602658,-367.5182573022566,369.1436474062389,16
family=E_PDHL|mode=break|window=US|tp=1|fod,E_PDHL,602,0.9247311827956989,0.3903654485049834,-0.26519944501909987,-0.33475674216842255,-0.19564214786977718,-7.472845172830256,0.5177932556289417,-159.65006590149812,160.28605868250182,10
family=E_PDHL|mode=break|window=US|tp=2,E_PDHL,1954,3.0015360983102917,0.36591606960081885,-0.20241730676723266,-0.2510675086720206,-0.15376710486244474,-8.154908011280646,0.6568493044052548,-395.5234174231726,395.5234174231724,17
family=E_PDHL|mode=break|window=US|tp=2|fod,E_PDHL,602,0.9247311827956989,0.3438538205980066,-0.27886562147772354,-0.3581586526479005,-0.19957259030754662,-6.8931230151018905,0.5242389710285507,-167.87710412958955,169.2108606027774,13
