name,family,min_score,trend,tp,session,basket,tr_n,tr_per_wd,tr_wr,tr_avg,tr_lo,tr_hi,tr_t,tr_pf,tr_sum,tr_maxdd,tr_streak
family=A_OB|min_score=4|trend=none|tp=1|session=any|basket=MFC,A_OB,4,none,1,any,MFC,547,0.8402457757296466,0.4990859232175503,-0.004030312424533336,-0.07714270702056954,0.06908208217150287,-0.10804477675408548,0.9899441926877287,-2.204580896219735,15.111199994482867,9
family=A_OB|min_score=4|trend=none|tp=1|session=any|basket=ALL,A_OB,4,none,1,any,ALL,688,1.0568356374807988,0.501453488372093,0.029929904194563137,-0.04502718401065221,0.10488699239977849,0.7826159423474262,1.0736233671866013,20.591774085859438,16.02012150222371,8
family=A_OB|min_score=4|trend=none|tp=1|session=0818|basket=MFC,A_OB,4,none,1,0818,MFC,367,0.5637480798771122,0.49318801089918257,-0.0006674692371724165,-0.09171218986949999,0.09037725139515516,-0.01436919895818116,0.9983849730855794,-0.2449612100422769,15.992335098907477,7
family=A_OB|min_score=4|trend=none|tp=1|session=0818|basket=ALL,A_OB,4,none,1,0818,ALL,459,0.7050691244239631,0.49673202614379086,0.0003998230835652242,-0.08228501672729556,0.083084662894426,0.00947759281605218,1.00094508903052,0.1835187953564379,18.80576801691178,10
family=A_OB|min_score=4|trend=none|tp=2|session=any|basket=MFC,A_OB,4,none,2,any,MFC,547,0.8402457757296466,0.4296160877513711,-0.03998598044707633,-0.12683232048542278,0.04686035959127013,-0.9024274556839669,0.91267801976997,-21.872331304550755,37.334684846202975,10
family=A_OB|min_score=4|trend=none|tp=2|session=any|basket=ALL,A_OB,4,none,2,any,ALL,688,1.0568356374807988,0.4331395348837209,0.014607188884184583,-0.07279798354668326,0.10201236131505242,0.32755601775909127,1.0316272365480577,10.049745952318993,26.036042296336312,9
family=A_OB|min_score=4|trend=none|tp=2|session=0818|basket=MFC,A_OB,4,none,2,0818,MFC,367,0.5637480798771122,0.4032697547683924,-0.060593838078035964,-0.1704792366683659,0.049291560512293955,-1.0807980328280111,0.8761622377672519,-22.237938574639198,36.98410376799305,9
family=A_OB|min_score=4|trend=none|tp=2|session=0818|basket=ALL,A_OB,4,none,2,0818,ALL,459,0.7050691244239631,0.4117647058823529,-0.03571828562929169,-0.13655505924742778,0.0651184879888444,-0.6942689390135385,0.927587001055451,-16.394693103844887,36.88616386120133,10
family=A_OB|min_score=4|trend=D1|tp=1|session=any|basket=MFC,A_OB,4,D1,1,any,MFC,281,0.43164362519201227,0.501779359430605,0.025480197924571013,-0.07686665454047412,0.12782705038961614,0.4879601739507892,1.0657380390886309,7.159935616804455,7.579448393148661,7
family=A_OB|min_score=4|trend=D1|tp=1|session=any|basket=ALL,A_OB,4,D1,1,any,ALL,359,0.5514592933947773,0.520891364902507,0.0870634373716519,-0.015440842062166907,0.1895677168054707,1.6647532980182849,1.2273026666622042,31.25577401642303,10.855176658641295,6
family=A_OB|min_score=4|trend=D1|tp=1|session=0818|basket=MFC,A_OB,4,D1,1,0818,MFC,191,0.29339477726574503,0.5130890052356021,0.03533442915679764,-0.09045351552759698,0.16112237384119224,0.5505732788709384,1.08973080019597,6.748875968948349,8.345637670590481,8
family=A_OB|min_score=4|trend=D1|tp=1|session=0818|basket=ALL,A_OB,4,D1,1,0818,ALL,242,0.3717357910906298,0.5330578512396694,0.07348509973018864,-0.04023305153125936,0.18720325099163665,1.2665594179422626,1.1898994913931669,17.783394134705652,9.867269670590588,9
family=A_OB|min_score=4|trend=D1|tp=2|session=any|basket=MFC,A_OB,4,D1,2,any,MFC,281,0.43164362519201227,0.4377224199288256,0.008476334161517309,-0.11504560685677018,0.1319982751798048,0.1344993028737645,1.0192116192264955,2.3818498993863635,13.821571477067799,8
family=A_OB|min_score=4|trend=D1|tp=2|session=any|basket=ALL,A_OB,4,D1,2,any,ALL,359,0.5514592933947773,0.4568245125348189,0.09843189547894318,-0.02376703614611364,0.220630827104,1.57879052274111,1.2268039136834,35.337050476940604,15.226387753349126,9
family=A_OB|min_score=4|trend=D1|tp=2|session=0818|basket=MFC,A_OB,4,D1,2,0818,MFC,191,0.29339477726574503,0.43455497382198954,0.003984315411087816,-0.15148800988049343,0.15945664070266907,0.05022924942484916,1.0086051865393124,0.7610042435177728,16.111088843828078,9
family=A_OB|min_score=4|trend=D1|tp=2|session=0818|basket=ALL,A_OB,4,D1,2,0818,ALL,242,0.3717357910906298,0.45454545454545453,0.06715245945009103,-0.07554646199699229,0.20985138089717437,0.9223532959286331,1.1482621391429968,16.25089518692203,10.444161697698629,9
family=A_OB|min_score=4|trend=H4|tp=1|session=any|basket=MFC,A_OB,4,H4,1,any,MFC,349,0.5360983102918587,0.501432664756447,0.01411851910271008,-0.07729242899927652,0.10552946720469666,0.30272410488990836,1.0362152816817056,4.927363166845818,10.886085211661518,8
family=A_OB|min_score=4|trend=H4|tp=1|session=any|basket=ALL,A_OB,4,H4,1,any,ALL,440,0.6758832565284179,0.509090909090909,0.04757544740775301,-0.043077564900198505,0.13822845971570452,1.0286241410536865,1.120178870067372,20.933196859411325,12.334373746913165,7
family=A_OB|min_score=4|trend=H4|tp=1|session=0818|basket=MFC,A_OB,4,H4,1,0818,MFC,236,0.36251920122887865,0.5042372881355932,0.032018188399816766,-0.08140311018167962,0.14543948698131315,0.5532968679471534,1.080749473127662,7.5562924623567564,8.400331930181276,10
family=A_OB|min_score=4|trend=H4|tp=1|session=0818|basket=ALL,A_OB,4,H4,1,0818,ALL,299,0.4592933947772657,0.5117056856187291,0.036555300036258176,-0.06561394077123035,0.1387245408437467,0.7012716107587493,1.0906711877618158,10.930034710841195,9.392778898224682,10
family=A_OB|min_score=4|trend=H4|tp=2|session=any|basket=MFC,A_OB,4,H4,2,any,MFC,349,0.5360983102918587,0.4297994269340974,-0.024626100430392362,-0.13359500099363456,0.08434280013284984,-0.44294433176882664,0.9449754586318131,-8.594509050206934,20.59354277589098,9
family=A_OB|min_score=4|trend=H4|tp=2|session=any|basket=ALL,A_OB,4,H4,2,any,ALL,440,0.6758832565284179,0.4409090909090909,0.037408669861834346,-0.06973181350148477,0.14454915322515346,0.6843444291786505,1.083318117076503,16.45981473920711,18.55882028626904,10
family=A_OB|min_score=4|trend=H4|tp=2|session=0818|basket=MFC,A_OB,4,H4,2,0818,MFC,236,0.36251920122887865,0.4110169491525424,-0.028401546581442075,-0.16681495054166207,0.11001185737877793,-0.40217948339472354,0.9400859972273239,-6.702764993220329,22.271269491072182,10
family=A_OB|min_score=4|trend=H4|tp=2|session=0818|basket=ALL,A_OB,4,H4,2,0818,ALL,299,0.4592933947772657,0.42474916387959866,0.001055110206768983,-0.12447610893728403,0.126586329350822,0.016474117111011724,1.002228238753192,0.3154779518239259,16.59791510810653,11
family=A_OB|min_score=5|trend=none|tp=1|session=any|basket=MFC,A_OB,5,none,1,any,MFC,141,0.21658986175115208,0.524822695035461,0.05905293793142004,-0.08854613901542459,0.20665201487826468,0.784176708552632,1.1557657666334067,8.326464248330225,5.2154044838749405,5
family=A_OB|min_score=5|trend=none|tp=1|session=any|basket=ALL,A_OB,5,none,1,any,ALL,174,0.2672811059907834,0.5229885057471264,0.05067293462505881,-0.0837662681924412,0.18511213744255883,0.7387648080592967,1.1289887711575368,8.817090624760233,10.081316574335347,6
family=A_OB|min_score=5|trend=none|tp=1|session=0818|basket=MFC,A_OB,5,none,1,0818,MFC,95,0.14592933947772657,0.5263157894736842,0.043462848824248564,-0.13681156339287417,0.2237372610413713,0.47254173594490845,1.111962512683654,4.128970638303613,4.641127780378816,4
family=A_OB|min_score=5|trend=none|tp=1|session=0818|basket=ALL,A_OB,5,none,1,0818,ALL,115,0.17665130568356374,0.5130434782608696,0.026253193866117547,-0.1400557935030875,0.1925621812353226,0.3094015590592093,1.0645405528841547,3.019117294603518,6.882511783405512,5
family=A_OB|min_score=5|trend=none|tp=2|session=any|basket=MFC,A_OB,5,none,2,any,MFC,141,0.21658986175115208,0.46099290780141844,0.009012233939652585,-0.1597657755014629,0.17779024338076807,0.10465805693650988,1.0214035438898281,1.2707249854910145,9.783525044002396,7
family=A_OB|min_score=5|trend=none|tp=2|session=any|basket=ALL,A_OB,5,none,2,any,ALL,174,0.2672811059907834,0.47126436781609193,0.05114357377434326,-0.10781314393881569,0.2101002914875022,0.630620750351682,1.1198188537606715,8.898981836735727,12.401147738044815,7
family=A_OB|min_score=5|trend=none|tp=2|session=0818|basket=MFC,A_OB,5,none,2,0818,MFC,95,0.14592933947772657,0.4421052631578947,-0.03912826217433981,-0.24657534637650308,0.16831882202782344,-0.3696913560229558,0.9127203095191669,-3.717184906562282,9.919923286019085,5
family=A_OB|min_score=5|trend=none|tp=2|session=0818|basket=ALL,A_OB,5,none,2,0818,ALL,115,0.17665130568356374,0.4434782608695652,-0.02338615456911017,-0.21575333708717373,0.1689810279489534,-0.23827797629230124,0.9487632326751706,-2.6894077754476697,9.991274780630274,5
family=A_OB|min_score=5|trend=D1|tp=1|session=any|basket=MFC,A_OB,5,D1,1,any,MFC,78,0.11981566820276497,0.5128205128205128,0.02536696805114352,-0.1679888220623284,0.21872275816461545,0.25713870451494253,1.0664760004953537,1.9786235079891945,3.9069601860033387,6
family=A_OB|min_score=5|trend=D1|tp=1|session=any|basket=ALL,A_OB,5,D1,1,any,ALL,100,0.15360983102918588,0.52,0.03684402148432467,-0.13776886243752717,0.2114569054061765,0.41356789079548056,1.0941581088576184,3.6844021484324667,7.22809127149278,5
family=A_OB|min_score=5|trend=D1|tp=1|session=0818|basket=MFC,A_OB,5,D1,1,0818,MFC,53,0.08141321044546851,0.5283018867924528,0.02933751060942765,-0.20731043844875385,0.26598545966760917,0.24298338955957338,1.075990422289046,1.5548880622996655,4.129489981348731,4
family=A_OB|min_score=5|trend=D1|tp=1|session=0818|basket=ALL,A_OB,5,D1,1,0818,ALL,64,0.09831029185867896,0.515625,0.02594042160332554,-0.19556657507860709,0.24744741828525818,0.22953327481354957,1.0642808032535458,1.6601869826128346,4.532021572272202,4
family=A_OB|min_score=5|trend=D1|tp=2|session=any|basket=MFC,A_OB,5,D1,2,any,MFC,78,0.11981566820276497,0.44871794871794873,-0.021382790321937514,-0.24384116995329555,0.20107558930942052,-0.18839600063817868,0.9497020014133905,-1.667857645111126,7.177655225459107,7
family=A_OB|min_score=5|trend=D1|tp=2|session=any|basket=ALL,A_OB,5,D1,2,any,ALL,100,0.15360983102918588,0.47,0.04472926485605235,-0.16308195185319516,0.25254048156529985,0.421870197894671,1.105183469124277,4.472926485605235,9.015900862930046,6
family=A_OB|min_score=5|trend=D1|tp=2|session=0818|basket=MFC,A_OB,5,D1,2,0818,MFC,53,0.08141321044546851,0.4528301886792453,-0.023620394913092226,-0.30676155378269054,0.25952076395650614,-0.16350845710489778,0.9470731984391556,-1.251880930393888,7.361690667886272,5
family=A_OB|min_score=5|trend=D1|tp=2|session=0818|basket=ALL,A_OB,5,D1,2,0818,ALL,64,0.09831029185867896,0.453125,-0.011118383121994223,-0.2707161680731322,0.24847940182914377,-0.0839453654167751,0.9754785503821285,-0.7115765198076303,5.401186271776291,5
family=A_OB|min_score=5|trend=H4|tp=1|session=any|basket=MFC,A_OB,5,H4,1,any,MFC,107,0.16436251920122888,0.5233644859813084,0.046884375888592233,-0.12049466424113187,0.21426341601831633,0.5490136439450273,1.122512044954718,5.016628220079369,4.095207700801143,5
family=A_OB|min_score=5|trend=H4|tp=1|session=any|basket=ALL,A_OB,5,H4,1,any,ALL,134,0.20583717357910905,0.5298507462686567,0.055828528787283165,-0.09540963866455521,0.20706669623912155,0.7235205124918016,1.1442862041161088,7.481022857495944,8.696069699220576,6
family=A_OB|min_score=5|trend=H4|tp=1|session=0818|basket=MFC,A_OB,5,H4,1,0818,MFC,75,0.1152073732718894,0.52,0.03873994502921581,-0.16387315130675495,0.24135304136518654,0.3747551053232819,1.098009001612579,2.9054958771911856,4.406845834990803,4
family=A_OB|min_score=5|trend=H4|tp=1|session=0818|basket=ALL,A_OB,5,H4,1,0818,ALL,90,0.1382488479262673,0.5111111111111111,0.03077123104975175,-0.156374134694969,0.21791659679447248,0.32227147392889577,1.075779490993304,2.7694107944776576,6.6482298380175004,4
family=A_OB|min_score=5|trend=H4|tp=2|session=any|basket=MFC,A_OB,5,H4,2,any,MFC,107,0.16436251920122888,0.4392523364485981,-0.05608797082186072,-0.24359499361489495,0.13141905197117348,-0.5862842957737524,0.8719366589478532,-6.001412877939097,11.64396607519851,6
family=A_OB|min_score=5|trend=H4|tp=2|session=any|basket=ALL,A_OB,5,H4,2,any,ALL,134,0.20583717357910905,0.4626865671641791,0.01194486742009092,-0.16428092303758726,0.18817065787776913,0.1328519513663395,1.0277098454173867,1.6006122342921834,11.015900862930046,7
family=A_OB|min_score=5|trend=H4|tp=2|session=0818|basket=MFC,A_OB,5,H4,2,0818,MFC,75,0.1152073732718894,0.41333333333333333,-0.08909344026901511,-0.3203806077072225,0.14219372716919226,-0.7550057569619525,0.8110098747859631,-6.682008020176133,11.197002953114046,5
family=A_OB|min_score=5|trend=H4|tp=2|session=0818|basket=ALL,A_OB,5,H4,2,0818,ALL,90,0.1382488479262673,0.4222222222222222,-0.07422736253416613,-0.28478899662968393,0.13633427156135164,-0.6909408316092782,0.8419081484325089,-6.680462628074952,10.04176002302414,5
