name,family,min_score,trend,tp,session,basket,tr_n,tr_per_wd,tr_wr,tr_avg,tr_lo,tr_hi,tr_t,tr_pf,tr_sum,tr_maxdd,tr_streak,te_n,te_per_wd,te_wr,te_avg,te_lo,te_hi,te_t,te_pf,te_sum,te_maxdd,te_streak,tr_gross,te_gross
family=A_OB|min_score=4|trend=none|tp=1|session=any|basket=MFC,A_OB,4,none,1,any,MFC,540,0.8294930875576036,0.4388888888888889,-0.188649415111755,-0.2652027525733892,-0.1120960776501207,-4.830003052503705,0.632377015840491,-101.87068416034772,107.38664634102302,10,286,0.8773006134969326,0.43006993006993,-0.2179301675169083,-0.3235067565163133,-0.1123535785175035,-4.045812924828896,0.5948840317464109,-62.3280279098358,69.32860330540974,10,-0.0040303124245333,-0.0350118889348923
family=A_OB|min_score=4|trend=none|tp=1|session=any|basket=ALL,A_OB,4,none,1,any,ALL,679,1.043010752688172,0.4403534609720176,-0.150417444236577,-0.228055882160469,-0.0727790063126849,-3.797322545215264,0.7080154140357323,-102.13344463663576,107.67236375792577,9,353,1.0828220858895703,0.4419263456090651,-0.1826770297008633,-0.2796447791009344,-0.0857092803007922,-3.6924336228167607,0.6516859141689361,-64.48499148440476,72.771070754975,10,0.0299299041945631,-0.0107072198465919
family=A_OB|min_score=4|trend=none|tp=1|session=0818|basket=MFC,A_OB,4,none,1,0818,MFC,361,0.554531490015361,0.4515235457063712,-0.1808387431846349,-0.2754781991070675,-0.0861992872622023,-3.745202602732524,0.6536007800838448,-65.28278628965322,72.80713174901513,8,174,0.5337423312883436,0.4022988505747126,-0.2868188442269878,-0.4241292671167514,-0.1495084213372241,-4.0941169858330175,0.5228385622075911,-49.90647889549587,55.25370059868854,6,-0.0006674692371724,-0.1161668751749925
family=A_OB|min_score=4|trend=none|tp=1|session=0818|basket=ALL,A_OB,4,none,1,0818,ALL,452,0.6943164362519201,0.4557522123893805,-0.1657259044070284,-0.2516135456476802,-0.0798382631663766,-3.7819500913716175,0.6840605404144846,-74.90810879197684,79.90418322244611,10,219,0.6717791411042945,0.410958904109589,-0.2557657884232887,-0.3818621532734043,-0.1296694235731731,-3.9755384376505782,0.5662837120564435,-56.01270766470023,61.321003622208565,7,0.0003998230835652,-0.0892155751213148
family=A_OB|min_score=4|trend=none|tp=2|session=any|basket=MFC,A_OB,4,none,2,any,MFC,540,0.8294930875576036,0.3611111111111111,-0.2466172404006947,-0.3333942905910581,-0.1598401902103313,-5.570249162941008,0.5730159720989991,-133.17330981637514,138.6185568809464,11,286,0.8773006134969326,0.3671328671328671,-0.2524511065480129,-0.3730825226770489,-0.131819690418977,-4.1017852953398775,0.574527842330992,-72.20101647273171,78.53507552626057,17,-0.0399859804470763,-0.0525088937593568
family=A_OB|min_score=4|trend=none|tp=2|session=any|basket=ALL,A_OB,4,none,2,any,ALL,679,1.043010752688172,0.3681885125184094,-0.1868098958348432,-0.2743067423116763,-0.0993130493580101,-4.1846924841255735,0.6755846134116791,-126.84391927185854,134.95728755198866,9,353,1.0828220858895703,0.3852691218130311,-0.1976387070120212,-0.3098050967555431,-0.0854723172684992,-3.4535467052948783,0.6557511896017598,-69.76646357524348,78.0302850349791,11,0.0146071888841845,-0.0147504404585328
family=A_OB|min_score=4|trend=none|tp=2|session=0818|basket=MFC,A_OB,4,none,2,0818,MFC,361,0.554531490015361,0.3573407202216066,-0.2590837175847978,-0.3681065383276193,-0.1500608968419763,-4.657777912975525,0.5710639107782436,-93.52922204811202,99.4424856870871,10,174,0.5337423312883436,0.3275862068965517,-0.3214291863344656,-0.4796440524714133,-0.163214320197518,-3.981934318803115,0.5123347743340106,-55.928678422197024,61.81432834036454,13,-0.0605938380780359,-0.1262102091451934
family=A_OB|min_score=4|trend=none|tp=2|session=0818|basket=ALL,A_OB,4,none,2,0818,ALL,452,0.6943164362519201,0.3672566371681416,-0.2219955905215175,-0.3227399457269775,-0.1212512353160575,-4.318965132436451,0.6311555717349359,-100.34200691572592,104.9559414275726,10,219,0.6717791411042945,0.3470319634703196,-0.2698279799718247,-0.4160854763683788,-0.1235704835752706,-3.615970830724794,0.5786816014346834,-59.09232761382961,65.34521989122211,15,-0.0357182856292916,-0.0921885541513679
family=A_OB|min_score=4|trend=D1|tp=1|session=any|basket=MFC,A_OB,4,D1,1,any,MFC,276,0.423963133640553,0.4456521739130434,-0.1565820507678658,-0.2647082137497765,-0.0484558877859551,-2.8383585530207056,0.6841161706055221,-43.21664601193096,45.08128088823823,7,149,0.4570552147239264,0.4429530201342282,-0.1734284549737393,-0.323605191884313,-0.0232517180631655,-2.26346489304094,0.6696993301897259,-25.84083979108716,34.914814089183565,10,0.025480197924571,0.0119766255736158
family=A_OB|min_score=4|trend=D1|tp=1|session=any|basket=ALL,A_OB,4,D1,1,any,ALL,352,0.5407066052227343,0.4630681818181818,-0.0931063185958701,-0.2006784277004663,0.0144657905087259,-1.6964284326754773,0.8094833794901224,-32.77342414574629,35.96460299488356,7,178,0.5460122699386503,0.4662921348314606,-0.1385179560206227,-0.2806138201125304,0.0035779080712848,-1.9106481074270925,0.7314960608936792,-24.656196171670853,35.273211777809934,11,0.0870634373716519,0.0220949579660127
family=A_OB|min_score=4|trend=D1|tp=1|session=0818|basket=MFC,A_OB,4,D1,1,0818,MFC,187,0.2872503840245776,0.46524064171123,-0.133070219330526,-0.2638982591176073,-0.0022421795434448,-1.9935912080644485,0.7282960195102628,-24.884131014808368,27.0620269995305,9,94,0.2883435582822086,0.3936170212765957,-0.2755281654494658,-0.4615288295173519,-0.0895275013815796,-2.9034047108770102,0.5340394375168034,-25.89964755224978,31.725505351845683,12,0.0353344291567976,-0.123376504656755
family=A_OB|min_score=4|trend=D1|tp=1|session=0818|basket=ALL,A_OB,4,D1,1,0818,ALL,237,0.3640552995391705,0.4852320675105485,-0.0868430489175402,-0.2056579193102195,0.0319718214751389,-1.4325847877107687,0.8187346276178313,-20.58180259345704,26.32738563748514,9,117,0.3588957055214724,0.4188034188034188,-0.2358203186355516,-0.4122614340106935,-0.0593792032604097,-2.619615181772989,0.5951925335411107,-27.59097728035954,32.37790933427109,13,0.0734850997301886,-0.1068057001950206
family=A_OB|min_score=4|trend=D1|tp=2|session=any|basket=MFC,A_OB,4,D1,2,any,MFC,276,0.423963133640553,0.3695652173913043,-0.212737567134435,-0.3359644187426502,-0.0895107155262198,-3.3837238080965046,0.6214326794439529,-58.71556852910408,60.41778426199765,8,149,0.4570552147239264,0.3825503355704698,-0.218066866648886,-0.3894190838600351,-0.046714649437737,-2.4943421543541446,0.6282306660566541,-32.49196313068403,40.31656713305073,10,0.0084763341615173,-0.0133601254477304
family=A_OB|min_score=4|trend=D1|tp=2|session=any|basket=ALL,A_OB,4,D1,2,any,ALL,352,0.5407066052227343,0.3920454545454545,-0.1232993183034412,-0.2459788170349799,-0.0006198195719023,-1.969902602908308,0.7760744682575946,-43.4013600428113,51.57047931846673,9,178,0.5460122699386503,0.4157303370786517,-0.1454110491737114,-0.3111573394307431,0.0203352410833202,-1.7195296252996115,0.7437105874305637,-25.883166752920637,38.68667287164065,11,0.0984318954789431,0.033631845810802
family=A_OB|min_score=4|trend=D1|tp=2|session=0818|basket=MFC,A_OB,4,D1,2,0818,MFC,187,0.2872503840245776,0.374331550802139,-0.2072981915305928,-0.3601669505037355,-0.0544294325574501,-2.6578645508029863,0.6381282338330401,-38.76476181622085,41.73012060809834,10,94,0.2883435582822086,0.3404255319148936,-0.2658205462653648,-0.4858323348912343,-0.0458087576394952,-2.3680925187426687,0.5792811887924738,-24.98713134894429,32.23883777522442,12,0.0039843154110878,-0.0854859286736609
family=A_OB|min_score=4|trend=D1|tp=2|session=0818|basket=ALL,A_OB,4,D1,2,0818,ALL,237,0.3640552995391705,0.3966244725738396,-0.1410406069353069,-0.2825797514937213,0.0004985376231073,-1.9530963710121392,0.74789784734645,-33.42662384366774,44.21122999064305,9,117,0.3588957055214724,0.376068376068376,-0.1875795366748824,-0.399402405972557,0.0242433326227921,-1.7356761009884296,0.6950411454818028,-21.946805790961243,29.12856906966481,13,0.067152459450091,-0.0339697757066475
family=A_OB|min_score=4|trend=H4|tp=1|session=any|basket=MFC,A_OB,4,H4,1,any,MFC,344,0.5284178187403994,0.4447674418604651,-0.1614600595433049,-0.2568986005269711,-0.0660215185596386,-3.315869180764596,0.6723320439382874,-55.542260482896886,58.80727552463277,9,176,0.5398773006134969,0.4261363636363636,-0.2117511015762108,-0.3458957179649776,-0.077606485187444,-3.0939158816971197,0.6093257991300125,-37.26819387741311,46.14415287043204,12,0.01411851910271,-0.0455524906856956
family=A_OB|min_score=4|trend=H4|tp=1|session=any|basket=ALL,A_OB,4,H4,1,any,ALL,433,0.6651305683563749,0.4503464203233256,-0.1277859278651948,-0.2219174576759834,-0.0336543980544062,-2.6607494759643875,0.7436578264568153,-55.33130676562937,59.96893445721512,8,213,0.6533742331288344,0.4507042253521127,-0.1719490207381868,-0.2985955254738623,-0.0453025160025113,-2.661108424194118,0.6762144331470591,-36.6251414172338,45.66628678764465,8,0.047575447407753,-0.0271241194535198
family=A_OB|min_score=4|trend=H4|tp=1|session=0818|basket=MFC,A_OB,4,H4,1,0818,MFC,232,0.3563748079877112,0.4612068965517241,-0.1402708290134927,-0.2583911948334942,-0.0221504631934911,-2.3275480308400054,0.7169783248521472,-32.54283233113031,36.88311726230352,10,109,0.3343558282208589,0.3853211009174312,-0.2847421122628498,-0.4564315047822377,-0.113052719743462,-3.250605828616718,0.5225570176051345,-31.03689023665063,36.071724036720646,9,0.0320181883998167,-0.1415550052057306
family=A_OB|min_score=4|trend=H4|tp=1|session=0818|basket=ALL,A_OB,4,H4,1,0818,ALL,294,0.4516129032258064,0.4659863945578231,-0.1295752394819664,-0.2359688023070441,-0.0231816766568886,-2.387056722615856,0.7409980281033169,-38.09512040769812,39.90713430997872,10,137,0.4202453987730061,0.4087591240875912,-0.2468375965898014,-0.4084174997048317,-0.0852576934747711,-2.9941946986537538,0.580801097339483,-33.8167507328028,37.78164138529625,10,0.0365553000362581,-0.1264735887916744
family=A_OB|min_score=4|trend=H4|tp=2|session=any|basket=MFC,A_OB,4,H4,2,any,MFC,344,0.5284178187403994,0.3633720930232558,-0.2290894792107397,-0.3370821546900098,-0.1210968037314697,-4.157831790538809,0.5904515427136655,-78.80678084849447,83.04109970265023,10,176,0.5398773006134969,0.3522727272727273,-0.2589515978327467,-0.4155218023909944,-0.1023813932744989,-3.2416457089277477,0.5795102154141737,-45.57548121856342,54.06214250684376,12,-0.0246261004303923,-0.07347631678162
family=A_OB|min_score=4|trend=H4|tp=2|session=any|basket=ALL,A_OB,4,H4,2,any,ALL,433,0.6651305683563749,0.3764434180138568,-0.1697616217463869,-0.276463197887757,-0.0630600456050169,-3.118349237710204,0.6965967384343372,-73.50678221618556,82.06989738515492,10,213,0.6533742331288344,0.3896713615023474,-0.1834073041245118,-0.3330524725856302,-0.0337621356633934,-2.4022046269903115,0.6902186591396308,-39.06575577852102,48.72756066821453,8,0.0374086698618343,-0.0179585436866849
family=A_OB|min_score=4|trend=H4|tp=2|session=0818|basket=MFC,A_OB,4,H4,2,0818,MFC,232,0.3563748079877112,0.3620689655172414,-0.2302470507462668,-0.3667210465961127,-0.0937730548964209,-3.306741453948516,0.6042298067964136,-53.41731577313391,57.89206266110659,10,109,0.3343558282208589,0.3027522935779816,-0.3200812479379094,-0.5218590179197408,-0.1183034779560779,-3.1091593787303298,0.5197208531976273,-34.88885602523212,41.79412267033514,9,-0.028401546581442,-0.1510860418462424
family=A_OB|min_score=4|trend=H4|tp=2|session=0818|basket=ALL,A_OB,4,H4,2,0818,ALL,294,0.4516129032258064,0.3741496598639456,-0.1997133877672335,-0.3239429844759251,-0.0754837910585418,-3.1509257889781987,0.6557882081011498,-58.71573600356665,61.307376137590936,11,137,0.4202453987730061,0.3430656934306569,-0.2461613030306556,-0.4374799679321606,-0.0548426381291507,-2.5218457079892045,0.6181009915593301,-33.72409851519983,40.55942201272627,10,0.0010551102067689,-0.1030923884309489
family=A_OB|min_score=5|trend=none|tp=1|session=any|basket=MFC,A_OB,5,none,1,any,MFC,139,0.2135176651305683,0.4748201438848921,-0.1044877821581508,-0.2561142977234902,0.0471387334071885,-1.350661210319275,0.777738663802713,-14.523801719982966,16.332272029528447,6,70,0.2147239263803681,0.3285714285714285,-0.2486395856121001,-0.5606451106744076,0.0633659394502074,-1.561938967915378,0.5886715513128303,-17.404770992847006,25.88003045526948,11,0.05905293793142,-0.0652517210308246
family=A_OB|min_score=5|trend=none|tp=1|session=any|basket=ALL,A_OB,5,none,1,any,ALL,171,0.2626728110599078,0.4736842105263157,-0.1105277389539484,-0.2488501583130176,0.0277946804051206,-1.5661551421203896,0.7710513078318578,-18.90024336112519,22.385638861685216,7,80,0.2453987730061349,0.375,-0.1835283549599446,-0.4671028584241438,0.1000461485042544,-1.268504648080624,0.6765109400305143,-14.682268396795576,24.579201425491952,8,0.0506729346250588,-0.0277012976932555
family=A_OB|min_score=5|trend=none|tp=1|session=0818|basket=MFC,A_OB,5,none,1,0818,MFC,92,0.141321044546851,0.4565217391304347,-0.1475514987715454,-0.3351739574059986,0.0400709598629077,-1.5413982936642048,0.7038009215045417,-13.57473788698218,13.574737886982184,5,38,0.1165644171779141,0.3421052631578947,-0.3740914564860183,-0.66995389543046,-0.0782290175415766,-2.478243799140326,0.438979418323074,-14.215475346468695,16.102951635931397,5,0.0434628488242485,-0.2553719924425848
family=A_OB|min_score=5|trend=none|tp=1|session=0818|basket=ALL,A_OB,5,none,1,0818,ALL,111,0.1705069124423963,0.4504504504504504,-0.1485773327639672,-0.3212696611681582,0.0241149956402236,-1.686302888543998,0.7073075712555714,-16.49208393680037,17.94410606543313,6,43,0.1319018404907975,0.3488372093023256,-0.3613738625236301,-0.6398290843494392,-0.0829186406978211,-2.5436505227019808,0.4530854611034047,-15.539076088516095,18.426552377978798,6,0.0262531938661175,-0.2540083456565721
family=A_OB|min_score=5|trend=none|tp=2|session=any|basket=MFC,A_OB,5,none,2,any,MFC,139,0.2135176651305683,0.4028776978417266,-0.1819583098602119,-0.3475751145682336,-0.0163415051521901,-2.153394324656605,0.6499534459026697,-25.29220507056945,27.337172000347312,6,70,0.2147239263803681,0.2428571428571428,-0.3496332719151812,-0.6714323169160511,-0.0278342269143112,-2.129531530933855,0.4823317004483979,-24.474329034062684,29.922904589792346,13,0.0090122339396525,-0.1524076728171041
family=A_OB|min_score=5|trend=none|tp=2|session=any|basket=ALL,A_OB,5,none,2,any,ALL,171,0.2626728110599078,0.4152046783625731,-0.1452112427082895,-0.3013005711883586,0.0108780857717795,-1.823404831577513,0.7224349018402811,-24.83112250311751,30.89886234894462,7,80,0.2453987730061349,0.3,-0.2583491305836537,-0.555673148963603,0.0389748877962955,-1.7030722869380848,0.5895284148293194,-20.667930446692296,27.97536507549741,8,0.0511435737743432,-0.0954161597768485
family=A_OB|min_score=5|trend=none|tp=2|session=0818|basket=MFC,A_OB,5,none,2,0818,MFC,92,0.141321044546851,0.3804347826086957,-0.2542281829138231,-0.4573676856670772,-0.051088680160569,-2.4529312701741923,0.5465628854592481,-23.38899282807173,23.38899282807173,5,38,0.1165644171779141,0.2105263157894736,-0.597135859683412,-0.8588493940518367,-0.3354223253149873,-4.472012835728578,0.2170152824487971,-22.691162667969657,23.372366576640747,6,-0.0391282621743398,-0.4693652249397964
family=A_OB|min_score=5|trend=none|tp=2|session=0818|basket=ALL,A_OB,5,none,2,0818,ALL,111,0.1705069124423963,0.3873873873873873,-0.2294487808044663,-0.4175054754447173,-0.0413920861642153,-2.3914044178914207,0.5898603209130243,-25.46881466929576,25.468814669295757,6,43,0.1319018404907975,0.2325581395348837,-0.5715715791445463,-0.8176743958518897,-0.3254687624372028,-4.5520823780554585,0.233244515695315,-24.57757790321549,25.695967318688144,7,-0.0233861545691101,-0.4540061367313486
family=A_OB|min_score=5|trend=D1|tp=1|session=any|basket=MFC,A_OB,5,D1,1,any,MFC,76,0.1167434715821812,0.4473684210526316,-0.127804783149003,-0.3246195800460987,0.0690100137480927,-1.2727568197172594,0.7243773538808346,-9.71316351932423,9.71316351932423,6,33,0.1012269938650306,0.1818181818181818,-0.6087488135989362,-0.8691578283003676,-0.3483397988975047,-4.58182170084205,0.2005331567312742,-20.088710848764894,23.878672482046746,20,0.0253669680511435,-0.3471786248510832
family=A_OB|min_score=5|trend=D1|tp=1|session=any|basket=ALL,A_OB,5,D1,1,any,ALL,97,0.1490015360983103,0.4536082474226804,-0.1281261051945661,-0.3071447956444798,0.0508925852553476,-1.4027985879586715,0.7330111075334647,-12.428232203872913,16.15360735527413,6,37,0.1134969325153374,0.1891891891891892,-0.6135613314509196,-0.8555404215288223,-0.3715822413730169,-4.969769120367566,0.1950096164630921,-22.701769263684028,26.952330208924145,22,0.0368440214843246,-0.3737744731137429
family=A_OB|min_score=5|trend=D1|tp=1|session=0818|basket=MFC,A_OB,5,D1,1,0818,MFC,50,0.0768049155145929,0.44,-0.1455774973130853,-0.3903831735877142,0.0992281789615435,-1.1655444394743324,0.6985578892124522,-7.278874865654266,8.180778372891876,4,19,0.058282208588957,0.1052631578947368,-0.8011102836484876,-1.105686014099932,-0.4965345531970431,-5.1552897981192025,0.1117821290141577,-15.221095389321263,16.14309945561048,11,0.0293375106094276,-0.6681495006920825
family=A_OB|min_score=5|trend=D1|tp=1|session=0818|basket=ALL,A_OB,5,D1,1,0818,ALL,60,0.0921658986175115,0.4333333333333333,-0.143237981954185,-0.3731088591371283,0.0866328952287582,-1.2213223705009395,0.7118405555906708,-8.594278917251101,8.594278917251104,4,22,0.0674846625766871,0.0909090909090909,-0.8315796870999389,-1.0956810003505253,-0.5674783738493526,-6.1714808103562575,0.0947819085675149,-18.294753116198656,19.21675718248787,13,0.0259404216033255,-0.7134018415067985
family=A_OB|min_score=5|trend=D1|tp=2|session=any|basket=MFC,A_OB,5,D1,2,any,MFC,76,0.1167434715821812,0.3684210526315789,-0.2175424055818648,-0.4341109481424923,-0.0009738630212374,-1.9688137062708035,0.5866831913235906,-16.53322282422173,16.533222824221735,7,33,0.1012269938650306,0.1212121212121212,-0.6873426076623566,-0.948589618910497,-0.426095596414216,-5.15677291227885,0.1483171499426042,-22.682306052857765,24.95639290013571,20,-0.0213827903219375,-0.4061512804191044
family=A_OB|min_score=5|trend=D1|tp=2|session=any|basket=ALL,A_OB,5,D1,2,any,ALL,97,0.1490015360983103,0.3917525773195876,-0.1758476106942769,-0.3771049514209497,0.0254097300323958,-1.7125403511560189,0.6675663995714582,-17.05721823734486,18.57408900644757,6,37,0.1134969325153374,0.1351351351351351,-0.6836584991291051,-0.926335250230172,-0.4409817480280382,-5.521627647532631,0.1484761467308232,-25.29536446777689,27.848060115021173,22,0.0447292648560523,-0.4266986511876081
family=A_OB|min_score=5|trend=D1|tp=2|session=0818|basket=MFC,A_OB,5,D1,2,0818,MFC,50,0.0768049155145929,0.36,-0.2414153313297855,-0.5202893523540947,0.0374586896945235,-1.69673047230575,0.5678152011651089,-12.070766566489278,12.07076656648928,5,19,0.058282208588957,0.0526315789473684,-0.9063589407210234,-1.0914385685838843,-0.7212793128581625,-9.59837419345536,0.0056493599192696,-17.220819873699444,17.220819873699444,11,-0.0236203949130922,-0.7692314612795933
family=A_OB|min_score=5|trend=D1|tp=2|session=0818|basket=ALL,A_OB,5,D1,2,0818,ALL,60,0.0921658986175115,0.3666666666666666,-0.2365849557776759,-0.4879682296031153,0.0147983180477633,-1.8446195972697963,0.5776215813516706,-14.19509734666056,14.19509734666056,4,22,0.0674846625766871,0.0454545454545454,-0.9224762545716746,-1.0826662983838982,-0.7622862107594511,-11.28692780108046,0.0047978530101212,-20.29447760057684,20.29447760057684,13,-0.0111183831219942,-0.8006998983778306
family=A_OB|min_score=5|trend=H4|tp=1|session=any|basket=MFC,A_OB,5,H4,1,any,MFC,105,0.1612903225806451,0.4666666666666667,-0.1275684698841765,-0.2986480593875208,0.0435111196191676,-1.4615080717626954,0.7312293193259036,-13.39468933783854,14.184750854435284,8,45,0.1380368098159509,0.3333333333333333,-0.3906161293567193,-0.6471721061597784,-0.1340601525536602,-2.9841737584109205,0.3907818082039641,-17.57772582105237,21.514337545033836,7,0.0468843758885922,-0.193018513782352
family=A_OB|min_score=5|trend=H4|tp=1|session=any|basket=ALL,A_OB,5,H4,1,any,ALL,131,0.2012288786482335,0.4732824427480916,-0.1185566044041754,-0.2740069180002725,0.0368937091919217,-1.4948245471922794,0.7527056543333,-15.530915176946976,21.05462639780764,6,51,0.156441717791411,0.3529411764705882,-0.3648094158790378,-0.6062922252839849,-0.1233266064740908,-2.9609828413246304,0.4172479622360272,-18.60528020983093,23.00249124577066,7,0.0558285287872831,-0.1967364055468631
family=A_OB|min_score=5|trend=H4|tp=1|session=0818|basket=MFC,A_OB,5,H4,1,0818,MFC,72,0.1105990783410138,0.4444444444444444,-0.1643204173762111,-0.3740101986814546,0.0453693639290324,-1.5359261479153443,0.6755724893791035,-11.8310700510872,12.5602897685158,7,25,0.0766871165644171,0.36,-0.3650448734882571,-0.7340155623199135,0.0039258153433991,-1.9391457741604696,0.4470560488485859,-9.126121837206428,10.91811857035976,3,0.0387399450292158,-0.2443429890364805
family=A_OB|min_score=5|trend=H4|tp=1|session=0818|basket=ALL,A_OB,5,H4,1,0818,ALL,86,0.1321044546850998,0.4418604651162791,-0.1582705343794577,-0.3521647051552474,0.0356236363963319,-1.5998946546074877,0.6895716742089781,-13.611265956633368,14.462327965997696,5,28,0.0858895705521472,0.3214285714285714,-0.4357064130029937,-0.7732992410125097,-0.0981135849934777,-2.529628886137936,0.3768712088874622,-12.199779564083824,13.991776297237156,4,0.0307712310497517,-0.3253062402111433
family=A_OB|min_score=5|trend=H4|tp=2|session=any|basket=MFC,A_OB,5,H4,2,any,MFC,105,0.1612903225806451,0.3714285714285714,-0.2586267809154542,-0.4393368072834446,-0.0779167545474639,-2.8050933353417986,0.5214421339043892,-27.155811996122697,27.155811996122697,8,45,0.1380368098159509,0.2222222222222222,-0.533507336667548,-0.7931575842119617,-0.2738570891231343,-4.027241990938327,0.2671401913546191,-24.00783015003966,24.558574421153114,13,-0.0560879708218607,-0.3151299660024291
family=A_OB|min_score=5|trend=H4|tp=2|session=any|basket=ALL,A_OB,5,H4,2,any,ALL,131,0.2012288786482335,0.3969465648854962,-0.2019428521117325,-0.3721452154988837,-0.0317404887245814,-2.325514066092434,0.6205148099251998,-26.454513626636967,31.1166444515847,7,51,0.156441717791411,0.2549019607843137,-0.4812267402785227,-0.7318051138540271,-0.2306483667030182,-3.764109398138851,0.3150803043086413,-24.542563754204657,25.371916825284444,7,0.0119448674200909,-0.3050239197797618
family=A_OB|min_score=5|trend=H4|tp=2|session=0818|basket=MFC,A_OB,5,H4,2,0818,MFC,72,0.1105990783410138,0.3472222222222222,-0.3172203500210886,-0.5393165591262885,-0.0951241409158888,-2.7994709524593,0.4590185191564803,-22.839865201518386,22.839865201518386,7,25,0.0766871165644171,0.2,-0.6384942178591602,-0.930908556066963,-0.3460798796513573,-4.279710340724187,0.163752351438301,-15.962355446479004,15.962355446479002,7,-0.0890934402690151,-0.5081730914615022
family=A_OB|min_score=5|trend=H4|tp=2|session=0818|basket=ALL,A_OB,5,H4,2,0818,ALL,86,0.1321044546850998,0.3604651162790697,-0.2997969406798881,-0.4999685725617777,-0.0996253087979986,-2.935490899526127,0.4801751424151712,-25.782536898470383,25.7825368984704,5,28,0.0858895705521472,0.1785714285714285,-0.679857613334157,-0.9442290851494276,-0.4154861415188863,-5.040335528585496,0.1410411874988393,-19.036013173356395,19.0360131733564,8,-0.0742273625341661,-0.5608688316620556
