name,family,window,entry,tp,tr_n,tr_per_wd,tr_wr,tr_avg,tr_lo,tr_hi,tr_t,tr_pf,tr_sum,tr_maxdd,tr_streak,open,range,sl,filter,trend,mode,te_n,te_per_wd,te_wr,te_avg,te_lo,te_hi,te_t,te_pf,te_sum,te_maxdd,te_streak,tr_gross,te_gross
family=C_ORB|open=EU08|range=15|sl=opp|tp=1|filter=none,C_ORB,,,1,4358,6.6943164362519205,0.4630564479118861,-0.2794329664564283,-0.3090088999986516,-0.2498570329142049,-18.518049936537267,0.5456823922873664,-1217.7688678171144,1220.7554318232778,16,EU08,15.0,opp,none,,,2265,6.947852760736196,0.4891832229580574,-0.2327433877627095,-0.2746800325811693,-0.1908067429442497,-10.877766735742997,0.6070746654368462,-527.1637732825371,528.6458134695577,15,0.0015346134627325,0.0426293032861389
family=C_ORB|open=EU08|range=15|sl=opp|tp=1|filter=d1,C_ORB,,,1,3603,5.534562211981567,0.4363030807660283,-0.3289124394895266,-0.3618014318414398,-0.2960234471376133,-19.6013418259064,0.5003137654951251,-1185.0715194807642,1185.9806103898527,20,EU08,15.0,opp,d1,,,1866,5.723926380368098,0.4448017148981779,-0.3219641387366819,-0.3689324170754419,-0.274995860397922,-13.435657729934954,0.51319848751386,-600.7850828826486,602.4206899387071,10,-0.024634418172315,-0.0198097744327864
family=C_ORB|open=EU08|range=15|sl=opp|tp=2|filter=none,C_ORB,,,2,4358,6.6943164362519205,0.3659935750344195,-0.2773619699818063,-0.3144875743452108,-0.2402363656184018,-14.642979433897322,0.6154444776643335,-1208.743465180712,1220.9815012744443,20,EU08,15.0,opp,none,,,2265,6.947852760736196,0.3801324503311258,-0.249437620463155,-0.301211443551373,-0.197663797374937,-9.442952189849796,0.6443220131321153,-564.9762103490461,567.6935364692812,18,0.0079224265430003,0.0316342304956153
family=C_ORB|open=EU08|range=15|sl=opp|tp=2|filter=d1,C_ORB,,,2,3603,5.534562211981567,0.3424923674715515,-0.3152975827085196,-0.3564694900924803,-0.2741256753245588,-15.009828336236966,0.5823632799284202,-1136.017190498796,1139.507422114058,20,EU08,15.0,opp,d1,,,1866,5.723926380368098,0.3413719185423365,-0.3379458623409007,-0.3950882754587785,-0.2808034492230228,-11.591633150349606,0.5585541915807578,-630.6069791281207,632.0874663076045,16,-0.0072418916234593,-0.0341175354860278
family=C_ORB|open=EU08|range=15|sl=mid|tp=1|filter=none,C_ORB,,,1,4358,6.6943164362519205,0.4045433685176686,-0.5816597176203079,-0.6155134560506182,-0.5478059791899975,-33.67583904751495,0.3189540861858556,-2534.8730493893017,2534.873049389301,29,EU08,15.0,mid,none,,,2265,6.947852760736196,0.4083885209713024,-0.6029195612965419,-0.6530536189812969,-0.5527855036117869,-23.57124866237521,0.3205671254013598,-1365.6128063366673,1367.4538240624347,16,-0.0051560444840555,-0.0338963958984976
family=C_ORB|open=EU08|range=15|sl=mid|tp=1|filter=d1,C_ORB,,,1,3603,5.534562211981567,0.3488759367194005,-0.710139285218475,-0.7470182276076939,-0.6732603428292562,-37.74167340100049,0.2565076257464088,-2558.6318446421656,2559.450026460346,20,EU08,15.0,mid,d1,,,1866,5.723926380368098,0.3403001071811361,-0.7602245342707189,-0.8142518976610378,-0.7061971708804,-27.57935967383537,0.2437069423944088,-1418.5789809491614,1421.0876017236014,19,-0.1066249189498565,-0.1618992560901682
family=C_ORB|open=EU08|range=15|sl=mid|tp=2|filter=none,C_ORB,,,2,4358,6.6943164362519205,0.301973382285452,-0.5949068489265501,-0.6382363293329856,-0.5515773685201146,-26.910487108515103,0.4270803491209244,-2592.604047621905,2594.540820859467,35,EU08,15.0,mid,none,,,2265,6.947852760736196,0.3328918322295806,-0.5265217571535752,-0.590580993551322,-0.4624625207558284,-16.109818069222346,0.4873719107631028,-1192.571779952848,1192.5717799528422,24,0.0022901654996833,0.081851204513044
family=C_ORB|open=EU08|range=15|sl=mid|tp=2|filter=d1,C_ORB,,,2,3603,5.534562211981567,0.2470163752428531,-0.7395940856966166,-0.784950910461509,-0.6942372609317241,-31.960006360220508,0.3374150574121624,-2664.7574907649096,2666.5756725830884,28,EU08,15.0,mid,d1,,,1866,5.723926380368098,0.255091103965702,-0.7405051201073886,-0.8071147753308774,-0.6738954648838997,-21.78948428033108,0.3499522422367729,-1381.782554120387,1382.4015090051605,23,-0.118720818032076,-0.1031737520544411
family=C_ORB|open=EU08|range=30|sl=opp|tp=1|filter=none,C_ORB,,,1,4344,6.6728110599078345,0.4601749539594843,-0.2051296227585233,-0.2327072431219011,-0.1775520023951455,-14.57899758242449,0.6175668658130209,-891.0830812630254,891.0830812630259,14,EU08,30.0,opp,none,,,2257,6.923312883435583,0.4709791758972086,-0.1877428611132124,-0.225896798308979,-0.1495889239174459,-9.64450944849608,0.6397668238968589,-423.7356375325205,433.12330475070905,15,-0.0007997067898703,0.0160606221764111
family=C_ORB|open=EU08|range=30|sl=opp|tp=1|filter=d1,C_ORB,,,1,3415,5.245775729646698,0.4553440702781844,-0.2149081801123726,-0.2468266877550121,-0.1829896724697331,-13.1967333102237,0.6156127059148057,-733.9114350837525,742.2355904091673,13,EU08,30.0,opp,d1,,,1733,5.315950920245399,0.4431621465666474,-0.2485518816031619,-0.2934664943990405,-0.2036372688072833,-10.846396253178872,0.5704829713612961,-430.74041081827966,435.58371165740846,13,0.000906338118885,-0.0374568878757376
family=C_ORB|open=EU08|range=30|sl=opp|tp=2|filter=none,C_ORB,,,2,4344,6.6728110599078345,0.3814456721915285,-0.2156808728044505,-0.248770466108774,-0.182591279500127,-12.77545199207656,0.6442677601343135,-936.9177114625332,944.4342134036392,19,EU08,30.0,opp,none,,,2257,6.923312883435583,0.3983163491360212,-0.1790145793104123,-0.2254540492243343,-0.1325751093964902,-7.555395789374018,0.6951294348799151,-404.0359055036005,419.1210358413919,17,-0.0093944216713106,0.0372619789967677
family=C_ORB|open=EU08|range=30|sl=opp|tp=2|filter=d1,C_ORB,,,2,3415,5.245775729646698,0.3774524158125915,-0.2224835959344265,-0.2610587508787915,-0.1839084409900616,-11.30437061524174,0.6484093167866216,-759.7814801160667,770.0492625309287,21,EU08,30.0,opp,d1,,,1733,5.315950920245399,0.3594922100403924,-0.2687664137382336,-0.3222345009819657,-0.2152983264945015,-9.852272600020694,0.5894400751465123,-465.7721950083589,468.78361239311033,16,-0.0041350694544842,-0.0420768014460655
family=C_ORB|open=EU08|range=30|sl=mid|tp=1|filter=none,C_ORB,,,1,4344,6.6728110599078345,0.427255985267035,-0.4346934118840979,-0.4662320893620646,-0.4031547344061312,-27.014420242828763,0.4126338311853958,-1888.3081812245211,1888.308181224516,14,EU08,30.0,mid,none,,,2257,6.923312883435583,0.433761630482942,-0.4405081337196099,-0.4859799511596364,-0.3950363162795834,-18.98749578745522,0.4150921906410876,-994.2268578051596,995.2066677814054,14,-0.0361651388588814,-0.0213093793415348
family=C_ORB|open=EU08|range=30|sl=mid|tp=1|filter=d1,C_ORB,,,1,3415,5.245775729646698,0.390922401171303,-0.5176269233374208,-0.5533285662348626,-0.4819252804399789,-28.41742528924467,0.3584902680847252,-1767.695943197292,1767.6959431972894,23,EU08,30.0,mid,d1,,,1733,5.315950920245399,0.3906520484708597,-0.5332412123209695,-0.5852909108603959,-0.4811915137815432,-20.07990066181505,0.356141988390281,-924.1070209522404,924.1070209522392,20,-0.0985491333238915,-0.0848033756036514
family=C_ORB|open=EU08|range=30|sl=mid|tp=2|filter=none,C_ORB,,,2,4344,6.6728110599078345,0.3206721915285451,-0.4331517907730029,-0.4745626012776164,-0.3917409802683894,-20.50134975794552,0.5221380589833874,-1881.6113791179248,1882.242285886755,20,EU08,30.0,mid,none,,,2257,6.923312883435583,0.3331856446610545,-0.4256305189893409,-0.4839616182625339,-0.367299419716148,-14.301733168304878,0.5295295185418182,-960.6480813589426,963.8657464402864,20,-0.0115627257327245,0.0070774052417111
family=C_ORB|open=EU08|range=30|sl=mid|tp=2|filter=d1,C_ORB,,,2,3415,5.245775729646698,0.2831625183016105,-0.5225882756426533,-0.5683644381682578,-0.4768121131170488,-22.37568559152775,0.4543867989060382,-1784.638961319661,1787.775455361529,21,EU08,30.0,mid,d1,,,1733,5.315950920245399,0.2890940565493364,-0.5324993009532791,-0.5974771365438232,-0.4675214653627351,-16.062379123325435,0.4480477479450342,-922.8212885520328,925.211320065404,29,-0.0748763008644249,-0.0816798143410398
family=C_ORB|open=EU09|range=15|sl=opp|tp=1|filter=none,C_ORB,,,1,4493,6.901689708141321,0.4831960827954596,-0.1532304951750984,-0.1797991892794655,-0.1266618010707313,-11.303971861147186,0.6908015151621987,-688.4646148217171,700.0328966574333,15,EU09,15.0,opp,none,,,2260,6.932515337423313,0.4606194690265486,-0.1806424930469068,-0.2179468770377707,-0.143338109056043,-9.4910905500718,0.6457509826006023,-408.2520342860096,411.8527482085224,14,0.0203531853507896,-0.0128197483722212
family=C_ORB|open=EU09|range=15|sl=opp|tp=1|filter=d1,C_ORB,,,1,3456,5.308755760368664,0.4811921296296296,-0.1543355616388464,-0.1851065907803312,-0.1235645324973615,-9.8306007063091,0.6961723215680341,-533.3837010238532,543.7388706762825,15,EU09,15.0,opp,d1,,,1731,5.309815950920245,0.4402079722703639,-0.2159017933537842,-0.2591589503699949,-0.1726446363375735,-9.782601173138453,0.6017935418386604,-373.7260042954005,375.4959938144942,12,0.0223402630329816,-0.0291916736686934
family=C_ORB|open=EU09|range=15|sl=opp|tp=2|filter=none,C_ORB,,,2,4493,6.901689708141321,0.4024037391497885,-0.1629356313495822,-0.1949970101639594,-0.130874252535205,-9.960701917846848,0.7112115650371043,-732.069791653673,747.2561136203556,18,EU09,15.0,opp,none,,,2260,6.932515337423313,0.3809734513274336,-0.1910120558994435,-0.2362147737024309,-0.1458093380964562,-8.282325660032921,0.6704877665348649,-431.68724633274246,433.66636181185794,18,0.0190943238709141,-0.0163156531874658
family=C_ORB|open=EU09|range=15|sl=opp|tp=2|filter=d1,C_ORB,,,2,3456,5.308755760368664,0.4053819444444444,-0.1476998207484917,-0.1850651729024369,-0.1103344685945466,-7.747595887075783,0.74089993641456,-510.4505805067876,539.3515803248088,19,EU09,15.0,opp,d1,,,1731,5.309815950920245,0.3575967648757943,-0.2496612233126233,-0.3005618262755152,-0.1987606203497314,-9.613559942491896,0.5919960799993883,-432.163577554151,432.16357755415146,20,0.032992481717055,-0.0557388399014213
family=C_ORB|open=EU09|range=15|sl=mid|tp=1|filter=none,C_ORB,,,1,4493,6.901689708141321,0.4449143111506788,-0.3674391202903196,-0.3981627275509469,-0.3367155130296924,-23.440628883833867,0.4682361922312265,-1650.9039674644062,1655.2930259408226,20,EU09,15.0,mid,none,,,2260,6.932515337423313,0.4451327433628319,-0.3577121438055586,-0.4006121480545025,-0.3148121395566147,-16.343024065694703,0.4781843283878123,-808.4294450005624,809.3876759587939,18,-0.009668376366101,-0.03066690148514
family=C_ORB|open=EU09|range=15|sl=mid|tp=1|filter=d1,C_ORB,,,1,3456,5.308755760368664,0.4184027777777778,-0.4199793537811822,-0.4551237558816178,-0.3848349516807466,-23.42220906358551,0.4297087020955184,-1451.4486466677658,1456.8347640786014,17,EU09,15.0,mid,d1,,,1731,5.309815950920245,0.4003466204506066,-0.4515787020929989,-0.5010570445826844,-0.4021003596033133,-17.888518724870146,0.4061005355385071,-781.6827333229811,784.3613090961959,10,-0.0346608752789484,-0.0929122745569554
family=C_ORB|open=EU09|range=15|sl=mid|tp=2|filter=none,C_ORB,,,2,4493,6.901689708141321,0.3449810816826174,-0.3494553951867403,-0.3899520747837679,-0.3089587155897126,-16.913302062825988,0.587158870090457,-1570.1030905740242,1584.0378797819062,27,EU09,15.0,mid,none,,,2260,6.932515337423313,0.3424778761061947,-0.3385265562740804,-0.3954917510137864,-0.2815613615343744,-11.647674572675776,0.5966917051837732,-765.0700171794217,771.0091520631954,22,0.0226819384983851,0.0077607255733775
family=C_ORB|open=EU09|range=15|sl=mid|tp=2|filter=d1,C_ORB,,,2,3456,5.308755760368664,0.3208912037037037,-0.3960290062786414,-0.441665728767944,-0.3503922837893388,-17.008602063570297,0.5473283667046596,-1368.6762456989848,1378.1683039167303,24,EU09,15.0,mid,d1,,,1731,5.309815950920245,0.3096476025418833,-0.4197924396601815,-0.4839405086684871,-0.3556443706518758,-12.826468426156737,0.5259786207844624,-726.6607130517741,730.6249602106603,17,-0.0009231751000048,-0.0493755911685208
family=C_ORB|open=EU09|range=30|sl=opp|tp=1|filter=none,C_ORB,,,1,4429,6.803379416282642,0.4730187401219237,-0.1137628812707517,-0.1380518821520067,-0.0894738803894967,-9.18009136648984,0.7316361014010881,-503.8558011481595,514.0652547685364,18,EU09,30.0,opp,none,,,2242,6.877300613496932,0.4567350579839429,-0.1300728035894978,-0.1635216382149349,-0.0966239689640607,-7.621870773385251,0.693217254278287,-291.62322564765407,291.89149321318905,17,0.015785398815286,-0.008097544019558
family=C_ORB|open=EU09|range=30|sl=opp|tp=1|filter=d1,C_ORB,,,1,3131,4.809523809523809,0.4778026189715745,-0.1100664628581151,-0.1393660143003246,-0.0807669114159056,-7.362920474308716,0.7439875802076813,-344.61809520875846,361.591537645823,13,EU09,30.0,opp,d1,,,1556,4.773006134969325,0.4517994858611825,-0.1449581759464409,-0.1859151976457914,-0.1040011542470904,-6.936979620750347,0.6740196736651861,-225.55492177266208,225.554921772662,10,0.0298429992912753,-0.016838276377927
family=C_ORB|open=EU09|range=30|sl=opp|tp=2|filter=none,C_ORB,,,2,4429,6.803379416282642,0.4298938812372996,-0.1139352500067088,-0.1418485512397247,-0.0860219487736929,-8.000239317770625,0.7491840160807239,-504.6192222797134,526.0459319448868,18,EU09,30.0,opp,none,,,2242,6.877300613496932,0.415700267618198,-0.1265921808850138,-0.1654153218500057,-0.0877690399200219,-6.391051016669824,0.7219541666577506,-283.819669544201,284.282988893395,18,0.0194032713897791,0.0014226845516028
family=C_ORB|open=EU09|range=30|sl=opp|tp=2|filter=d1,C_ORB,,,2,3131,4.809523809523809,0.4350047908016608,-0.1052667797800928,-0.1391186511443518,-0.0714149084158339,-6.094873933227207,0.7710432220533653,-329.5902874914708,357.4101637998515,16,EU09,30.0,opp,d1,,,1556,4.773006134969325,0.4023136246786632,-0.1556907156202165,-0.2028952862068723,-0.1084861450335607,-6.464496950680618,0.6768125884499908,-242.25475350505693,242.40172411914943,14,0.0300090937818837,-0.0285920931351357
family=C_ORB|open=EU09|range=30|sl=mid|tp=1|filter=none,C_ORB,,,1,4429,6.803379416282642,0.4680514788891398,-0.2634682466523136,-0.2930327188816994,-0.2339037744229277,-17.466835174052495,0.5706096377322463,-1166.900864423097,1180.1288733649546,17,EU09,30.0,mid,none,,,2242,6.877300613496932,0.4687778768956289,-0.247735658222932,-0.2889119456084266,-0.2065593708374375,-11.79226979768942,0.5883195278107628,-555.4233457358137,556.1446676513617,14,0.0054536797756435,0.0008097024941908
family=C_ORB|open=EU09|range=30|sl=mid|tp=1|filter=d1,C_ORB,,,1,3131,4.809523809523809,0.4631108272117534,-0.2732507608969499,-0.3087099099634798,-0.2377916118304199,-15.103901403645066,0.5655892795681864,-855.5481323683501,867.9881746673085,14,EU09,30.0,mid,d1,,,1556,4.773006134969325,0.4562982005141388,-0.2677098913702048,-0.3176940824081309,-0.2177257003322787,-10.497546848111856,0.5711455747781403,-416.5565909720388,419.9411098777799,14,0.0159142937886477,-0.0080331799227906
family=C_ORB|open=EU09|range=30|sl=mid|tp=2|filter=none,C_ORB,,,2,4429,6.803379416282642,0.3635132083991871,-0.2488395599542149,-0.2871316411310726,-0.2105474787773572,-12.73698170798364,0.6617193190899914,-1102.110411037218,1126.7842737887438,23,EU09,30.0,mid,none,,,2242,6.877300613496932,0.3630686886708296,-0.2478973048743524,-0.3006549109621236,-0.1951396987865812,-9.20964299906614,0.6568979308770363,-555.7857575282982,557.1616262113868,21,0.0283953905896859,0.0155965492787766
family=C_ORB|open=EU09|range=30|sl=mid|tp=2|filter=d1,C_ORB,,,2,3131,4.809523809523809,0.3586713510060683,-0.2615057209664014,-0.3073272742850282,-0.2156841676477746,-11.185810518688609,0.6519202181407356,-818.7744123458028,838.6731768645043,14,EU09,30.0,mid,d1,,,1556,4.773006134969325,0.3541131105398457,-0.2610316654859511,-0.3248854811357798,-0.1971778498361223,-8.01239611361951,0.6469366392977384,-406.1652714961399,409.7761613651772,15,0.0529301367247811,0.0147300672637402
family=C_ORB|open=NY0930|range=15|sl=opp|tp=1|filter=none,C_ORB,,,1,4790,7.357910906298003,0.4751565762004175,-0.1472636912794071,-0.171654156312106,-0.1228732262467082,-11.8340029401112,0.6825788759530899,-705.3930812283602,711.5088192857356,13,NY0930,15.0,opp,none,,,2565,7.868098159509202,0.4732943469785575,-0.1476488311345345,-0.1819920635631544,-0.1133055987059145,-8.426455186627184,0.6955793708198367,-378.719251860081,381.5223796079255,14,0.0141536525371603,-0.0272770155148901
family=C_ORB|open=NY0930|range=15|sl=opp|tp=1|filter=d1,C_ORB,,,1,3590,5.514592933947773,0.4782729805013928,-0.1429806019156622,-0.172210352981863,-0.1137508508494614,-9.587559576542194,0.7012733270020528,-513.3003608772273,515.8326376012999,15,NY0930,15.0,opp,d1,,,1956,6.0,0.4877300613496932,-0.1270684989568215,-0.167232822487838,-0.086904175425805,-6.2008826754679625,0.7401578744734797,-248.54598395954287,251.01319422918203,19,0.0273608233116985,0.0008715817538605
family=C_ORB|open=NY0930|range=15|sl=opp|tp=2|filter=none,C_ORB,,,2,4790,7.357910906298003,0.4123173277661795,-0.1295852605321717,-0.1596794203236414,-0.099491100740702,-8.439747525865476,0.7518672699773399,-620.7133979491026,629.9493368432961,22,NY0930,15.0,opp,none,,,2565,7.868098159509202,0.3980506822612086,-0.1399708867630934,-0.1823435943646685,-0.0975981791615183,-6.474519887548212,0.7456184012750218,-359.0253245473347,366.6188166984264,23,0.038810125163552,-0.0184760490250253
family=C_ORB|open=NY0930|range=15|sl=opp|tp=2|filter=d1,C_ORB,,,2,3590,5.514592933947773,0.4161559888579387,-0.1155093888348873,-0.1514016357376503,-0.0796171419321243,-6.307724415518577,0.78369670386076,-414.6787059172455,415.8385094833093,16,NY0930,15.0,opp,d1,,,1956,6.0,0.4079754601226993,-0.1199685383765937,-0.1702386888603315,-0.0696983878928559,-4.677494158172255,0.7871990060455998,-234.6584610646173,236.1533223780837,21,0.0593007464081355,0.0067754838000629
family=C_ORB|open=NY0930|range=15|sl=mid|tp=1|filter=none,C_ORB,,,1,4790,7.357910906298003,0.4478079331941544,-0.3397797710721568,-0.3687235672218543,-0.3108359749224593,-23.00901885354066,0.4851829961211878,-1627.5451034356313,1628.0179399008152,18,NY0930,15.0,mid,none,,,2565,7.868098159509202,0.464327485380117,-0.2711313343022548,-0.3096418127698064,-0.2326208558347031,-13.79929402020242,0.5603427816562188,-695.4518724852835,700.2572110435406,15,-0.0251011256413788,-0.0415746458518814
family=C_ORB|open=NY0930|range=15|sl=mid|tp=1|filter=d1,C_ORB,,,1,3590,5.514592933947773,0.4242339832869081,-0.3980302125398811,-0.4332180098182274,-0.3628424152615348,-22.170731813845165,0.4396194734137479,-1428.9284630181733,1429.5971059882484,21,NY0930,15.0,mid,d1,,,1956,6.0,0.4412065439672801,-0.3136055716607717,-0.3580070392502519,-0.2692041040712915,-13.84339198285288,0.521150190309476,-613.4124981684695,618.5033188434877,13,-0.0620523429684246,-0.0628938626799213
family=C_ORB|open=NY0930|range=15|sl=mid|tp=2|filter=none,C_ORB,,,2,4790,7.357910906298003,0.3572025052192066,-0.3253152053954995,-0.3632456304729537,-0.2873847803180453,-16.810193960999875,0.5958497385247152,-1558.2598338444427,1564.1080487778474,27,NY0930,15.0,mid,none,,,2565,7.868098159509202,0.3512670565302144,-0.2807679036971591,-0.3324209888052972,-0.2291148185890209,-10.653866852180125,0.6416805321306142,-720.1696729832131,725.0650322591134,18,0.003454625666265,-0.030271291593126
family=C_ORB|open=NY0930|range=15|sl=mid|tp=2|filter=d1,C_ORB,,,2,3590,5.514592933947773,0.3378830083565459,-0.3605850461251821,-0.4054283962289213,-0.315741696021443,-15.76034548646324,0.5695443094548603,-1294.500315589404,1295.8562549764174,21,NY0930,15.0,mid,d1,,,1956,6.0,0.3435582822085889,-0.2890888307284379,-0.3481531461171462,-0.2300245153397295,-9.593171519872742,0.6349509835448948,-565.4577529048245,570.0792447039903,19,-0.0032872443667878,-0.0086849476257493
family=C_ORB|open=NY0930|range=30|sl=opp|tp=1|filter=none,C_ORB,,,1,4716,7.244239631336406,0.4529262086513995,-0.1427600578862051,-0.1660161680844546,-0.1195039476879556,-12.031664412994722,0.6609767919036655,-673.2564329913436,679.1733947185779,15,NY0930,30.0,opp,none,,,2540,7.791411042944786,0.4803149606299212,-0.0913960348131389,-0.1225859209378225,-0.0602061486884552,-5.743407575059536,0.7709383255916862,-232.14592842537283,246.59875516443412,15,-0.0237116528835429,-0.0048469518918799
family=C_ORB|open=NY0930|range=30|sl=opp|tp=1|filter=d1,C_ORB,,,1,3224,4.9523809523809526,0.472394540942928,-0.1179706620695747,-0.1462544293967787,-0.0896868947423707,-8.175095452506119,0.717207914741202,-380.3374145123089,384.0986900528218,14,NY0930,30.0,opp,d1,,,1778,5.45398773006135,0.4910011248593925,-0.0858518176489391,-0.1240170633280369,-0.0476865719698412,-4.408973651231537,0.790906102417449,-152.64453177981375,154.13755402619472,15,0.0094048302752436,0.0075266127749392
family=C_ORB|open=NY0930|range=30|sl=opp|tp=2|filter=none,C_ORB,,,2,4716,7.244239631336406,0.4132739609838846,-0.1327992389096034,-0.1593044881705173,-0.1062939896486895,-9.820187152386277,0.7027550544826038,-626.2812106976896,631.6588275223053,18,NY0930,30.0,opp,none,,,2540,7.791411042944786,0.4358267716535433,-0.0849687036421901,-0.1221398225503489,-0.0477975847340313,-4.480324080374637,0.8053452500083073,-215.82050725116292,229.27954994791895,15,-0.0104533417234497,0.0073625205985319
family=C_ORB|open=NY0930|range=30|sl=opp|tp=2|filter=d1,C_ORB,,,2,3224,4.9523809523809526,0.4255583126550868,-0.1166000074783472,-0.1491310264985527,-0.0840689884581417,-7.0251723290811565,0.740375359811111,-375.9184241101916,378.2532201177309,16,NY0930,30.0,opp,d1,,,1778,5.45398773006135,0.4482564679415073,-0.0612172769551827,-0.1078875743354116,-0.0145469795749539,-2.570925611521569,0.864378812504768,-108.844318426315,119.43243547880776,15,0.0181125710306842,0.0408476930559947
family=C_ORB|open=NY0930|range=30|sl=mid|tp=1|filter=none,C_ORB,,,1,4716,7.244239631336406,0.4474130619168787,-0.3261183999754432,-0.3587749192178685,-0.2934618807330179,-19.5731841231098,0.5032966658869273,-1537.9743742841902,1538.8493962222722,20,NY0930,30.0,mid,none,,,2540,7.791411042944786,0.4681102362204724,-0.2178745956155903,-0.2557192299604854,-0.1800299612706952,-11.283877220606836,0.6200756584552637,-553.4014728635995,557.0853808102632,16,-0.0918781836215518,-0.0354375969654834
family=C_ORB|open=NY0930|range=30|sl=mid|tp=1|filter=d1,C_ORB,,,1,3224,4.9523809523809526,0.4466501240694789,-0.321328961242687,-0.3592747205245929,-0.2833832019607811,-16.597500641817003,0.5101225355600775,-1035.9645710464229,1040.9404150636285,21,NY0930,30.0,mid,d1,,,1778,5.45398773006135,0.4623172103487064,-0.2217690936039121,-0.2675293607072239,-0.1760088265006003,-9.498795592305656,0.6230779609213246,-394.3054484277558,398.4872748664944,11,-0.0766270340749033,-0.0282368874091968
family=C_ORB|open=NY0930|range=30|sl=mid|tp=2|filter=none,C_ORB,,,2,4716,7.244239631336406,0.3693808312128923,-0.2854837589806897,-0.3239684829797934,-0.2469990349815859,-14.539487605918213,0.6156835737592533,-1346.3414073529325,1352.0325961833114,22,NY0930,30.0,mid,none,,,2540,7.791411042944786,0.374015748031496,-0.2062624267519073,-0.255137424981719,-0.1573874285220957,-8.271598385187225,0.6989259047499721,-523.9065639498447,527.2108932383854,17,-0.045910873425514,-0.0273817473460243
family=C_ORB|open=NY0930|range=30|sl=mid|tp=2|filter=d1,C_ORB,,,2,3224,4.9523809523809526,0.3675558312655086,-0.2803599440392837,-0.3260803832330522,-0.2346395048455153,-12.01881477971218,0.6244502737180485,-903.8804595826508,906.66042905805,21,NY0930,30.0,mid,d1,,,1778,5.45398773006135,0.3728908886389201,-0.2048898208440858,-0.2635637946256953,-0.1462158470624763,-6.844330168417515,0.7045111972657262,-364.2941014607847,366.9708953476056,15,-0.0230499570456257,-0.0049230639326371
