name,family,window,entry,tp,tr_n,tr_per_wd,tr_wr,tr_avg,tr_lo,tr_hi,tr_t,tr_pf,tr_sum,tr_maxdd,tr_streak,open,range,sl,filter,trend,mode
family=D_FVG|window=EU|trend=H1|entry=prox|sl=gap|tp=1,D_FVG,EU,prox,1,2083,3.1996927803379416,0.3984637542006721,-0.316597553554511,-0.3593658628380193,-0.27382924427100275,-14.509135744725876,0.5159440588571815,-659.4727040540465,661.4151560478075,13,,,gap,,H1,
family=D_FVG|window=EU|trend=H1|entry=prox|sl=gap|tp=2,D_FVG,EU,prox,2,2083,3.1996927803379416,0.29812770043206915,-0.3364322391240884,-0.3895884959611213,-0.28327598228705547,-12.405071912885658,0.5564753307309067,-700.788354095476,704.2431295260893,17,,,gap,,H1,
family=D_FVG|window=EU|trend=H1|entry=prox|sl=c1|tp=1,D_FVG,EU,prox,1,2083,3.1996927803379416,0.42486797887662026,-0.14948922297514303,-0.18458443637379268,-0.11439400957649336,-8.348684867736232,0.6645659506787637,-311.38605145722295,316.841494615985,14,,,c1,,H1,
family=D_FVG|window=EU|trend=H1|entry=prox|sl=c1|tp=2,D_FVG,EU,prox,2,2083,3.1996927803379416,0.3912626020163226,-0.14565403427630422,-0.1857385654562051,-0.10556950309640334,-7.1219969094886695,0.6897037758903551,-303.3973533975417,309.0880573945588,14,,,c1,,H1,
family=D_FVG|window=EU|trend=H1|entry=mid|sl=gap|tp=1,D_FVG,EU,mid,1,1805,2.772657450076805,0.36786703601108034,-0.5186829022673208,-0.5694082472931066,-0.4679575572415351,-20.041627867236013,0.3727823809786134,-936.2226385925142,938.8824593447955,16,,,gap,,H1,
family=D_FVG|window=EU|trend=H1|entry=mid|sl=gap|tp=2,D_FVG,EU,mid,2,1805,2.772657450076805,0.2520775623268698,-0.5334289166334681,-0.59645941376493,-0.47039841950200634,-16.587536576476154,0.4473793358704992,-962.8391945234099,964.9833522752303,33,,,gap,,H1,
family=D_FVG|window=EU|trend=H1|entry=mid|sl=c1|tp=1,D_FVG,EU,mid,1,1805,2.772657450076805,0.42105263157894735,-0.18827559771064234,-0.22938294635985496,-0.14716824906142972,-8.976987902135777,0.6344221375430438,-339.8374538677094,345.3254517217926,14,,,c1,,H1,
family=D_FVG|window=EU|trend=H1|entry=mid|sl=c1|tp=2,D_FVG,EU,mid,2,1805,2.772657450076805,0.36952908587257616,-0.1819853119560125,-0.23060788973107924,-0.13336273418094577,-7.335917340373774,0.6716563567801436,-328.48348808060257,338.48252373979363,15,,,c1,,H1,
family=D_FVG|window=EU|trend=H4|entry=prox|sl=gap|tp=1,D_FVG,EU,prox,1,1885,2.8955453149001538,0.40318302387267907,-0.3093232341631605,-0.3543305541797763,-0.26431591414654465,-13.470554095110975,0.5245569839597564,-583.0742963975575,584.4629392752382,13,,,gap,,H4,
family=D_FVG|window=EU|trend=H4|entry=prox|sl=gap|tp=2,D_FVG,EU,prox,2,1885,2.8955453149001538,0.30344827586206896,-0.3237021497920662,-0.3799830636310921,-0.2674212359530403,-11.273026152473554,0.57170134559156,-610.1785523580447,612.4670582749887,17,,,gap,,H4,
family=D_FVG|window=EU|trend=H4|entry=prox|sl=c1|tp=1,D_FVG,EU,prox,1,1885,2.8955453149001538,0.4297082228116711,-0.14363731332519933,-0.18075178753024002,-0.10652283912015864,-7.585426983609399,0.6763820094235762,-270.7563356180007,275.99517438000333,13,,,c1,,H4,
family=D_FVG|window=EU|trend=H4|entry=prox|sl=c1|tp=2,D_FVG,EU,prox,2,1885,2.8955453149001538,0.39734748010610077,-0.1371690789658303,-0.17953326346034,-0.09480489447132062,-6.346195447427296,0.7056596967231173,-258.56371385059015,264.60368133906707,13,,,c1,,H4,
family=D_FVG|window=EU|trend=H4|entry=mid|sl=gap|tp=1,D_FVG,EU,mid,1,1640,2.5192012288786483,0.3652439024390244,-0.5248984344838722,-0.5779646598044008,-0.47183220916334356,-19.387113467639054,0.3688643057814012,-860.8334325535504,864.5204705839407,22,,,gap,,H4,
family=D_FVG|window=EU|trend=H4|entry=mid|sl=gap|tp=2,D_FVG,EU,mid,2,1640,2.5192012288786483,0.2524390243902439,-0.5362283504456167,-0.602259958593331,-0.4701967422979023,-15.91673436942924,0.44595165879635096,-879.4144947308113,882.2174242312215,22,,,gap,,H4,
family=D_FVG|window=EU|trend=H4|entry=mid|sl=c1|tp=1,D_FVG,EU,mid,1,1640,2.5192012288786483,0.42621951219512194,-0.18463165331276551,-0.22793294988442947,-0.14133035674110156,-8.357210271847396,0.6411741135550207,-302.79591143293544,309.8151537195396,13,,,c1,,H4,
family=D_FVG|window=EU|trend=H4|entry=mid|sl=c1|tp=2,D_FVG,EU,mid,2,1640,2.5192012288786483,0.375,-0.17810044175472978,-0.2291905223916888,-0.12701036111777075,-6.832576137817742,0.6780097237349952,-292.0847244777568,303.10032928600623,18,,,c1,,H4,
family=D_FVG|window=US|trend=H1|entry=prox|sl=gap|tp=1,D_FVG,US,prox,1,2177,3.3440860215053765,0.4170877354157097,-0.24684424856326143,-0.2895038595649789,-0.2041846375615439,-11.34128314401445,0.5943923512105139,-537.3799291222201,546.1299071621959,13,,,gap,,H1,
family=D_FVG|window=US|trend=H1|entry=prox|sl=gap|tp=2,D_FVG,US,prox,2,2177,3.3440860215053765,0.32751492880110245,-0.2409088890600473,-0.2939550458565844,-0.1878627322635102,-8.90133142668155,0.6566911896778637,-524.458651483723,530.3442282988982,17,,,gap,,H1,
family=D_FVG|window=US|trend=H1|entry=prox|sl=c1|tp=1,D_FVG,US,prox,1,2177,3.3440860215053765,0.4395957740009187,-0.13018205102465166,-0.1641458505021851,-0.09621825154711822,-7.512611189955347,0.6958348974136104,-283.40632508066665,285.9688299079845,14,,,c1,,H1,
family=D_FVG|window=US|trend=H1|entry=prox|sl=c1|tp=2,D_FVG,US,prox,2,2177,3.3440860215053765,0.40101056499770327,-0.13637710181350984,-0.1751837887121443,-0.0975704149148754,-6.887965474936878,0.7019673330800912,-296.8929506480109,304.4914154272176,14,,,c1,,H1,
family=D_FVG|window=US|trend=H1|entry=mid|sl=gap|tp=1,D_FVG,US,mid,1,1842,2.8294930875576036,0.38165038002171553,-0.43199386948443275,-0.48662249835836535,-0.37736524061050014,-15.49934533673636,0.4497989271042541,-795.7327075903252,797.4740763823141,11,,,gap,,H1,
family=D_FVG|window=US|trend=H1|entry=mid|sl=gap|tp=2,D_FVG,US,mid,2,1842,2.8294930875576036,0.2785016286644951,-0.4294503539669609,-0.49607976157249556,-0.36282094636142626,-12.632900756952324,0.5310718152644086,-791.047552007142,795.7260595124013,15,,,gap,,H1,
family=D_FVG|window=US|trend=H1|entry=mid|sl=c1|tp=1,D_FVG,US,mid,1,1842,2.8294930875576036,0.44408251900108575,-0.15897225483143348,-0.19985578847238433,-0.11808872119048264,-7.621298643263825,0.6813271393032022,-292.8268933995005,302.3981855405166,12,,,c1,,H1,
family=D_FVG|window=US|trend=H1|entry=mid|sl=c1|tp=2,D_FVG,US,mid,2,1842,2.8294930875576036,0.3805646036916395,-0.17097422910554463,-0.219310172354764,-0.12263828585632527,-6.9329254074767555,0.6897614565226765,-314.93453001241323,319.76744542790817,13,,,c1,,H1,
family=D_FVG|window=US|trend=H4|entry=prox|sl=gap|tp=1,D_FVG,US,prox,1,1897,2.913978494623656,0.42540853979968374,-0.23534315451147542,-0.28110548043995925,-0.18958082858299158,-10.079745150265232,0.6111854767437455,-446.44596410826887,447.568738356478,17,,,gap,,H4,
family=D_FVG|window=US|trend=H4|entry=prox|sl=gap|tp=2,D_FVG,US,prox,2,1897,2.913978494623656,0.3315761729045862,-0.23298212200308738,-0.29019898023405133,-0.17576526377212345,-7.980951300799135,0.6693913217109435,-441.96708543985676,450.8835826224071,17,,,gap,,H4,
family=D_FVG|window=US|trend=H4|entry=prox|sl=c1|tp=1,D_FVG,US,prox,1,1897,2.913978494623656,0.4496573537163943,-0.1119705409170875,-0.14849034138217976,-0.07545074045199525,-6.0094046901287514,0.7324272249659955,-212.40811611971498,218.3346811912035,13,,,c1,,H4,
family=D_FVG|window=US|trend=H4|entry=prox|sl=c1|tp=2,D_FVG,US,prox,2,1897,2.913978494623656,0.4132841328413284,-0.11899199944634303,-0.1606320181886632,-0.07735198070402285,-5.600965752635421,0.7343563086106244,-225.72782294971273,239.72926495727216,13,,,c1,,H4,
family=D_FVG|window=US|trend=H4|entry=mid|sl=gap|tp=1,D_FVG,US,mid,1,1612,2.4761904761904763,0.40136476426799006,-0.39423570902485855,-0.4523408049234971,-0.33613061312622,-13.298351508388574,0.483430369759979,-635.507962948072,637.5567924511325,14,,,gap,,H4,
family=D_FVG|window=US|trend=H4|entry=mid|sl=gap|tp=2,D_FVG,US,mid,2,1612,2.4761904761904763,0.2903225806451613,-0.3970289459358887,-0.46855038533819743,-0.32550750653358,-10.880328200011347,0.5608267769652695,-640.0106608486526,642.0676226398361,21,,,gap,,H4,
family=D_FVG|window=US|trend=H4|entry=mid|sl=c1|tp=1,D_FVG,US,mid,1,1612,2.4761904761904763,0.45347394540942926,-0.1414848361621068,-0.1850660986983465,-0.0979035736258671,-6.363062076210709,0.7074203154125035,-228.07355589331618,229.368961590556,11,,,c1,,H4,
family=D_FVG|window=US|trend=H4|entry=mid|sl=c1|tp=2,D_FVG,US,mid,2,1612,2.4761904761904763,0.3970223325062035,-0.14523330192698447,-0.19687283599878946,-0.09359376785517948,-5.5123903980441105,0.7270602617907913,-234.11608270629898,234.7852261958644,21,,,c1,,H4,
