sym,group,first,last,m1_rows,gaps_gt3h,zones
XAUUSD,METALS,2015-01-01 23:01:00+00:00,2026-09-30 21:00:00+00:00,4108161,729,607
XAGUSD,METALS,2015-01-01 23:01:00+00:00,2026-09-30 21:00:00+00:00,4003121,743,545
EURUSD,FOREX,2015-01-01 18:00:00+00:00,2026-09-30 21:00:00+00:00,4319328,630,686
GBPUSD,FOREX,2015-01-01 18:01:00+00:00,2026-09-30 21:00:00+00:00,4317719,630,693
USDJPY,FOREX,2015-01-01 18:01:00+00:00,2026-09-30 21:00:00+00:00,4317062,630,567
USDCAD,FOREX,2015-01-01 18:01:00+00:00,2026-09-30 21:00:00+00:00,4298093,630,649
AUDUSD,FOREX,2015-01-01 18:01:00+00:00,2026-09-30 21:00:00+00:00,4304939,629,605
USDCHF,FOREX,2015-01-01 18:01:00+00:00,2026-09-30 21:00:00+00:00,4298013,631,639
EURJPY,FOREX,2015-01-01 18:01:00+00:00,2026-09-30 21:00:00+00:00,4321880,633,595
GBPJPY,FOREX,2015-01-01 18:39:00+00:00,2026-09-30 21:00:00+00:00,4317483,634,579
EURGBP,FOREX,2015-01-01 18:00:00+00:00,2026-09-30 21:00:00+00:00,4309033,630,641
US500,INDICES,2015-01-01 23:00:00+00:00,2026-09-30 21:00:00+00:00,3633512,739,2630
NAS100,INDICES,2015-01-01 23:00:00+00:00,2026-09-30 21:00:00+00:00,3958356,754,2820
DAX,INDICES,2015-01-02 07:00:00+00:00,2026-09-30 21:00:00+00:00,2906366,2137,2010
BTC,CRYPTO,2017-08-17 04:00:00+00:00,2026-09-30 21:00:00+00:00,4789100,14,578
ETH,CRYPTO,2017-08-17 04:00:00+00:00,2026-09-30 21:00:00+00:00,4789099,14,516
SOL,CRYPTO,2020-08-11 06:00:00+00:00,2026-09-30 21:00:00+00:00,3226516,3,378
