train_n,train_per_wk,train_wr,train_avg,train_lo,train_hi,train_t,train_pf,train_maxdd,train_streak,test_n,test_per_wk,test_wr,test_avg,test_lo,test_hi,test_t,test_pf,test_maxdd,test_streak,cfg,tf,def,stars,trend,entry,tp,hold,train_gross,test_gross
679.0,1.950348789495281,0.48748159057437407,0.08676822141443129,-0.07578885839870934,0.2493253012275719,1.0461907544585314,1.4440333515951906,26.32963028002996,9.0,598.0,2.414245548266167,0.45652173913043476,-0.05495312340910131,-0.09866307188034718,-0.011243174937855434,-2.4641557734320645,0.7592337244765265,35.954570958710974,8.0,EA|D1|BOS|any|none|mid|2R|3h,D1,BOS,any,none,mid,2R,3h,0.12701980108559083,-0.024718773436716263
679.0,1.950348789495281,0.48748159057437407,0.08884330612037397,-0.07389027968064207,0.25157689192139,1.070048810998705,1.4546525253180533,26.456548119080253,9.0,598.0,2.414245548266167,0.45652173913043476,-0.05494139405226539,-0.09895259192030575,-0.010930196184225034,-2.4467666766379463,0.7592851143409141,35.947556803323096,8.0,EA|D1|BOS|any|none|mid|3R|3h,D1,BOS,any,none,mid,3R,3h,0.12807865487684728,-0.024566639496657983
652.0,1.8727944193680754,0.48773006134969327,0.09092916753639445,-0.0783144104550365,0.2601727455278254,1.0530453827935304,1.4593343481344523,24.925641520065255,9.0,571.0,2.3052411506019754,0.45884413309982486,-0.057829465024446865,-0.10326778992900706,-0.012391140119886665,-2.494496698238549,0.7525254723225475,36.11322768902755,8.0,EA|D1|BOS|any|none|mid|LIQ|3h,D1,BOS,any,none,mid,LIQ,3h,0.13060986647055342,-0.027012041706117228
792.0,2.2749281903980303,0.4911616161616162,0.05499455397320979,-0.03221148318806848,0.14220059113448807,1.2360305466942194,1.4623551934758225,19.291185834270436,9.0,675.0,2.725109941604787,0.4888888888888889,-0.01725156225283475,-0.04353195503326304,0.009028830527593543,-1.2866269655123874,0.8640459402272528,14.931224918589578,12.0,EA|D1|BOS|any|none|prox|2R|3h,D1,BOS,any,none,prox,2R,3h,0.07918032783219094,0.003522732073303174
792.0,2.2749281903980303,0.4911616161616162,0.055649007855273075,-0.03169084881229531,0.14298886452284146,1.2488233843969268,1.467857377408613,19.291185834270436,9.0,675.0,2.725109941604787,0.4888888888888889,-0.01720492051450829,-0.043505784009509024,0.009095942980492447,-1.2821496988053662,0.86441350889074,14.899741745219217,12.0,EA|D1|BOS|any|none|prox|3R|3h,D1,BOS,any,none,prox,3R,3h,0.08012370270620023,0.003636230266549521
436.0,1.2523594583504307,0.48394495412844035,0.1161975968214459,-0.043309963137624224,0.275705156780516,1.4278150191030083,1.8482160824255525,15.146524976065848,11.0,393.0,1.5866195660010092,0.5012722646310432,0.0024807094097191954,-0.03688951829303707,0.04185093711247546,0.12349916997582482,1.018003095734923,7.618693006690592,10.0,EA|D1|BOS|any|none|prox|LIQ|3h,D1,BOS,any,none,prox,LIQ,3h,0.14558637863424814,0.024220915117571202
3103.0,8.91300779647107,0.4289397357396068,-0.07117228494694695,-0.10940294517994884,-0.03294162471394507,-3.6488430397442455,0.846298353867728,281.788980310288,11.0,2601.0,10.500756974983778,0.431757016532103,-0.0850300337362166,-0.12269468670785807,-0.047365380764575145,-4.424808221343913,0.8134887250992398,231.48835412567132,18.0,EA|H4|BOS|any|none|mid|2R|3h,H4,BOS,any,none,mid,2R,3h,0.04082436529183954,-0.0025649668508588228
3103.0,8.91300779647107,0.42410570415726717,-0.06072432360595874,-0.10123820463826388,-0.020210442573653592,-2.9377505001995408,0.8701727769690523,269.7279797582596,11.0,2601.0,10.500756974983778,0.42483660130718953,-0.09111082206046456,-0.13068083426402732,-0.051540809856901806,-4.512943041812659,0.8032105006579003,249.33441431928077,18.0,EA|H4|BOS|any|none|mid|3R|3h,H4,BOS,any,none,mid,3R,3h,0.0522155473118592,-0.005135468016348292
3056.0,8.778005744768157,0.42081151832460734,-0.07035819862519939,-0.11195220946932466,-0.028764187781074126,-3.3154309119690986,0.851646038169316,285.44363928210805,12.0,2562.0,10.343306178357723,0.42310694769711166,-0.08102512516791185,-0.1250665941418348,-0.03698365619398891,-3.6059025511419374,0.8264438299544417,239.09376790066017,13.0,EA|H4|BOS|any|none|mid|LIQ|3h,H4,BOS,any,none,mid,LIQ,3h,0.044606765428935526,0.009826096572490619
3356.0,9.639720968403774,0.4675208581644815,-0.044939452083862665,-0.07085187443739072,-0.019027029730334613,-3.3991930543065685,0.8514157206055273,182.12549030010632,14.0,2806.0,11.328382957248936,0.4465431218816821,-0.07730471974452925,-0.10365491182110462,-0.05095452766795388,-5.750138376940796,0.7517513208245306,229.9293770579461,15.0,EA|H4|BOS|any|none|prox|2R|3h,H4,BOS,any,none,prox,2R,3h,0.02194043259862002,-0.029326832910077448
3356.0,9.639720968403774,0.46454112038140644,-0.04892037816645762,-0.07534918909582855,-0.022491567237086684,-3.6280081409072755,0.8395785558037541,184.01243386765054,14.0,2806.0,11.328382957248936,0.44547398431931573,-0.07349857885205079,-0.10094694540553314,-0.046050212298568434,-5.248298264646394,0.7644171498748794,215.48061975267046,15.0,EA|H4|BOS|any|none|prox|3R|3h,H4,BOS,any,none,prox,3R,3h,0.019288441196250686,-0.023776383974214062
2517.0,7.229790726302831,0.4600715137067938,-0.05614678531616257,-0.08925032322508149,-0.02304324740724366,-3.324348579371302,0.8340195874215215,166.07480706063143,13.0,2079.0,8.393338620142744,0.4377104377104377,-0.08410800728378244,-0.11889273628213617,-0.049323278285428714,-4.739197315121115,0.7576244404019121,184.75784059166472,13.0,EA|H4|BOS|any|none|prox|LIQ|3h,H4,BOS,any,none,prox,LIQ,3h,0.021820105109304686,-0.030138972944324084
538.0,1.5453426343865406,0.49070631970260226,0.13113408564866025,-0.07303328662249309,0.3353014579198136,1.2588828715002698,1.6686839545735581,22.800686807953753,9.0,459.0,1.853074760291255,0.4793028322440087,-0.04197991977075231,-0.09409275820741517,0.010132918665910547,-1.5788939006014258,0.818800718308721,21.601350750628626,8.0,EA|D1|BOS|any|tr50|mid|2R|3h,D1,BOS,any,tr50,mid,2R,3h,0.17124739084168986,-0.011474639411294358
538.0,1.5453426343865406,0.49070631970260226,0.133356086093349,-0.0710006780641132,0.3377128502508112,1.2790275370653528,1.680014464387761,23.141150923096575,9.0,459.0,1.853074760291255,0.4793028322440087,-0.04078373194524809,-0.09365569888369471,0.012088234993198534,-1.5118808556100747,0.8239638624007739,21.602646675280994,8.0,EA|D1|BOS|any|tr50|mid|3R|3h,D1,BOS,any,tr50,mid,3R,3h,0.1735353802447852,-0.010111178097610356
520.0,1.4936397209684036,0.49423076923076925,0.1357618453131111,-0.0754196248025186,0.3469433154287408,1.2600216139607412,1.6847571258710141,22.260057022445835,9.0,441.0,1.7804051618484606,0.47845804988662133,-0.04530464229404941,-0.09947299213277455,0.008863707544675727,-1.6392801176464027,0.8088462870108197,22.599685017805314,8.0,EA|D1|BOS|any|tr50|mid|LIQ|3h,D1,BOS,any,tr50,mid,LIQ,3h,0.17635909658384788,-0.014221754244633247
625.0,1.7952400492408698,0.4976,0.0741935281040147,-0.03556807384605751,0.1839551300540869,1.324865093988118,1.6124423461132316,16.22393381258007,10.0,525.0,2.119529954581501,0.5161904761904762,-0.009971792410249777,-0.04099066803112691,0.021047083210627357,-0.630090960193769,0.9227709153768983,9.825242693419568,12.0,EA|D1|BOS|any|tr50|prox|2R|3h,D1,BOS,any,tr50,prox,2R,3h,0.09940646421810408,0.013188501151411661
625.0,1.7952400492408698,0.4976,0.07502285206336529,-0.034908638452697344,0.18495434257942792,1.337603896334968,1.6192881333986202,16.22393381258007,10.0,525.0,2.119529954581501,0.5161904761904762,-0.009911824460972898,-0.040959276977377564,0.021135628055431767,-0.625725280785664,0.9232353524248073,9.825242693419568,12.0,EA|D1|BOS|any|tr50|prox|3R|3h,D1,BOS,any,tr50,prox,3R,3h,0.1006011048081573,0.01333442739987125
349.0,1.0024620434961018,0.4899713467048711,0.155360259831867,-0.04290826390530478,0.35362878356903876,1.535826784457819,2.140813327543281,12.660014349850826,9.0,316.0,1.275755172662389,0.5284810126582279,0.010840023631823863,-0.03388037720309213,0.05556042446673985,0.47509516734443835,1.0786739674629333,6.216391704045236,8.0,EA|D1|BOS|any|tr50|prox|LIQ|3h,D1,BOS,any,tr50,prox,LIQ,3h,0.18838294241391654,0.03440690225637164
1726.0,4.957734919983586,0.4264194669756663,-0.07490817946643229,-0.12695960241666224,-0.02285675651620233,-2.8206727776605125,0.8423483848658526,147.57834978715982,16.0,1377.0,5.5592242808737655,0.45461147421931736,-0.033939151195766126,-0.08717089820740992,0.01929259581587766,-1.249644057880554,0.922950696633574,75.53755666190409,13.0,EA|H4|BOS|any|tr50|mid|2R|3h,H4,BOS,any,tr50,mid,2R,3h,0.04503741125084462,0.04867346522265727
1726.0,4.957734919983586,0.4223638470451912,-0.0554139925889704,-0.11114537899419227,0.0003173938162514614,-1.9488376744240732,0.8843055354802855,128.08604428113904,16.0,1377.0,5.5592242808737655,0.44734931009440815,-0.042675883243014814,-0.09848790563104251,0.013136139145012889,-1.4986866194307942,0.9047280729599129,89.73842762378627,13.0,EA|H4|BOS|any|tr50|mid|3R|3h,H4,BOS,any,tr50,mid,3R,3h,0.06268526123605155,0.044125331128843794
1699.0,4.88018054985638,0.4190700412007063,-0.06589527658642579,-0.12279897806128959,-0.008991575111561977,-2.2697072204774997,0.8642809432896235,130.80168715666514,16.0,1350.0,5.450219883209574,0.4437037037037037,-0.04822617572279544,-0.10742864928025042,0.010976297834659539,-1.5966107281809065,0.893812071957234,102.3573618765804,14.0,EA|H4|BOS|any|tr50|mid|LIQ|3h,H4,BOS,any,tr50,mid,LIQ,3h,0.05706385975434584,0.044896722176711375
1863.0,5.351251538777185,0.4626945786366076,-0.05704882741930494,-0.09243649164412197,-0.02166116319448791,-3.1597367102692924,0.8196282120307964,107.84943403408397,19.0,1482.0,5.983130271790065,0.46288798920377866,-0.07640116602051028,-0.11153396242778692,-0.041268369613233644,-4.26229337580384,0.7464914019391362,120.77736997260217,12.0,EA|H4|BOS|any|tr50|prox|2R|3h,H4,BOS,any,tr50,prox,2R,3h,0.011251511442775319,-0.018364444049326276
1863.0,5.351251538777185,0.4600107353730542,-0.061997624388665976,-0.097928680143559,-0.02606656863377295,-3.381902959676813,0.8056916218070101,116.56445053231437,19.0,1482.0,5.983130271790065,0.4622132253711201,-0.0748579433692024,-0.1110609789917045,-0.03865490774670031,-4.052742165975759,0.7517807674297542,119.28530180110101,12.0,EA|H4|BOS|any|tr50|prox|3R|3h,H4,BOS,any,tr50,prox,3R,3h,0.00886282021743228,-0.015245404009734885
1370.0,3.9351661879359865,0.44963503649635034,-0.07675889715778363,-0.122188832059552,-0.03132896225601526,-3.311636672043739,0.7856642196320084,107.18509020667989,15.0,1097.0,4.428808305096965,0.44667274384685507,-0.09879191187523838,-0.14410459783516702,-0.05347922591530974,-4.273243644102271,0.7109374570925179,118.1056797904821,11.0,EA|H4|BOS|any|tr50|prox|LIQ|3h,H4,BOS,any,tr50,prox,LIQ,3h,0.00402707709255951,-0.03387817368720814
203.0,0.5830939679934345,0.4876847290640394,-0.02101877631546168,-0.09270061566630342,0.05066306303538005,-0.5747174172898947,0.896807594628516,11.822883624583483,6.0,181.0,0.7307331843414318,0.5138121546961326,0.010468087249142196,-0.07695502417161579,0.09789119866990018,0.23469138394732292,1.0490630514378556,4.0397543059661984,5.0,EA|D1|BOS|s3|none|mid|2R|3h,D1,BOS,s3,none,mid,2R,3h,0.019562181408787554,0.04460971983077612
203.0,0.5830939679934345,0.4876847290640394,-0.022695939444244053,-0.09355021395894274,0.048158335070454625,-0.6278243848434317,0.8885735045529628,12.155261327978224,6.0,181.0,0.7307331843414318,0.5138121546961326,0.015140324113221623,-0.07574614116546777,0.10602678939191101,0.32650664948758257,1.0709614357497514,4.0397543059661984,5.0,EA|D1|BOS|s3|none|mid|3R|3h,D1,BOS,s3,none,mid,3R,3h,0.018026056376014978,0.04960656754199148
203.0,0.5830939679934345,0.4876847290640394,-0.022695939444244053,-0.09355021395894274,0.048158335070454625,-0.6278243848434317,0.8885735045529628,12.155261327978224,6.0,181.0,0.7307331843414318,0.5138121546961326,0.013374908299838804,-0.07633485767789305,0.10308467427757068,0.29221813235128946,1.06268707914575,4.0397543059661984,5.0,EA|D1|BOS|s3|none|mid|LIQ|3h,D1,BOS,s3,none,mid,LIQ,3h,0.018026056376014978,0.04786114332405079
234.0,0.6721378744357817,0.4700854700854701,-0.05521428003672383,-0.09867100721408345,-0.011757552859364202,-2.490293123784984,0.634935212510618,14.073666719021276,7.0,205.0,0.8276259822651575,0.4878048780487805,0.023969171261528463,-0.02863283158325477,0.0765711741063117,0.8931138194722742,1.2002294987458217,3.1558055616915226,7.0,EA|D1|BOS|s3|none|prox|2R|3h,D1,BOS,s3,none,prox,2R,3h,-0.02283208913236888,0.040509309369798116
234.0,0.6721378744357817,0.4700854700854701,-0.05521428003672383,-0.09867100721408345,-0.011757552859364202,-2.490293123784984,0.634935212510618,14.073666719021276,7.0,205.0,0.8276259822651575,0.4878048780487805,0.024122747716993638,-0.028588177244576247,0.07683367267856353,0.8969788627268167,1.2015124190588118,3.1558055616915226,7.0,EA|D1|BOS|s3|none|prox|3R|3h,D1,BOS,s3,none,prox,3R,3h,-0.02283208913236888,0.04088302293292633
165.0,0.4739433729995896,0.46060606060606063,-0.07448353597922533,-0.12717561121817494,-0.02179146074027572,-2.770582290738258,0.5514781755881153,13.40997372358106,8.0,157.0,0.633840386417706,0.5286624203821656,0.05133563804864338,-0.012293276889717104,0.11496455298700387,1.5813227472574847,1.4478731437822174,2.511973137035966,5.0,EA|D1|BOS|s3|none|prox|LIQ|3h,D1,BOS,s3,none,prox,LIQ,3h,-0.03449048796769031,0.06711133108859893
1253.0,3.5990972507180956,0.4245810055865922,-0.05895217990144364,-0.1263979458725091,0.008493586069621813,-1.7131731094343183,0.8771841182717386,104.47337036553654,11.0,988.0,3.98875351452671,0.4483805668016194,-0.04713902778396579,-0.11055985154190062,0.01628179597396904,-1.4568163732659394,0.8968485202381561,75.50431665522046,15.0,EA|H4|BOS|s3|none|mid|2R|3h,H4,BOS,s3,none,mid,2R,3h,0.04847597023813008,0.04546177962966359
1253.0,3.5990972507180956,0.41819632881085395,-0.05377993455725939,-0.12442249667062857,0.016862627556109788,-1.4921411197270222,0.8892625303279043,104.60885528475046,11.0,988.0,3.98875351452671,0.4392712550607287,-0.05890049184187078,-0.12554867257082458,0.007747688887083035,-1.7321547677281794,0.8736685371876124,92.94274010998197,15.0,EA|H4|BOS|s3|none|mid|3R|3h,H4,BOS,s3,none,mid,3R,3h,0.05547486873367296,0.047298314436563696
1253.0,3.5990972507180956,0.4142059058260176,-0.062000958822571534,-0.1343283273174587,0.010326409672315642,-1.680164532749876,0.8734399856883985,112.33374634731445,11.0,988.0,3.98875351452671,0.4382591093117409,-0.046028038884865626,-0.12109966139872183,0.029043583628990573,-1.201718481543214,0.9015229692198832,91.30233203363605,15.0,EA|H4|BOS|s3|none|mid|LIQ|3h,H4,BOS,s3,none,mid,LIQ,3h,0.05308229867450436,0.07067935603555531
1348.0,3.871973738202708,0.4495548961424332,-0.05324541946783425,-0.09954636083683183,-0.006944478098836679,-2.253971929539077,0.841406919882239,86.33533328265185,11.0,1067.0,4.3076923076923075,0.4498594189315839,-0.0821406241150614,-0.12613682270392126,-0.03814442552620153,-3.659307586321458,0.7480226297104908,95.15408952401049,18.0,EA|H4|BOS|s3|none|prox|2R|3h,H4,BOS,s3,none,prox,2R,3h,0.008698178883669532,-0.03305910245050181
1348.0,3.871973738202708,0.44510385756676557,-0.05969915781948247,-0.10686584944127081,-0.012532466197694124,-2.480783478825415,0.824236269695438,83.68471777677769,11.0,1067.0,4.3076923076923075,0.44798500468603564,-0.07970899581989944,-0.12564488635161886,-0.033773105288180026,-3.4010363138410047,0.7564204166106011,90.94639735593955,18.0,EA|H4|BOS|s3|none|prox|3R|3h,H4,BOS,s3,none,prox,3R,3h,0.006569985975528606,-0.02675914024109673
1165.0,3.3463274517849815,0.44377682403433477,-0.06519505741407439,-0.11781224974719304,-0.012577865080955743,-2.4285277656511566,0.8147356657318706,82.03079780802364,10.0,912.0,3.6819263211015785,0.4517543859649123,-0.07319777805746765,-0.12668871456015146,-0.019706841554783826,-2.682092600592968,0.7834008744298299,81.27515648544795,20.0,EA|H4|BOS|s3|none|prox|LIQ|3h,H4,BOS,s3,none,prox,LIQ,3h,0.00575556276197582,-0.01752994124271617
178.0,0.5112843660237997,0.5,-0.0029617563737660982,-0.08118657882647105,0.07526306607893886,-0.07420972410760414,0.9850402676482375,11.09011571481824,6.0,157.0,0.633840386417706,0.5222929936305732,0.02338168661222811,-0.07467403754627651,0.12143741077073274,0.4673679803321539,1.1076578228123426,3.288122662110254,5.0,EA|D1|BOS|s3|tr50|mid|2R|3h,D1,BOS,s3,tr50,mid,2R,3h,0.03568730869309515,0.059395186371721656
178.0,0.5112843660237997,0.5,-0.004874476121759482,-0.08212139576143437,0.07237244351791541,-0.1236809602662985,0.9753791841954054,11.09011571481824,6.0,157.0,0.633840386417706,0.5222929936305732,0.02876815076763178,-0.0733733542209643,0.13090965575622787,0.5520339210867672,1.132459070611302,3.49173545720987,5.0,EA|D1|BOS|s3|tr50|mid|3R|3h,D1,BOS,s3,tr50,mid,3R,3h,0.03393543576246127,0.06515588341458778
178.0,0.5112843660237997,0.5,-0.004874476121759482,-0.08212139576143437,0.07237244351791541,-0.1236809602662985,0.9753791841954054,11.09011571481824,6.0,157.0,0.633840386417706,0.5222929936305732,0.02673286247322229,-0.07402206653555667,0.12748779148200123,0.520038185357168,1.1230878601333985,3.49173545720987,5.0,EA|D1|BOS|s3|tr50|mid|LIQ|3h,D1,BOS,s3,tr50,mid,LIQ,3h,0.03393543576246127,0.063143642755688
203.0,0.5830939679934345,0.4729064039408867,-0.0592823313615684,-0.10462167440056097,-0.01394298832257583,-2.5627492963174583,0.6050548575930732,13.158537366660312,7.0,179.0,0.7226587845144545,0.5083798882681564,0.03440814156165898,-0.02457887886209105,0.09339516198540901,1.1433016446054995,1.2834633422205888,2.9104714281857014,8.0,EA|D1|BOS|s3|tr50|prox|2R|3h,D1,BOS,s3,tr50,prox,2R,3h,-0.02475459192107182,0.05155938669165087
203.0,0.5830939679934345,0.4729064039408867,-0.0592823313615684,-0.10462167440056097,-0.01394298832257583,-2.5627492963174583,0.6050548575930732,13.158537366660312,7.0,179.0,0.7226587845144545,0.5083798882681564,0.03458402521177273,-0.024529807460350418,0.09369785788389587,1.1466806727123344,1.2849123181036326,2.9104714281857014,8.0,EA|D1|BOS|s3|tr50|prox|3R|3h,D1,BOS,s3,tr50,prox,3R,3h,-0.02475459192107182,0.05198738267176977
140.0,0.40213377102995485,0.4714285714285714,-0.07140103454668341,-0.1275792999243228,-0.015222769169044019,-2.491106244928704,0.5608201496723837,11.087034033378586,8.0,138.0,0.5571335880614231,0.5434782608695652,0.06243999032523024,-0.008518994885159094,0.13339897553561958,1.7246918156255264,1.5352620267016668,2.276162201538682,5.0,EA|D1|BOS|s3|tr50|prox|LIQ|3h,D1,BOS,s3,tr50,prox,LIQ,3h,-0.027622392781498566,0.07851451909695954
765.0,2.197373820270825,0.41568627450980394,-0.057781124354821016,-0.14482772856549872,0.02926547985585668,-1.301038733933254,0.8833822478084151,60.03622904326767,12.0,574.0,2.317352750342441,0.4564459930313589,-0.01112463838138491,-0.09737309771859914,0.07512382095582931,-0.2528078923968254,0.9755769872013366,35.6836317749694,10.0,EA|H4|BOS|s3|tr50|mid|2R|3h,H4,BOS,s3,tr50,mid,2R,3h,0.0580714883811721,0.07817666950245003
765.0,2.197373820270825,0.41045751633986927,-0.03849874420420212,-0.13116934706679897,0.05417185865839474,-0.8142553982530729,0.9230032906235265,58.00650730263442,12.0,574.0,2.317352750342441,0.4425087108013937,-0.03824915933075526,-0.1283566555653876,0.051858336903877075,-0.8319879634993855,0.9185297061697508,50.83913890365511,11.0,EA|H4|BOS|s3|tr50|mid|3R|3h,H4,BOS,s3,tr50,mid,3R,3h,0.07811006885709214,0.06782159542114483
765.0,2.197373820270825,0.40522875816993464,-0.0543175548619402,-0.14812026030629477,0.03948515058241437,-1.1349609483551428,0.8925616592040126,62.59075822029263,12.0,574.0,2.317352750342441,0.44076655052264807,-0.05151030551220326,-0.14290811608856563,0.039887505064159126,-1.1046238215910726,0.8907486467322322,65.68057632539421,11.0,EA|H4|BOS|s3|tr50|mid|LIQ|3h,H4,BOS,s3,tr50,mid,LIQ,3h,0.07199385081571061,0.06428531201942086
825.0,2.3697168649979483,0.4484848484848485,-0.07234473415149488,-0.131501132533441,-0.01318833576954876,-2.3969626754728943,0.7929688427465206,64.9236039405805,16.0,619.0,2.499026746449427,0.46365105008077545,-0.07849618455144547,-0.13445775396265416,-0.022534615140236774,-2.749253163189837,0.7492613923820195,54.76563267054007,8.0,EA|H4|BOS|s3|tr50|prox|2R|3h,H4,BOS,s3,tr50,prox,2R,3h,-0.008984030391897064,-0.01685740097850164
825.0,2.3697168649979483,0.44242424242424244,-0.08624102479333735,-0.14605711200810126,-0.026424937578573456,-2.825868699636715,0.7575624079800545,76.38804372010054,16.0,619.0,2.499026746449427,0.46365105008077545,-0.0734147415226411,-0.13205026345128995,-0.014779219593992254,-2.454022555806255,0.765492932258935,52.2532671952431,8.0,EA|H4|BOS|s3|tr50|prox|3R|3h,H4,BOS,s3,tr50,prox,3R,3h,-0.016261253257911595,-0.009341134426074166
703.0,2.0192860073861305,0.4366998577524893,-0.08993271397266757,-0.1575744396256421,-0.022290988319693034,-2.6059080794411558,0.7552153053580685,66.77412163635017,12.0,522.0,2.1074183548410352,0.4616858237547893,-0.08245781226400266,-0.15002805322260043,-0.014887571305404898,-2.3918415821022867,0.7517057180811529,54.98595641756401,8.0,EA|H4|BOS|s3|tr50|prox|LIQ|3h,H4,BOS,s3,tr50,prox,LIQ,3h,-0.013076648283789506,-0.01477729330945853
349.0,1.0024620434961018,0.4871060171919771,-0.0004498527910998011,-0.05839443158283182,0.05749472600063221,-0.015216461814740461,0.9977727208709608,13.113907365128398,7.0,305.0,1.2313459736140149,0.4721311475409836,-0.02897718242201649,-0.09293274077735608,0.0349783759333231,-0.8880428692623639,0.8730528739892073,14.082789555657655,6.0,EA|D1|FVG|any|none|mid|2R|3h,D1,FVG,any,none,mid,2R,3h,0.044031067577554095,0.0006387530484419988
349.0,1.0024620434961018,0.4871060171919771,0.003587346393241411,-0.05626993723648093,0.06344463002296376,0.11746605432762738,1.0177614141967788,12.900361089035869,7.0,305.0,1.2313459736140149,0.4721311475409836,-0.023318361222255425,-0.08991895326664953,0.043282230822138675,-0.6862399656320717,0.8978437966350475,13.038807987235487,6.0,EA|D1|FVG|any|none|mid|3R|3h,D1,FVG,any,none,mid,3R,3h,0.04608844161070766,0.0064842653760426965
349.0,1.0024620434961018,0.4871060171919771,0.00094842162239432,-0.05766684572839704,0.05956368897318568,0.031713689349363174,1.0046957576497946,12.900361089035869,7.0,303.0,1.2232715737870377,0.4752475247524752,-0.022559660852643916,-0.08897633415678638,0.04385701245149854,-0.6657505272614164,0.9009678118823926,13.00075629260391,6.0,EA|D1|FVG|any|none|mid|LIQ|3h,D1,FVG,any,none,mid,LIQ,3h,0.04356013824154965,0.007574412905074742
409.0,1.1748050882232253,0.49144254278728605,-0.001271703426952731,-0.0386523094805328,0.03610890262662734,-0.06667999746324696,0.9901750961100236,17.723101474402938,6.0,349.0,1.408982769807512,0.4498567335243553,-0.02427753811826553,-0.06252504128610421,0.013969965049573152,-1.2441066937883818,0.822514221678342,12.89055885464768,8.0,EA|D1|FVG|any|none|prox|2R|3h,D1,FVG,any,none,prox,2R,3h,0.027669434661698276,-0.0007841003859244863
409.0,1.1748050882232253,0.49144254278728605,0.0013790532807400563,-0.03761879720530276,0.04037690376678287,0.06931008751925657,1.010654265495607,17.723101474402938,6.0,349.0,1.408982769807512,0.4498567335243553,-0.02418732845244788,-0.06248768708240225,0.014113030177506494,-1.2377733646003282,0.8231737174094078,12.859075681277318,8.0,EA|D1|FVG|any|none|prox|3R|3h,D1,FVG,any,none,prox,3R,3h,0.030832236072438294,-0.0005645838230554772
302.0,0.8674599917931883,0.4966887417218543,0.026196420341321507,-0.039016043885275326,0.09140888456791835,0.7873492357316741,1.1966073739457517,13.300752291514073,7.0,264.0,1.0658207771609833,0.48484848484848486,-0.007044486736104414,-0.05414138851586067,0.04005241504365184,-0.2931656538116361,0.9488696424811582,6.751989735639654,8.0,EA|D1|FVG|any|none|prox|LIQ|3h,D1,FVG,any,none,prox,LIQ,3h,0.06002105500451044,0.018850042824686334
2010.0,5.7734919983586375,0.43582089552238806,-0.0601481567663853,-0.10796297617079349,-0.0123333373619771,-2.4655616967832046,0.8715444298504053,165.1417497980583,11.0,1653.0,6.6734914569966115,0.42528735632183906,-0.09939174169445769,-0.1468744043363998,-0.05190907905251558,-4.102714609543833,0.7875757109626155,165.6376174269244,15.0,EA|H4|FVG|any|none|mid|2R|3h,H4,FVG,any,none,mid,2R,3h,0.04450785861507736,-0.01618028844559635
2010.0,5.7734919983586375,0.43034825870646765,-0.053011526245567646,-0.10351461522251468,-0.002508437268620614,-2.057351214472062,0.8880002592458262,158.68108699351433,11.0,1653.0,6.6734914569966115,0.4186327888687235,-0.1038395513217565,-0.15388522085851417,-0.05379388178499884,-4.066795838172508,0.7811471785816769,173.482536370866,15.0,EA|H4|FVG|any|none|mid|3R|3h,H4,FVG,any,none,mid,3R,3h,0.0552190911388398,-0.01918118304854811
2007.0,5.764874846122281,0.4265072247135027,-0.06003111672185314,-0.11180397097780975,-0.008258262465896539,-2.272638634005676,0.8742641477639094,163.11658830821398,11.0,1648.0,6.653305457429169,0.41686893203883496,-0.10105050928682739,-0.1560394400423712,-0.046061578531283585,-3.6017975887304194,0.7881098215242752,181.57208522595465,15.0,EA|H4|FVG|any|none|mid|LIQ|3h,H4,FVG,any,none,mid,LIQ,3h,0.05083716147472183,-0.010108093959009095
2171.0,6.235945835043085,0.4707508060801474,-0.04403783048761885,-0.07649330729077816,-0.011582353684459527,-2.6594632480435734,0.8573669303478507,110.10970532777719,10.0,1796.0,7.250811044625477,0.4510022271714922,-0.07697492523643257,-0.11051108877080146,-0.043438761702063684,-4.498751126043108,0.7576683519110897,142.89532608993613,11.0,EA|H4|FVG|any|none|prox|2R|3h,H4,FVG,any,none,prox,2R,3h,0.02164548053149734,-0.02939633845239106
2171.0,6.235945835043085,0.46752648549055736,-0.046956465502593664,-0.08022462682715237,-0.013688304178034967,-2.766449022752069,0.8493275212202958,111.47757786675356,10.0,1796.0,7.250811044625477,0.44933184855233854,-0.07306781151667611,-0.10819551630174531,-0.03794010673160692,-4.076921946621372,0.7706295661576492,134.5861675365668,11.0,EA|H4|FVG|any|none|prox|3R|3h,H4,FVG,any,none,prox,3R,3h,0.020295457361084797,-0.023645262970314315
1825.0,5.24210094378334,0.4641095890410959,-0.05296545533071055,-0.09106003153095331,-0.014870879130467793,-2.7251200250268472,0.8401588653355564,109.79905553348362,9.0,1500.0,6.0557998702328595,0.44733333333333336,-0.07432132348391557,-0.11566524699485767,-0.03297739997297346,-3.523366474638564,0.780648672162469,116.9805808177407,11.0,EA|H4|FVG|any|none|prox|LIQ|3h,H4,FVG,any,none,prox,LIQ,3h,0.021370274008162254,-0.021880597331988005
291.0,0.835863766926549,0.4948453608247423,0.008128993842059496,-0.05670918631093905,0.07296717399505803,0.2457321888560096,1.0394830470059777,12.834613820537925,11.0,250.0,1.0092999783721432,0.48,-0.01676495346426964,-0.09081868878305113,0.05728878185451186,-0.443722502970552,0.9279917661845193,10.319995689205825,7.0,EA|D1|FVG|any|tr50|mid|2R|3h,D1,FVG,any,tr50,mid,2R,3h,0.051314539387313444,0.013857356601627544
291.0,0.835863766926549,0.4948453608247423,0.01223702215560779,-0.05471185207131353,0.07918589638252911,0.358251930326659,1.0594360052880352,12.834613820537925,11.0,250.0,1.0092999783721432,0.48,-0.009861191600561143,-0.08729229772049066,0.06756991451936836,-0.24961461233891818,0.9576445594086594,9.320104527287185,7.0,EA|D1|FVG|any|tr50|mid|3R|3h,D1,FVG,any,tr50,mid,3R,3h,0.05553912050360896,0.020988881641300396
291.0,0.835863766926549,0.4948453608247423,0.009072126124591864,-0.05628143365954942,0.07442568590873315,0.2720795510287549,1.0440639012872803,12.834613820537925,11.0,249.0,1.0052627784586547,0.4819277108433735,-0.009747976728950638,-0.0867111404061736,0.06721518694827232,-0.24824907755705514,0.9580405276184447,9.282052832655609,7.0,EA|D1|FVG|any|tr50|mid|LIQ|3h,D1,FVG,any,tr50,mid,LIQ,3h,0.05251033387366198,0.021507125117125953
338.0,0.9708658186294624,0.4940828402366864,-0.0008492291847811516,-0.04277657468397269,0.04107811631441039,-0.03969937000192756,0.9934620541811232,15.480347557808273,8.0,288.0,1.162713575084709,0.4791666666666667,-0.011864529121946058,-0.05565208930495737,0.031923031061065255,-0.5310749669956842,0.9120349647801098,7.739851374150021,6.0,EA|D1|FVG|any|tr50|prox|2R|3h,D1,FVG,any,tr50,prox,2R,3h,0.030296255369424163,0.013316404350512635
338.0,0.9708658186294624,0.4940828402366864,0.002358343281036452,-0.041673592738712385,0.046390279300785285,0.10497727896312048,1.0181561360231652,15.480347557808273,8.0,288.0,1.162713575084709,0.4791666666666667,-0.011755212547743414,-0.05561019049823651,0.03209976540274968,-0.5253728919801687,0.9128454509107449,7.70836820077966,6.0,EA|D1|FVG|any|tr50|prox|3R|3h,D1,FVG,any,tr50,prox,3R,3h,0.03411952413358342,0.013582415740933761
246.0,0.7066064833812064,0.5,0.03577588037994683,-0.04125338783496577,0.11280514859485943,0.9103127573412497,1.2719241261278595,11.483478014240973,7.0,222.0,0.8962583807944632,0.5,0.0019118486773033903,-0.05105577601192017,0.054879473366526946,0.07074554370713607,1.0139398474847818,5.25037201307714,7.0,EA|D1|FVG|any|tr50|prox|LIQ|3h,D1,FVG,any,tr50,prox,LIQ,3h,0.07396113702787026,0.02962323304146176
1085.0,3.11653672548215,0.4396313364055299,-0.0398247268973648,-0.10999554545271006,0.030346091657980467,-1.1123778562917883,0.9165128431034408,70.839911559131,9.0,860.0,3.471991925600173,0.44069767441860463,-0.06014065153079194,-0.1274583574810082,0.007177054419424303,-1.751035263850573,0.8683533696452093,67.0593315269798,9.0,EA|H4|FVG|any|tr50|mid|2R|3h,H4,FVG,any,tr50,mid,2R,3h,0.06618254148655511,0.021081011719960668
1085.0,3.11653672548215,0.43317972350230416,-0.024373380830811878,-0.09906340494564725,0.05031664328402349,-0.6396011648750098,0.9495469471582688,73.89870831370354,9.0,860.0,3.471991925600173,0.4325581395348837,-0.07215466412612735,-0.14264371088379596,-0.0016656173684587439,-2.006313720958696,0.8447985266553383,77.78451061900705,12.0,EA|H4|FVG|any|tr50|mid|3R|3h,H4,FVG,any,tr50,mid,3R,3h,0.08253673587940684,0.008189641646360947
1083.0,3.110791957324579,0.4275161588180979,-0.03477686983236522,-0.11105319219363498,0.04149945252890454,-0.8936280979645955,0.9288988193951639,63.130782870110124,9.0,855.0,3.45180592603273,0.42923976608187137,-0.09616673260910862,-0.16643033588229994,-0.025903129335917277,-2.682566608219606,0.795186988851826,98.25002508424222,12.0,EA|H4|FVG|any|tr50|mid|LIQ|3h,H4,FVG,any,tr50,mid,LIQ,3h,0.07663387407517482,-0.009566715804236963
1173.0,3.3693065244152645,0.47144075021312876,-0.05215353488737323,-0.09885613478989008,-0.0054509349848563815,-2.188763122237714,0.8386061246839809,72.46536327368813,12.0,928.0,3.7465215197173958,0.46551724137931033,-0.08366928574706624,-0.12850771735347297,-0.03883085414065951,-3.657393762203268,0.7285706286876384,81.54498154005705,8.0,EA|H4|FVG|any|tr50|prox|2R|3h,H4,FVG,any,tr50,prox,2R,3h,0.016527131294294364,-0.02517197989298689
1173.0,3.3693065244152645,0.46717817561807334,-0.06077403700177082,-0.10817166128943578,-0.013376412714105855,-2.5131452116782684,0.814467462216143,76.31437454308616,12.0,928.0,3.7465215197173958,0.4644396551724138,-0.07930710140147249,-0.1262823911525122,-0.032331811650432786,-3.309014581297941,0.7429946977047776,77.60740570991038,8.0,EA|H4|FVG|any|tr50|prox|3R|3h,H4,FVG,any,tr50,prox,3R,3h,0.010147277420381132,-0.019788135052357544
970.0,2.78621255642183,0.4556701030927835,-0.07399510803696047,-0.12877600602042147,-0.01921421005349947,-2.6474632050797875,0.7892306712401336,75.2124655196094,10.0,774.0,3.1247927330401555,0.45478036175710596,-0.09910921339688902,-0.15312717093655726,-0.0450912558572208,-3.5961015022689726,0.705171722345428,78.85990600741206,8.0,EA|H4|FVG|any|tr50|prox|LIQ|3h,H4,FVG,any,tr50,prox,LIQ,3h,0.0052991713537668995,-0.03416640649189423
172.0,0.4940500615510874,0.5058139534883721,-0.0008300763181259119,-0.07978746579092864,0.07812731315467682,-0.02060541254453705,0.9957783938197691,10.050831850618124,7.0,152.0,0.6136543868502631,0.5,0.0017283062946884648,-0.09138055839231356,0.09483717098169049,0.036381931505414244,1.0080510975841224,4.618792460067198,5.0,EA|D1|FVG|s3|none|mid|2R|3h,D1,FVG,s3,none,mid,2R,3h,0.03735828671203687,0.03628609100614037
172.0,0.4940500615510874,0.5058139534883721,-0.0028095188480260413,-0.08072996181916363,0.07511092412311156,-0.07067024688464303,0.9857113353636203,10.050831850618124,7.0,152.0,0.6136543868502631,0.5,0.012086599100209577,-0.08761466601158867,0.11178786421200783,0.2376071578414447,1.0563039023320182,4.618792460067198,5.0,EA|D1|FVG|s3|none|mid|3R|3h,D1,FVG,s3,none,mid,3R,3h,0.03554530193498552,0.04697369319987238
172.0,0.4940500615510874,0.5058139534883721,-0.0028095188480260413,-0.08072996181916363,0.07511092412311156,-0.07067024688464303,0.9857113353636203,10.050831850618124,7.0,152.0,0.6136543868502631,0.5,0.009984360532957669,-0.08819072101399794,0.10815944207991326,0.19933109640695656,1.0465108882684426,4.618792460067198,5.0,EA|D1|FVG|s3|none|mid|LIQ|3h,D1,FVG,s3,none,mid,LIQ,3h,0.03554530193498552,0.04489526041403511
197.0,0.5658596635207221,0.47715736040609136,-0.05360553123950391,-0.10037563827394438,-0.006835424205063424,-2.246452871105442,0.6388387494985732,11.734417853178456,7.0,173.0,0.6984355850335231,0.4508670520231214,-0.004226602284867597,-0.06294272797001516,0.05448952340027996,-0.14108799553230725,0.9686778318517201,3.90389178134501,7.0,EA|D1|FVG|s3|none|prox|2R|3h,D1,FVG,s3,none,prox,2R,3h,-0.01812573282361667,0.011005250691312413
197.0,0.5658596635207221,0.47715736040609136,-0.05360553123950391,-0.10037563827394438,-0.006835424205063424,-2.246452871105442,0.6388387494985732,11.734417853178456,7.0,173.0,0.6984355850335231,0.4508670520231214,-0.004044618623767242,-0.06289981444068414,0.05481057719314966,-0.1346941827743471,0.9700264618975687,3.90389178134501,7.0,EA|D1|FVG|s3|none|prox|3R|3h,D1,FVG,s3,none,prox,3R,3h,-0.01812573282361667,0.011448090462649316
141.0,0.4050061551087402,0.48936170212765956,-0.05580519374744002,-0.11326401301567351,0.0016536255207934766,-1.9035925405006175,0.6436545281881019,8.988722605397925,7.0,137.0,0.5530963881479345,0.5036496350364964,0.026518910634671305,-0.04254316509035877,0.09558098635970139,0.7526137072812854,1.2117459868511877,2.658964299480431,5.0,EA|D1|FVG|s3|none|prox|LIQ|3h,D1,FVG,s3,none,prox,LIQ,3h,-0.011977640573274006,0.04172952975533957
1061.0,3.0475995075913005,0.4354382657869934,-0.060378675246109806,-0.12926524994670352,0.008507899454483922,-1.7179284061768751,0.8721779141433265,81.86742510806653,9.0,858.0,3.4639175257731956,0.4405594405594406,-0.06459272066310334,-0.13218923494168755,0.0030037936154808514,-1.8729032680283084,0.8606144239347292,72.51103233848698,17.0,EA|H4|FVG|s3|none|mid|2R|3h,H4,FVG,s3,none,mid,2R,3h,0.0377312054471603,0.025868459610352727
1061.0,3.0475995075913005,0.4288407163053723,-0.05562265003803906,-0.12816194443078188,0.016916644354703768,-1.502915006097212,0.8836449981347355,79.85535458635422,11.0,858.0,3.4639175257731956,0.4324009324009324,-0.07208314456836926,-0.1433946210982278,-0.0007716680385107255,-1.98120934005409,0.8471425607327796,87.48640843783505,17.0,EA|H4|FVG|s3|none|mid|3R|3h,H4,FVG,s3,none,mid,3R,3h,0.046298153143064506,0.02614415674594612
1061.0,3.0475995075913005,0.42412818096135724,-0.06396044066026486,-0.1387743507445417,0.010853469424011983,-1.6756571545705876,0.8675907914953198,87.8023420960817,11.0,858.0,3.4639175257731956,0.43123543123543123,-0.06004614934856007,-0.14116680039533225,0.0210745016982121,-1.4508075465927943,0.8730278390609758,86.44700567726977,17.0,EA|H4|FVG|s3|none|mid|LIQ|3h,H4,FVG,s3,none,mid,LIQ,3h,0.04038579011803381,0.05005487008695543
1139.0,3.2716454657365612,0.45215100965759436,-0.052810424339090396,-0.10061413358092391,-0.005006715097256885,-2.1652803379959455,0.838428755447183,62.78856197936693,10.0,927.0,3.742484319803907,0.44983818770226536,-0.08589780423119132,-0.13306758392603604,-0.0387280245363466,-3.569227954472201,0.7370803447548409,82.4438704299464,18.0,EA|H4|FVG|s3|none|prox|2R|3h,H4,FVG,s3,none,prox,2R,3h,0.007177668825467158,-0.04284166163829625
1139.0,3.2716454657365612,0.44688323090430204,-0.06175356801838227,-0.11046813501770693,-0.013039001019057611,-2.484616014706796,0.8137114787042877,72.50299938820535,10.0,927.0,3.742484319803907,0.447680690399137,-0.08272874280601418,-0.1323486479098327,-0.03310883770219567,-3.267808262843889,0.7478958397717543,78.2846580641999,18.0,EA|H4|FVG|s3|none|prox|3R|3h,H4,FVG,s3,none,prox,3R,3h,0.00043113565687318505,-0.03633581318379207
1000.0,2.872384078785392,0.444,-0.06987650764320279,-0.123692100054929,-0.016060915231476576,-2.544949313813274,0.7969860074103828,71.93378575477982,9.0,804.0,3.2459087304448127,0.4539800995024876,-0.0748016267059495,-0.1324984425665054,-0.01710481084539362,-2.5410620353469278,0.7792574276827787,76.96109120228357,20.0,EA|H4|FVG|s3|none|prox|LIQ|3h,H4,FVG,s3,none,prox,LIQ,3h,-0.004665895995122572,-0.02532708511083323
149.0,0.42798522773902337,0.5234899328859061,0.02330602272319914,-0.06327158075623097,0.10988362620262924,0.5276168743608539,1.1239330060718709,9.134642090648413,6.0,131.0,0.5288731886670031,0.4961832061068702,0.0044357605911222574,-0.10123096133981312,0.11010248252205763,0.08227841840576973,1.0196530382926163,4.597132310969755,5.0,EA|D1|FVG|s3|tr50|mid|2R|3h,D1,FVG,s3,tr50,mid,2R,3h,0.05857494967558314,0.040878025320792245
149.0,0.42798522773902337,0.5234899328859061,0.021021028661837915,-0.06431102256082122,0.10635307988449705,0.4828340065293275,1.1117822334478065,9.134642090648413,6.0,131.0,0.5288731886670031,0.4961832061068702,0.016454543083024617,-0.09701805173692252,0.12992713790297175,0.2842175636672664,1.0729033406233428,4.597132310969755,5.0,EA|D1|FVG|s3|tr50|mid|3R|3h,D1,FVG,s3,tr50,mid,3R,3h,0.05648210818798024,0.053278907255504195
149.0,0.42798522773902337,0.5234899328859061,0.021021028661837915,-0.06431102256082122,0.10635307988449705,0.4828340065293275,1.1117822334478065,9.134642090648413,6.0,131.0,0.5288731886670031,0.4961832061068702,0.014015304440106372,-0.09765216533985889,0.12568277422007162,0.24599820123744756,1.0620960733082299,4.597132310969755,5.0,EA|D1|FVG|s3|tr50|mid|LIQ|3h,D1,FVG,s3,tr50,mid,LIQ,3h,0.05648210818798024,0.050867290587967816
168.0,0.4825605252359458,0.48214285714285715,-0.05508593594727461,-0.1039189496584498,-0.006252922236099405,-2.210972173358823,0.6203862824575191,10.399264347972348,7.0,150.0,0.605579987023286,0.47333333333333333,0.0063854877968939645,-0.059992473756770984,0.07276344935055891,0.18854987090547595,1.046633758955185,3.236349958810024,7.0,EA|D1|FVG|s3|tr50|prox|2R|3h,D1,FVG,s3,tr50,prox,2R,3h,-0.016740248789189054,0.021931515093892812
168.0,0.4825605252359458,0.48214285714285715,-0.05508593594727461,-0.1039189496584498,-0.006252922236099405,-2.210972173358823,0.6203862824575191,10.399264347972348,7.0,150.0,0.605579987023286,0.47333333333333333,0.00659537561936304,-0.059945495018542135,0.07313624625726821,0.19427062029734993,1.0481665875239612,3.236349958810024,7.0,EA|D1|FVG|s3|tr50|prox|3R|3h,D1,FVG,s3,tr50,prox,3R,3h,-0.016740248789189054,0.022442256963501373
117.0,0.33606893721789083,0.5042735042735043,-0.048155186090889014,-0.10965967029038978,0.013349298108611754,-1.534589972854509,0.6780620586651352,7.151092435000464,8.0,120.0,0.48446398961862874,0.5166666666666667,0.03672591379630224,-0.040571423534513255,0.11402325112711773,0.9312454157726284,1.2886596987445007,2.3566288221627474,4.0,EA|D1|FVG|s3|tr50|prox|LIQ|3h,D1,FVG,s3,tr50,prox,LIQ,3h,0.0006346965693876523,0.052005490167842554
622.0,1.7866228970045137,0.432475884244373,-0.03568451307037204,-0.13448394292670385,0.06311491678595976,-0.7079154780511805,0.9260031202959889,37.550229852087796,8.0,472.0,1.9055583591666065,0.4470338983050847,-0.029435615929364528,-0.12425018595763368,0.06537895409890462,-0.6084909440010428,0.9364738174279437,32.780391631647944,9.0,EA|H4|FVG|s3|tr50|mid|2R|3h,H4,FVG,s3,tr50,mid,2R,3h,0.0627854905275628,0.053393507960354594
622.0,1.7866228970045137,0.42604501607717044,-0.020125645675495792,-0.12486650493138748,0.08461521358039589,-0.3766081909601376,0.9587433343984711,36.733289242722094,8.0,472.0,1.9055583591666065,0.4343220338983051,-0.049901335995439125,-0.14951713077252227,0.049714458781644016,-0.9818384601551293,0.895131353211602,43.755067659541965,10.0,EA|H4|FVG|s3|tr50|mid|3R|3h,H4,FVG,s3,tr50,mid,3R,3h,0.08219960290472955,0.03936663737868344
622.0,1.7866228970045137,0.41961414790996787,-0.03749915559617413,-0.14371645530683536,0.06871814411448708,-0.6919620925095324,0.9241919705087133,41.91434489283711,8.0,472.0,1.9055583591666065,0.4322033898305085,-0.06898263348384871,-0.16923532305060313,0.03127005608290569,-1.3486517141100243,0.8557682564801878,56.48333516251296,10.0,EA|H4|FVG|s3|tr50|mid|LIQ|3h,H4,FVG,s3,tr50,mid,LIQ,3h,0.06916572400610894,0.030154766753131196
668.0,1.9187525646286416,0.45209580838323354,-0.0670317299330285,-0.1332140494119067,-0.0008494104541502956,-1.9851554267551157,0.8026923502246178,50.25057018111693,12.0,512.0,2.0670463557061494,0.474609375,-0.0750457261045625,-0.13653819453937763,-0.013553257669747382,-2.3919941239773834,0.7571834542333602,43.21777119317994,8.0,EA|H4|FVG|s3|tr50|prox|2R|3h,H4,FVG,s3,tr50,prox,2R,3h,-0.0030761918132957903,-0.01968474586510638
668.0,1.9187525646286416,0.44461077844311375,-0.0864195160590939,-0.15294742998918148,-0.019891602129006328,-2.546032807429125,0.7513072721503784,62.63617243623594,12.0,512.0,2.0670463557061494,0.474609375,-0.06827968910771176,-0.13344732599182657,-0.0031120522235969367,-2.0535989495690434,0.7790755168115209,42.907533412966586,8.0,EA|H4|FVG|s3|tr50|prox|3R|3h,H4,FVG,s3,tr50,prox,3R,3h,-0.018486340510408712,-0.011972061176948046
576.0,1.6544932293803856,0.4357638888888889,-0.09533802789206271,-0.17029717102712402,-0.020378884757001392,-2.4928584673353877,0.7354211965084357,58.42926230659941,10.0,441.0,1.7804051618484606,0.47165532879818595,-0.08194189544862109,-0.1565068479212129,-0.0073769429760292965,-2.1539089042983313,0.7525163493097251,44.803875293750025,8.0,EA|H4|FVG|s3|tr50|prox|LIQ|3h,H4,FVG,s3,tr50,prox,LIQ,3h,-0.022770921179566344,-0.020988058581285163
