train_n,train_per_wk,train_wr,train_avg,train_lo,train_hi,train_t,train_pf,train_maxdd,train_streak,test_n,test_per_wk,test_wr,test_avg,test_lo,test_hi,test_t,test_pf,test_maxdd,test_streak,cfg,tf,stars,trend,entry,tp,hold,train_gross,test_gross
126.0,0.3619203939269593,0.4682539682539682,-0.0394635840997262,-0.0916176547357143,0.0126904865362618,-1.4830793434192695,0.6898988316718544,5.655180995818228,9.0,109.0,0.4400547905702545,0.3944954128440367,-0.0524236961741026,-0.1090305345914642,0.004183142243259,-1.815159570362561,0.6040056788131763,7.993325475079473,9.0,EB|D1|s3|none|ltf_M5_zone|LIQ|3h,D1,s3,none,ltf_M5_zone,LIQ,3h,-0.0117782362788094,-0.0263083066824404
221.0,0.6347968814115715,0.420814479638009,-0.0948281756083889,-0.2147427173480369,0.0250863661312589,-1.5499640118375189,0.7688093188878469,27.82853685319424,12.0,198.0,0.7993655828707374,0.3484848484848485,-0.1978626150492052,-0.3260311165679458,-0.0696941135304645,-3.025788090685737,0.5935752016430546,42.28772493684664,16.0,EB|D1|s3|none|ltf_M5_ltf|3R|3h,D1,s3,none,ltf_M5_ltf,3R,3h,0.0384014550916749,-0.081270824318206
112.0,0.3217070168239638,0.4642857142857143,-0.0488446866708857,-0.1044760284490955,0.006786655107324,-1.7208929861266553,0.6342801266708057,5.686931121628732,9.0,95.0,0.3835339917814144,0.4210526315789473,-0.0395792597359487,-0.1023907031330259,0.0232321836611284,-1.2350512086157426,0.6923707641658554,6.08524618804222,9.0,EB|D1|s3|tr50|ltf_M5_zone|LIQ|3h,D1,s3,tr50,ltf_M5_zone,LIQ,3h,-0.0135019758100887,-0.012288228139943
221.0,0.6347968814115715,0.420814479638009,-0.1045389767415922,-0.220777150821416,0.0116991973382315,-1.7627289488633322,0.745134427815374,27.82853685319424,12.0,198.0,0.7993655828707374,0.3434343434343434,-0.2169082852743679,-0.3447752943378957,-0.08904127621084,-3.3248626229033,0.5600879865964672,46.05876764142886,16.0,EB|D1|s3|none|ltf_M5_ltf|5R|3h,D1,s3,none,ltf_M5_ltf,5R,3h,0.027290759852569,-0.1141264488205614
193.0,0.5543701272055805,0.4093264248704663,-0.1165201473073947,-0.2441571032923538,0.0111168086775644,-1.789289684638092,0.724671427053509,25.61359423398972,12.0,172.0,0.6943983851200346,0.3720930232558139,-0.1389735355502167,-0.2811603525445235,0.00321328144409,-1.9157059384016688,0.6993954890379966,27.60800975793973,14.0,EB|D1|s3|tr50|ltf_M5_ltf|3R|3h,D1,s3,tr50,ltf_M5_ltf,3R,3h,0.0180812210153421,-0.0141985416737233
212.0,0.608945424702503,0.419811320754717,-0.1088385339035599,-0.2280302286017604,0.0103531607946404,-1.7897516013269537,0.7382699854145969,28.146448381245136,12.0,189.0,0.7630307836493403,0.3333333333333333,-0.2259340918297687,-0.3562291865256055,-0.0956389971339319,-3.3986760669701277,0.5518699145821789,45.812470512930304,15.0,EB|D1|s3|none|ltf_M5_ltf|LIQ|3h,D1,s3,none,ltf_M5_ltf,LIQ,3h,0.0229888933015541,-0.1231560139724659
251.0,0.7209684037751333,0.4541832669322709,-0.0394049768361162,-0.0804474606286631,0.0016375069564305,-1.8818002094895945,0.6988532299892148,13.151148076634854,7.0,199.0,0.803402782784226,0.4824120603015075,-0.018128649423767,-0.0627759629916145,0.0265186641440804,-0.795840780354849,0.845165795180156,10.05089210922597,5.0,EB|D1|any|tr50|ltf_M5_zone|LIQ|3h,D1,any,tr50,ltf_M5_zone,LIQ,3h,-0.0034785476060429,0.0065758040119544
186.0,0.5342634386540829,0.4139784946236559,-0.1245915111134289,-0.2521470872773214,0.0029640650504634,-1.914454617558672,0.7073573450583367,26.159294582903385,12.0,164.0,0.662100785812126,0.3536585365853658,-0.1710820183663333,-0.3158462222180223,-0.0263178145146444,-2.3163236979602355,0.6450299577311723,31.762012655381117,14.0,EB|D1|s3|tr50|ltf_M5_ltf|LIQ|3h,D1,s3,tr50,ltf_M5_ltf,LIQ,3h,0.0068489350179299,-0.0624109956254137
193.0,0.5543701272055805,0.4093264248704663,-0.1225743170808325,-0.2477339425757689,0.0025853084141039,-1.919514064766447,0.7103658673488944,25.61359423398972,12.0,172.0,0.6943983851200346,0.3662790697674418,-0.1608982024373226,-0.3029239458573211,-0.0188724590173242,-2.220445879621757,0.6572922919306193,31.37905246252194,14.0,EB|D1|s3|tr50|ltf_M5_ltf|5R|3h,D1,s3,tr50,ltf_M5_ltf,5R,3h,0.0095254665366108,-0.0520207140659696
298.0,0.8559704554780467,0.4530201342281879,-0.0369822552639384,-0.0742120829057767,0.0002475723778998,-1.9469663146079572,0.7111963982267308,16.354276057798415,10.0,245.0,0.9891139788047004,0.4693877551020408,-0.0189876784563387,-0.0574253402338831,0.0194499833212056,-0.9682131548429876,0.8324828315581358,10.672346035193186,7.0,EB|D1|any|none|ltf_M5_zone|LIQ|3h,D1,any,none,ltf_M5_zone,LIQ,3h,-0.0046921003606221,0.0054984191364922
