sym,tf,side,zid,entry,fvg,score4,tr20,tr50,tp,hold,mgmt,fam,cost,t_fill,t_exit,hold_min,r_gross,r_net,risk,epx,why,tp_px,group
GBPJPY,D1,1,4,ltf_M5_zone,False,3,1,1,5R,2d,0,B,1.0,2015-05-22 21:43:00+02:00,2015-05-22 23:57:00+02:00,135.0,0.014894556,0.012189631,2.4841290654999,188.113,3,200.5336453274995,FOREX
EURGBP,D1,-1,5,ltf_M5_zone,True,3,-1,-1,5R,2d,0,B,1.0,2015-06-02 11:08:00+02:00,2015-06-02 16:16:00+02:00,309.0,-1.0023192,-1.010012,0.008623508594397089,0.7211949999999999,2,0.6780774570280145,FOREX
XAUUSD,D1,-1,10,ltf_M5_zone,False,3,-1,-1,5R,2d,0,B,1.0,2015-07-09 12:33:00+02:00,2015-07-10 23:58:00+02:00,2126.0,-0.105451874,-0.120977744,15.552118084704944,1161.895,3,1084.1344095764753,METALS
EURGBP,D1,-1,14,ltf_M5_zone,True,3,-1,-1,5R,2d,0,B,1.0,2015-08-12 13:58:00+02:00,2015-08-14 13:57:00+02:00,2880.0,0.023359785,0.010151159,0.008989808724941928,0.7149549999999999,3,0.6700059563752903,FOREX
XAUUSD,D1,1,14,ltf_M5_zone,True,4,1,1,5R,2d,0,B,1.0,2015-08-26 19:48:00+02:00,2015-08-28 19:47:00+02:00,2880.0,0.39700156,0.36983362,19.14350180618362,1125.615,3,1221.3325090309181,METALS
EURUSD,D1,1,18,ltf_M5_zone,True,4,1,1,5R,2d,0,B,1.0,2015-09-03 19:33:00+02:00,2015-09-04 23:59:00+02:00,1707.0,0.35078457,0.34075478,0.01137450212413782,1.11085,3,1.167722510620689,FOREX
USDCHF,D1,-1,13,ltf_M5_zone,True,3,-1,1,5R,2d,0,B,1.0,2015-09-08 22:13:00+02:00,2015-09-10 22:12:00+02:00,2880.0,0.6021655,0.5905421,0.012089698777347224,0.9800549999999999,3,0.9196065061132638,FOREX
USDCHF,D1,1,15,ltf_M5_zone,True,3,1,1,5R,2d,0,B,1.0,2015-09-14 10:23:00+02:00,2015-09-16 10:22:00+02:00,2880.0,0.27842844,0.26896733,0.014761423152300557,0.9695250000000001,3,1.043332115761503,FOREX
GBPUSD,D1,1,25,ltf_M5_zone,True,3,1,1,5R,2d,0,B,1.0,2015-09-22 15:08:00+02:00,2015-09-23 10:21:00+02:00,1154.0,-1.0014642,-1.0095773,0.013658842717685804,1.54425,2,1.612544213588429,FOREX
USDCAD,D1,1,25,ltf_M5_zone,True,3,1,1,5R,2d,0,B,1.0,2015-09-30 21:58:00+02:00,2015-10-01 12:03:00+02:00,846.0,-1.0023701,-1.0132966,0.008438490469736326,1.3353949999999999,2,1.3775874523486815,FOREX
NAS100,D1,-1,104,ltf_M5_zone,True,3,-1,-1,5R,2d,0,B,1.0,2015-10-09 18:38:00+02:00,2015-10-09 23:59:00+02:00,322.0,-0.050642833,-0.05109149,118.4767802213737,4351.75,3,3759.3660988931315,INDICES
USDCAD,D1,-1,30,ltf_M5_zone,True,4,-1,-1,5R,2d,0,B,1.0,2015-10-19 22:13:00+02:00,2015-10-21 17:32:00+02:00,2600.0,-1.0023143,-1.020429,0.008641722221205628,1.3015850000000002,2,1.258376388893972,FOREX
US500,D1,1,101,ltf_M5_zone,True,4,1,1,5R,2d,0,B,1.0,2015-11-13 14:53:00+01:00,2015-11-13 22:59:00+01:00,487.0,-0.77310914,-0.77634865,34.9239169952034,2039.25,3,2213.869584976017,INDICES
USDJPY,D1,1,25,ltf_M5_zone,True,3,1,1,5R,2d,0,B,1.0,2015-11-19 13:43:00+01:00,2015-11-20 22:59:00+01:00,1997.0,-0.4644004,-0.47974035,0.8484058195775503,123.14049999999999,3,127.38252909788774,FOREX
DAX,D1,1,94,ltf_M5_zone,True,4,1,1,5R,2d,0,B,1.0,2015-12-03 08:08:00+01:00,2015-12-03 14:44:00+01:00,397.0,-1.0030069,-1.0045241,332.56696353500047,11161.75,2,12824.584817675002,INDICES
AUDUSD,D1,1,35,ltf_M5_zone,False,3,1,1,5R,2d,0,B,1.0,2015-12-08 07:18:00+01:00,2015-12-10 07:17:00+01:00,2880.0,0.93326956,0.9125213,0.005753964705590309,0.722765,3,0.7515348235279515,FOREX
GBPUSD,D1,-1,42,ltf_M5_zone,True,3,-1,-1,5R,2d,0,B,1.0,2015-12-11 19:33:00+01:00,2015-12-11 22:59:00+01:00,207.0,-0.037129708,-0.041959617,0.014274284001481563,1.5212600000000003,3,1.4498885799925925,FOREX
USDCHF,D1,1,41,ltf_M5_zone,False,3,1,1,5R,2d,0,B,1.0,2016-02-02 06:43:00+01:00,2016-02-03 16:01:00+01:00,1999.0,-1.0020694,-1.0142881,0.009665093001021363,1.0188549999999998,2,1.0671804650051067,FOREX
GBPUSD,D1,-1,49,ltf_M5_zone,True,4,-1,-1,5R,2d,0,B,1.0,2016-02-03 17:53:00+01:00,2016-02-03 19:44:00+01:00,112.0,-1.0038885,-1.0164516,0.005143401630304467,1.4575400000000003,2,1.431822991848478,FOREX
AUDUSD,D1,1,48,ltf_M5_zone,True,3,1,1,5R,2d,0,B,1.0,2016-02-05 18:18:00+01:00,2016-02-05 22:59:00+01:00,282.0,-0.34108847,-0.3498402,0.007505383944722999,0.708895,3,0.746421919723615,FOREX
GBPUSD,D1,-1,58,ltf_M5_zone,True,4,-1,-1,5R,2d,0,B,1.0,2016-03-04 19:08:00+01:00,2016-03-04 22:59:00+01:00,232.0,-0.039492518,-0.04257077,0.022535914364805176,1.4215000000000002,3,1.3088204281759743,FOREX
US500,D1,1,175,ltf_M5_zone,True,3,1,1,5R,2d,0,B,1.0,2016-03-15 11:23:00+01:00,2016-03-17 11:22:00+01:00,2880.0,0.4088292,0.39532405,48.920184288165046,2010.25,3,2254.850921440825,INDICES
XAGUSD,D1,1,41,ltf_M5_zone,True,3,1,1,5R,2d,0,B,1.0,2016-03-23 18:03:00+01:00,2016-03-24 23:00:00+01:00,1738.0,-0.7517459,-0.78681713,0.21948906580534455,15.327499999999999,3,16.42494532902672,METALS
AUDUSD,D1,1,57,ltf_M5_zone,True,4,1,1,5R,2d,0,B,1.0,2016-03-23 19:23:00+01:00,2016-03-25 19:19:00+01:00,2877.0,-0.28544694,-0.2962835,0.011245522799768426,0.753715,3,0.8099426139988422,FOREX
USDCAD,D1,-1,58,ltf_M5_zone,True,3,-1,-1,5R,2d,0,B,1.0,2016-03-24 12:23:00+01:00,2016-03-25 22:59:00+01:00,2077.0,-0.04484658,-0.05224005,0.018730525832639344,1.3246950000000002,3,1.2310423708368035,FOREX
GBPJPY,D1,-1,55,ltf_M5_zone,True,3,-1,-1,5R,2d,0,B,1.0,2016-03-28 04:43:00+02:00,2016-03-29 12:15:00+02:00,1893.0,-1.0010474,-1.0087227,1.9094910695731357,160.307,2,150.7595446521343,FOREX
XAGUSD,D1,-1,42,ltf_M5_zone,True,4,-1,-1,5R,2d,0,B,1.0,2016-04-05 12:03:00+02:00,2016-04-07 12:02:00+02:00,2880.0,-0.18161426,-0.1964472,0.4735310760190714,15.124500000000001,3,12.756844619904644,METALS
EURGBP,D1,1,65,ltf_M5_zone,True,3,1,1,5R,2d,0,B,1.0,2016-04-20 22:43:00+02:00,2016-04-22 16:06:00+02:00,2484.0,-1.0034145,-1.023185,0.005857314884803788,0.787475,2,0.816761574424019,FOREX
USDCHF,D1,-1,52,ltf_M5_zone,True,3,-1,-1,5R,2d,0,B,1.0,2016-04-21 18:28:00+02:00,2016-04-22 23:59:00+02:00,1772.0,-0.6811094,-0.6942185,0.008324653247902547,0.9720249999999999,3,0.9304017337604872,FOREX
EURGBP,D1,1,62,ltf_M5_zone,True,3,1,1,5R,2d,0,B,1.0,2016-04-22 18:23:00+02:00,2016-04-22 23:59:00+02:00,337.0,-0.65744495,-0.6687941,0.005947266207478985,0.781795,3,0.8115313310373949,FOREX
US500,D1,-1,204,ltf_M5_zone,True,3,-1,1,5R,2d,0,B,1.0,2016-05-03 05:03:00+02:00,2016-05-05 05:02:00+02:00,2880.0,0.6644693,0.6558506,26.336806523451287,2072.0,3,1940.3159673827436,INDICES
AUDUSD,D1,-1,67,ltf_M5_zone,True,4,-1,-1,5R,2d,0,B,1.0,2016-05-17 06:08:00+02:00,2016-05-19 06:07:00+02:00,2880.0,2.0692787,2.0514426,0.0067511448842908495,0.735295,3,0.7015392755785458,FOREX
EURJPY,D1,1,54,ltf_M5_zone,True,3,1,-1,5R,2d,0,B,1.0,2016-05-23 17:48:00+02:00,2016-05-25 17:47:00+02:00,2880.0,0.2601064,0.24826416,1.3571368236300003,122.58,3,129.36568411815,FOREX
EURUSD,D1,-1,57,ltf_M5_zone,True,4,-1,-1,5R,2d,0,B,1.0,2016-05-26 09:08:00+02:00,2016-05-27 23:59:00+02:00,2332.0,0.86039203,0.84329045,0.007856883570306117,1.11787,3,1.0785855821484693,FOREX
GBPUSD,D1,1,78,ltf_M5_zone,True,3,1,1,5R,2d,0,B,1.0,2016-05-31 19:58:00+02:00,2016-06-01 16:06:00+02:00,1209.0,-1.0019513,-1.012689,0.010249303594194625,1.4518799999999998,2,1.503126517970973,FOREX
USDJPY,D1,1,54,ltf_M5_zone,True,3,1,1,5R,2d,0,B,1.0,2016-06-01 09:23:00+02:00,2016-06-01 14:54:00+02:00,332.0,-1.0026937,-1.0121735,0.7424819935051801,109.95349999999999,2,113.66590996752589,FOREX
GBPJPY,D1,1,64,ltf_M5_zone,True,4,1,1,5R,2d,0,B,1.0,2016-06-01 10:48:00+02:00,2016-06-01 14:18:00+02:00,211.0,-1.0010915,-1.0048875,1.832381658959548,159.449,2,168.61090829479775,FOREX
EURGBP,D1,-1,73,ltf_M5_zone,True,4,-1,-1,5R,2d,0,B,1.0,2016-06-01 17:08:00+02:00,2016-06-01 22:58:00+02:00,351.0,-1.0069135,-1.030326,0.0028928860484787045,0.7738449999999999,2,0.7593805697576064,FOREX
NAS100,D1,-1,283,ltf_M5_zone,True,3,-1,-1,5R,2d,0,B,1.0,2016-06-30 22:53:00+02:00,2016-07-01 23:59:00+02:00,1507.0,-0.51218766,-0.5155402,75.16776375645713,4397.48,3,4021.641181217714,INDICES
US500,D1,-1,240,ltf_M5_zone,True,4,-1,-1,5R,2d,0,B,1.0,2016-07-01 01:00:00+02:00,2016-07-01 23:58:00+02:00,1379.0,-0.42658913,-0.431033,24.61384804246245,2086.0,3,1962.9307597876877,INDICES
USDJPY,D1,-1,61,ltf_M5_zone,True,3,-1,-1,5R,2d,0,B,1.0,2016-07-12 17:18:00+02:00,2016-07-14 17:17:00+02:00,2880.0,-0.6386283,-0.6461924,1.9275688455898745,104.42950000000002,3,94.79165577205065,FOREX
EURJPY,D1,-1,61,ltf_M5_zone,True,3,-1,-1,5R,2d,0,B,1.0,2016-07-14 15:38:00+02:00,2016-07-15 23:59:00+02:00,1942.0,0.58141637,0.5779192,3.5809104395778633,117.76,3,99.85544780211069,FOREX
USDCHF,D1,-1,81,ltf_M5_zone,True,3,-1,-1,5R,2d,0,B,1.0,2016-08-29 00:00:00+02:00,2016-08-30 23:59:00+02:00,2880.0,-0.7121791,-0.7304189,0.0076946934034207715,0.9779249999999999,3,0.9394515329828961,FOREX
NAS100,D1,-1,329,ltf_M5_zone,True,3,-1,-1,5R,2d,0,B,1.0,2016-09-15 22:23:00+02:00,2016-09-16 23:59:00+02:00,1537.0,0.0,-0.009019836,31.211981819152243,4816.75,3,4660.690090904239,INDICES
EURGBP,D1,1,85,ltf_M5_zone,True,4,1,1,5R,2d,0,B,1.0,2016-09-27 20:08:00+02:00,2016-09-29 20:07:00+02:00,2880.0,0.32921895,0.31097016,0.007168481684391992,0.8618950000000001,3,0.89773740842196,FOREX
NAS100,D1,-1,357,ltf_M5_zone,True,3,-1,1,5R,2d,0,B,1.0,2016-10-24 12:44:00+02:00,2016-10-25 05:05:00+02:00,982.0,-1.0230753,-1.0272689,43.33638564024841,4868.5,2,4651.818071798758,INDICES
GBPJPY,D1,1,87,ltf_M5_zone,True,3,1,-1,5R,2d,0,B,1.0,2016-11-09 06:28:00+01:00,2016-11-10 11:58:00+01:00,1771.0,5.0,4.9870973,0.9637262582401149,127.386,1,132.20463129120057,FOREX
GBPUSD,D1,1,101,ltf_M5_zone,False,3,1,-1,5R,2d,0,B,1.0,2016-11-15 12:58:00+01:00,2016-11-17 12:57:00+01:00,2880.0,0.6168434,0.60044634,0.0098890581292701,1.2432699999999999,3,1.2927152906463504,FOREX
XAUUSD,D1,-1,86,ltf_M5_zone,True,3,-1,-1,5R,2d,0,B,1.0,2016-11-22 03:08:00+01:00,2016-11-24 03:07:00+01:00,2880.0,1.9674698,1.9489797,16.960870375611194,1218.4550000000002,3,1133.6506481219442,METALS
XAGUSD,D1,-1,71,ltf_M5_zone,True,3,-1,-1,5R,2d,0,B,1.0,2016-11-25 17:33:00+01:00,2016-11-25 19:44:00+01:00,132.0,-0.14714096,-0.15496886,0.5301039240561565,16.444499999999998,3,13.793980379719216,METALS
GBPJPY,D1,-1,98,ltf_M5_zone,True,3,-1,1,5R,2d,0,B,1.0,2016-12-30 11:08:00+01:00,2016-12-30 15:53:00+01:00,286.0,-1.002114,-1.009691,0.9460584955253637,143.62699999999998,2,138.89670752237316,FOREX
US500,D1,-1,326,ltf_M5_zone,True,3,1,1,5R,2d,0,B,1.0,2017-01-03 17:03:00+01:00,2017-01-05 17:02:00+01:00,2880.0,-0.6196771,-0.628778,27.030204683254397,2245.5,3,2110.348976583728,INDICES
USDCAD,D1,1,105,ltf_M5_zone,True,3,1,1,5R,2d,0,B,1.0,2017-01-11 19:58:00+01:00,2017-01-12 09:27:00+01:00,810.0,-1.0027161,-1.0149899,0.007363611169813433,1.3158249999999998,2,1.352643055849067,FOREX
AUDUSD,D1,-1,93,ltf_M5_zone,True,3,-1,-1,5R,2d,0,B,1.0,2017-01-12 11:08:00+01:00,2017-01-13 22:59:00+01:00,2152.0,-0.0308266,-0.055966947,0.0042171371648629385,0.749675,3,0.7285893141756853,FOREX
DAX,D1,1,246,ltf_M5_zone,True,4,1,1,5R,2d,0,B,1.0,2017-01-17 12:58:00+01:00,2017-01-19 12:57:00+01:00,2880.0,1.4217833,1.3774166,84.92854923459163,11465.0,3,11889.642746172958,INDICES
EURUSD,D1,-1,86,ltf_M5_zone,True,3,-1,-1,5R,2d,0,B,1.0,2017-01-17 14:03:00+01:00,2017-01-19 14:02:00+01:00,2880.0,0.11260534,0.09873631,0.01065668805201092,1.06858,3,1.0152965597399455,FOREX
USDJPY,D1,-1,91,ltf_M5_zone,True,3,-1,-1,5R,2d,0,B,1.0,2017-02-14 19:28:00+01:00,2017-02-16 19:27:00+01:00,2880.0,0.78041255,0.7688953,1.3364726505257067,114.31450000000001,3,107.63213674737148,FOREX
EURGBP,D1,-1,108,ltf_M5_zone,True,4,-1,-1,5R,2d,0,B,1.0,2017-02-27 01:08:00+01:00,2017-03-01 01:07:00+01:00,2880.0,-0.389523,-0.40147737,0.010859435934060913,0.849745,3,0.7954478203296954,FOREX
AUDUSD,D1,1,100,ltf_M5_zone,True,3,1,1,5R,2d,0,B,1.0,2017-03-02 16:48:00+01:00,2017-03-03 22:59:00+01:00,1812.0,0.2796127,0.25688094,0.004363178114624611,0.758125,3,0.7799408905731231,FOREX
XAGUSD,D1,1,80,ltf_M5_zone,True,3,1,1,5R,2d,0,B,1.0,2017-03-09 21:23:00+01:00,2017-03-10 22:59:00+01:00,1537.0,0.07010882,0.04955536,0.3708520492749905,16.9795,3,18.833760246374954,METALS
AUDUSD,D1,-1,103,ltf_M5_zone,True,3,-1,-1,5R,2d,0,B,1.0,2017-03-13 06:03:00+01:00,2017-03-15 06:02:00+01:00,2880.0,0.025865331,0.00922866,0.007345740050234917,0.757135,3,0.7204062997488254,FOREX
DAX,D1,1,271,ltf_M5_zone,True,3,1,1,5R,2d,0,B,1.0,2017-03-21 20:38:00+01:00,2017-03-22 09:00:00+01:00,743.0,-1.0932118,-1.1101921,59.686515573115685,11965.25,2,12263.682577865578,INDICES
EURJPY,D1,1,103,ltf_M5_zone,True,3,1,1,5R,2d,0,B,1.0,2017-03-23 16:08:00+01:00,2017-03-24 22:59:00+01:00,1852.0,0.411702,0.4014121,1.1974680732756013,119.67399999999999,3,125.661340366378,FOREX
USDCHF,D1,-1,114,ltf_M5_zone,True,3,-1,-1,5R,2d,0,B,1.0,2017-03-28 22:03:00+02:00,2017-03-29 14:50:00+02:00,1008.0,-1.0060607,-1.0328835,0.0032999273918152827,0.992165,2,0.9756653630409236,FOREX
EURUSD,D1,1,106,ltf_M5_zone,True,3,1,1,5R,2d,0,B,1.0,2017-03-28 22:03:00+02:00,2017-03-29 14:51:00+02:00,1009.0,-1.0037123,-1.0206196,0.005387547430603101,1.08072,2,1.1076577371530154,FOREX
EURUSD,D1,1,103,ltf_M5_zone,False,3,1,1,5R,2d,0,B,1.0,2017-04-10 04:38:00+02:00,2017-04-12 04:37:00+02:00,2880.0,0.48417762,0.46100175,0.006340648211062394,1.05826,3,1.089963241055312,FOREX
XAGUSD,D1,1,94,ltf_M5_zone,True,4,1,1,5R,2d,0,B,1.0,2017-04-20 16:53:00+02:00,2017-04-21 23:59:00+02:00,1867.0,-0.5411494,-0.56092817,0.4398046419336019,18.1305,3,20.32952320966801,METALS
EURUSD,D1,-1,108,ltf_M5_zone,True,3,-1,-1,5R,2d,0,B,1.0,2017-04-24 00:33:00+02:00,2017-04-25 17:20:00+02:00,2448.0,-1.0048996,-1.0382124,0.004081985315246062,1.0880400000000001,2,1.0676300734237698,FOREX
USDCHF,D1,1,116,ltf_M5_zone,True,3,1,-1,5R,2d,0,B,1.0,2017-04-28 14:13:00+02:00,2017-04-28 23:59:00+02:00,587.0,0.31368336,0.3067412,0.011030230859991996,0.991025,3,1.04617615429996,FOREX
EURUSD,D1,-1,118,ltf_M5_zone,True,3,1,1,5R,2d,0,B,1.0,2017-05-15 17:38:00+02:00,2017-05-16 09:53:00+02:00,976.0,-1.005696,-1.0314846,0.003511213852971151,1.09789,2,1.0803339307351443,FOREX
XAUUSD,D1,-1,103,ltf_M5_zone,True,3,-1,1,5R,2d,0,B,1.0,2017-05-18 02:48:00+02:00,2017-05-19 23:59:00+02:00,2712.0,0.35899344,0.33128878,11.08655318349247,1259.6650000000002,3,1204.2322340825378,METALS
NAS100,D1,-1,487,ltf_M5_zone,True,3,1,1,5R,2d,0,B,1.0,2017-05-22 20:23:00+02:00,2017-05-24 20:22:00+02:00,2880.0,-0.52325237,-0.5370009,45.350966726999104,5691.5,3,5464.7451663650045,INDICES
AUDUSD,D1,-1,112,ltf_M5_zone,True,3,-1,-1,5R,2d,0,B,1.0,2017-05-23 16:38:00+02:00,2017-05-25 16:37:00+02:00,2880.0,0.34553468,0.32795295,0.006916816357193101,0.749845,3,0.7152609182140345,FOREX
XAGUSD,D1,1,105,ltf_M5_zone,True,3,1,1,5R,2d,0,B,1.0,2017-06-08 18:03:00+02:00,2017-06-09 23:59:00+02:00,1797.0,-0.61154,-0.6272724,0.5314451904130557,17.4825,3,20.13972595206528,METALS
EURUSD,D1,1,123,ltf_M5_zone,False,3,1,1,5R,2d,0,B,1.0,2017-06-09 04:23:00+02:00,2017-06-09 23:59:00+02:00,1177.0,0.11848974,0.09537205,0.004219774628805739,1.1188799999999999,3,1.1399788731440286,FOREX
GBPJPY,D1,-1,122,ltf_M5_zone,True,3,-1,-1,5R,2d,0,B,1.0,2017-06-16 07:28:00+02:00,2017-06-16 23:59:00+02:00,992.0,0.26519638,0.25637326,1.13500796534845,141.939,3,136.26396017325774,FOREX
NAS100,D1,-1,505,ltf_M5_zone,True,3,-1,1,5R,2d,0,B,1.0,2017-07-17 02:43:00+02:00,2017-07-19 02:41:00+02:00,2879.0,-0.74482244,-0.7549729,63.07543392627031,5846.25,3,5530.8728303686485,INDICES
USDJPY,D1,1,107,ltf_M5_zone,False,3,1,1,5R,2d,0,B,1.0,2017-07-21 14:28:00+02:00,2017-07-21 23:59:00+02:00,572.0,-0.5768748,-0.5871013,0.764463965253853,111.55049999999999,3,115.37281982626925,FOREX
DAX,D1,-1,315,ltf_M5_zone,True,4,-1,-1,5R,2d,0,B,1.0,2017-08-01 18:38:00+02:00,2017-08-03 18:37:00+02:00,2880.0,0.9121663,0.9002833,112.91800879196308,12248.25,3,11683.659956040185,INDICES
EURGBP,D1,1,143,ltf_M5_zone,False,3,1,1,5R,2d,0,B,1.0,2017-08-15 10:48:00+02:00,2017-08-17 10:47:00+02:00,2880.0,0.6170375,0.5997757,0.007795312470492144,0.907475,3,0.9464515623524608,FOREX
US500,D1,1,417,ltf_M5_zone,True,3,1,1,5R,2d,0,B,1.0,2017-08-18 02:18:00+02:00,2017-08-18 23:59:00+02:00,1302.0,-0.2193085,-0.23552302,22.251760524533438,2429.38,3,2540.6388026226673,INDICES
GBPUSD,D1,-1,153,ltf_M5_zone,True,3,-1,-1,5R,2d,0,B,1.0,2017-09-08 15:53:00+02:00,2017-09-08 23:59:00+02:00,487.0,0.14515612,0.13319,0.006544677779651176,1.3204400000000003,3,1.2877166111017444,FOREX
XAUUSD,D1,1,117,ltf_M5_zone,True,3,1,1,5R,2d,0,B,1.0,2017-09-18 13:53:00+02:00,2017-09-20 13:52:00+02:00,2880.0,-0.00544663,-0.05181203,12.851983323357217,1315.175,3,1379.434916616786,METALS
XAGUSD,D1,1,122,ltf_M5_zone,False,3,1,1,5R,2d,0,B,1.0,2017-09-18 21:43:00+02:00,2017-09-20 21:42:00+02:00,2880.0,-0.45920005,-0.48454654,0.4290069091590212,17.1905,3,19.335534545795106,METALS
XAUUSD,D1,1,115,ltf_M5_zone,True,3,1,1,5R,2d,0,B,1.0,2017-09-21 16:48:00+02:00,2017-09-22 23:59:00+02:00,1872.0,0.3343583,0.2976698,11.065973332519434,1292.975,3,1348.304866662597,METALS
AUDUSD,D1,-1,133,ltf_M5_zone,True,4,-1,-1,5R,2d,0,B,1.0,2017-10-12 11:08:00+02:00,2017-10-13 16:21:00+02:00,1754.0,-1.0031576,-1.0188106,0.006333969449837107,0.782465,2,0.7507951527508144,FOREX
EURUSD,D1,-1,141,ltf_M5_zone,True,4,-1,-1,5R,2d,0,B,1.0,2017-11-14 15:48:00+01:00,2017-11-15 09:50:00+01:00,1083.0,-1.0023066,-1.0134097,0.008670894175730304,1.17473,2,1.1313755291213485,FOREX
USDCHF,D1,-1,153,ltf_M5_zone,False,3,-1,-1,5R,2d,0,B,1.0,2017-12-04 09:13:00+01:00,2017-12-05 18:53:00+01:00,2021.0,-1.0036803,-1.0251477,0.005434296919286208,0.9828549999999999,2,0.9556835154035689,FOREX
EURUSD,D1,1,145,ltf_M5_zone,True,3,1,1,5R,2d,0,B,1.0,2017-12-05 21:08:00+01:00,2017-12-07 21:07:00+01:00,2880.0,-0.36548978,-0.37977293,0.010998939903893667,1.18179,3,1.2367846995194682,FOREX
USDCAD,D1,-1,156,ltf_M5_zone,True,3,-1,-1,5R,2d,0,B,1.0,2017-12-07 16:48:00+01:00,2017-12-08 22:59:00+01:00,1812.0,0.038718954,0.022404637,0.007748143182650713,1.2848450000000002,3,1.2461042840867467,FOREX
USDJPY,D1,1,128,ltf_M5_zone,True,3,1,1,5R,2d,0,B,1.0,2017-12-13 23:13:00+01:00,2017-12-15 22:59:00+01:00,2867.0,-0.024156185,-0.04456587,0.7451507564872486,112.58149999999999,3,116.30725378243623,FOREX
DAX,D1,1,370,ltf_M5_zone,True,3,1,1,5R,2d,0,B,1.0,2017-12-20 18:03:00+01:00,2017-12-22 18:02:00+01:00,2880.0,-0.1458642,-0.18837284,101.1214468302569,13079.25,3,13584.857234151285,INDICES
US500,D1,-1,504,ltf_M5_zone,True,3,1,1,5R,2d,0,B,1.0,2018-01-02 15:38:00+01:00,2018-01-02 16:28:00+01:00,51.0,-1.029952,-1.0305637,8.34665958687583,2683.0,2,2641.266702065621,INDICES
EURGBP,D1,-1,173,ltf_M5_zone,True,3,-1,-1,5R,2d,0,B,1.0,2018-01-11 15:58:00+01:00,2018-01-12 22:59:00+01:00,1862.0,0.464555,0.43656352,0.003831623741448298,0.889705,3,0.8705468812927585,FOREX
AUDUSD,D1,1,151,ltf_M5_zone,False,3,1,1,5R,2d,0,B,1.0,2018-01-26 00:38:00+01:00,2018-01-26 22:59:00+01:00,1342.0,1.0092043,0.99788857,0.00801621686571452,0.802415,3,0.8424960843285726,FOREX
DAX,D1,1,372,ltf_M5_zone,True,3,1,1,5R,2d,0,B,1.0,2018-02-02 14:48:00+01:00,2018-02-02 21:58:00+01:00,431.0,-1.0062734,-1.0102341,159.40376947342702,12862.25,2,13659.268847367135,INDICES
EURUSD,D1,-1,159,ltf_M5_zone,True,3,-1,-1,5R,2d,0,B,1.0,2018-03-02 07:08:00+01:00,2018-03-02 22:59:00+01:00,952.0,-0.43164262,-0.4406929,0.010309454231994142,1.22707,3,1.1755227288400294,FOREX
EURJPY,D1,-1,148,ltf_M5_zone,True,4,-1,-1,5R,2d,0,B,1.0,2018-03-13 13:58:00+01:00,2018-03-15 13:57:00+01:00,2880.0,1.2461224,1.2304765,1.0777432954173491,132.202,3,126.81328352291325,FOREX
GBPUSD,D1,1,190,ltf_M5_zone,False,3,1,1,5R,2d,0,B,1.0,2018-03-20 17:03:00+01:00,2018-03-22 17:02:00+01:00,2880.0,0.7763308,0.76059675,0.011129275982510567,1.40098,3,1.4566263799125527,FOREX
GBPJPY,D1,1,163,ltf_M5_zone,True,4,1,1,5R,2d,0,B,1.0,2018-03-23 01:58:00+01:00,2018-03-23 22:59:00+01:00,1262.0,-0.1476147,-0.15728255,1.1719699413252727,148.119,3,153.97884970662636,FOREX
EURUSD,D1,-1,164,ltf_M5_zone,True,3,-1,-1,5R,2d,0,B,1.0,2018-04-10 15:38:00+02:00,2018-04-12 15:37:00+02:00,2880.0,0.2470282,0.23424241,0.012630136671634595,1.23518,3,1.172029316641827,FOREX
USDCAD,D1,-1,172,ltf_M5_zone,True,3,-1,-1,5R,2d,0,B,1.0,2018-04-25 12:08:00+02:00,2018-04-27 12:07:00+02:00,2880.0,-0.30844036,-0.3242577,0.01047204123949741,1.285735,3,1.233374793802513,FOREX
EURGBP,D1,1,194,ltf_M5_zone,True,3,1,1,5R,2d,0,B,1.0,2018-05-09 04:38:00+02:00,2018-05-11 04:37:00+02:00,2880.0,0.65632254,0.64037824,0.008273371128997287,0.875245,3,0.9166118556449865,FOREX
BTC,D1,1,22,ltf_M5_zone,False,3,1,1,5R,2d,0,B,1.0,2018-05-12 08:58:00+02:00,2018-05-14 08:57:00+02:00,2880.0,0.14643444,0.13130677,574.4127403447064,8294.463097499998,3,11166.526799223531,CRYPTO
USDCAD,D1,-1,180,ltf_M5_zone,True,3,-1,-1,5R,2d,0,B,1.0,2018-05-15 17:33:00+02:00,2018-05-17 17:32:00+02:00,2880.0,0.8820614,0.86728483,0.011235044935058447,1.2903050000000003,3,1.234129775324708,FOREX
USDCHF,D1,-1,185,ltf_M5_zone,False,3,-1,1,5R,2d,0,B,1.0,2018-06-01 17:08:00+02:00,2018-06-01 23:59:00+02:00,412.0,0.36152965,0.35096192,0.006776760753071431,0.990235,3,0.9563511962346428,FOREX
EURGBP,D1,1,197,ltf_M5_zone,True,3,1,1,5R,2d,0,B,1.0,2018-06-01 20:33:00+02:00,2018-06-01 23:59:00+02:00,207.0,-0.183163,-0.19533749,0.005350425710711093,0.8740850000000001,3,0.9008371285535556,FOREX
GBPUSD,D1,-1,203,ltf_M5_zone,False,3,-1,-1,5R,2d,0,B,1.0,2018-06-06 06:08:00+02:00,2018-06-08 06:07:00+02:00,2880.0,-0.103135996,-0.11908738,0.010665529214847869,1.3403800000000001,3,1.2870523539257608,FOREX
DAX,D1,-1,425,ltf_M5_zone,True,3,1,1,5R,2d,0,B,1.0,2018-06-14 21:23:00+02:00,2018-06-15 22:59:00+02:00,1537.0,1.1278528,1.1190317,87.11242768482407,13147.5,3,12711.93786157588,INDICES
NAS100,D1,1,766,ltf_M5_zone,True,3,1,1,5R,2d,0,B,1.0,2018-06-19 10:48:00+02:00,2018-06-21 10:47:00+02:00,2880.0,1.1955584,1.1763285,122.76271866538809,7182.98,3,7796.79359332694,INDICES
GBPUSD,D1,-1,209,ltf_M5_zone,True,3,-1,-1,5R,2d,0,B,1.0,2018-07-04 22:33:00+02:00,2018-07-06 22:32:00+02:00,2880.0,-0.36925513,-0.3860033,0.010074335576808258,1.3233000000000001,3,1.2729283221159589,FOREX
ETH,D1,-1,23,ltf_M5_zone,True,3,-1,-1,5R,2d,0,B,1.0,2018-07-17 06:43:00+02:00,2018-07-17 20:02:00+02:00,800.0,-1.0038761,-1.01445,24.652609474858593,477.660555,2,354.397507625707,CRYPTO
USDCAD,D1,-1,189,ltf_M5_zone,True,3,-1,1,5R,2d,0,B,1.0,2018-07-19 20:03:00+02:00,2018-07-20 23:59:00+02:00,1677.0,0.79239005,0.78404623,0.014790695351444949,1.325735,3,1.2517815232427754,FOREX
EURUSD,D1,-1,190,ltf_M5_zone,True,3,-1,-1,5R,2d,0,B,1.0,2018-08-21 21:28:00+02:00,2018-08-23 21:27:00+02:00,2880.0,0.8124241,0.7853091,0.00572361144976985,1.15862,3,1.1300019427511507,FOREX
USDCAD,D1,-1,206,ltf_M5_zone,True,3,-1,-1,5R,2d,0,B,1.0,2018-10-08 13:58:00+02:00,2018-10-10 13:57:00+02:00,2880.0,0.42004555,0.4032839,0.009951301926879763,1.2998550000000002,3,1.2500984903656014,FOREX
USDCAD,D1,1,210,ltf_M5_zone,True,3,1,1,5R,2d,0,B,1.0,2018-10-24 18:13:00+02:00,2018-10-26 18:12:00+02:00,2880.0,0.7612433,0.747603,0.012243129754807125,1.3022749999999998,3,1.3634906487740355,FOREX
USDJPY,D1,1,176,ltf_M5_zone,True,4,1,1,5R,2d,0,B,1.0,2018-11-07 02:23:00+01:00,2018-11-09 02:22:00+01:00,2880.0,0.3624429,0.34778497,1.0456819264545345,113.52449999999999,3,118.75290963227266,FOREX
US500,D1,-1,670,ltf_M5_zone,True,3,-1,-1,5R,2d,0,B,1.0,2018-11-07 12:13:00+01:00,2018-11-09 12:12:00+01:00,2880.0,-0.19800481,-0.2040405,50.50382471029843,2782.5,3,2529.980876448508,INDICES
NAS100,D1,-1,855,ltf_M5_zone,False,3,-1,-1,5R,2d,0,B,1.0,2018-11-08 00:08:00+01:00,2018-11-09 22:59:00+01:00,2812.0,0.93469787,0.9306763,191.79459620516263,7211.0,3,6252.027018974187,INDICES
EURGBP,D1,-1,223,ltf_M5_zone,True,3,-1,-1,5R,2d,0,B,1.0,2018-11-15 18:08:00+01:00,2018-11-16 22:59:00+01:00,1732.0,-0.29723674,-0.31071377,0.0077042966473384045,0.8872549999999999,3,0.8487335167633079,FOREX
US500,D1,-1,691,ltf_M5_zone,True,3,-1,-1,5R,2d,0,B,1.0,2018-11-28 21:03:00+01:00,2018-11-30 21:02:00+01:00,2880.0,-0.7870178,-0.79559994,34.77684882983931,2724.38,3,2550.4957558508036,INDICES
USDCHF,D1,-1,215,ltf_M5_zone,True,3,-1,-1,5R,2d,0,B,1.0,2018-12-12 13:43:00+01:00,2018-12-14 13:42:00+01:00,2880.0,-0.4079425,-0.42594743,0.007868756151346745,0.9940749999999999,3,0.9547312192432662,FOREX
AUDUSD,D1,-1,198,ltf_M5_zone,True,3,-1,-1,5R,2d,0,B,1.0,2019-01-11 06:58:00+01:00,2019-01-11 22:59:00+01:00,962.0,-0.04957208,-0.06676675,0.0046397084879430395,0.721155,3,0.6979564575602848,FOREX
US500,D1,-1,720,ltf_M5_zone,True,3,-1,-1,5R,2d,0,B,1.0,2019-01-18 03:53:00+01:00,2019-01-18 22:14:00+01:00,1102.0,-0.5291718,-0.5311779,55.18056440512055,2642.169,3,2366.266177974397,INDICES
GBPJPY,D1,-1,205,ltf_M5_zone,False,3,-1,-1,5R,2d,0,B,1.0,2019-01-23 16:58:00+01:00,2019-01-25 06:08:00+01:00,2231.0,-1.0019182,-1.0164105,1.0426616683426175,143.154,2,137.9406916582869,FOREX
NAS100,D1,1,920,ltf_M5_zone,True,3,1,1,5R,2d,0,B,1.0,2019-01-23 19:23:00+01:00,2019-01-25 19:22:00+01:00,2880.0,0.93991596,0.92593896,155.9724559560982,6633.219,3,7413.081279780491,INDICES
USDCAD,D1,1,225,ltf_M5_zone,True,4,1,1,5R,2d,0,B,1.0,2019-01-25 17:03:00+01:00,2019-01-25 22:56:00+01:00,354.0,-1.004645,-1.0216824,0.004305702324416183,1.3259249999999998,2,1.3474535116220807,FOREX
USDCAD,D1,-1,226,ltf_M5_zone,True,3,-1,-1,5R,2d,0,B,1.0,2019-02-14 17:03:00+01:00,2019-02-15 22:59:00+01:00,1797.0,1.0822802,1.0640132,0.007022211034143355,1.332035,3,1.2969239448292833,FOREX
EURUSD,D1,1,216,ltf_M5_zone,False,3,1,1,5R,2d,0,B,1.0,2019-03-01 10:23:00+01:00,2019-03-01 22:59:00+01:00,757.0,-0.020048944,-0.03416986,0.0059853524261477276,1.13642,3,1.1663467621307386,FOREX
XAUUSD,D1,1,187,ltf_M5_zone,True,3,1,1,5R,2d,0,B,1.0,2019-03-04 17:08:00+01:00,2019-03-06 17:07:00+01:00,2880.0,-0.07317495,-0.11952605,12.613605741191122,1287.0829999999999,3,1350.1510287059555,METALS
USDJPY,D1,1,201,ltf_M5_zone,True,4,1,1,5R,2d,0,B,1.0,2019-04-30 11:03:00+02:00,2019-05-02 11:02:00+02:00,2880.0,0.2542209,0.22921452,0.60577236913646,111.34149999999998,3,114.37036184568228,FOREX
NAS100,D1,1,973,ltf_M5_zone,True,4,1,1,5R,2d,0,B,1.0,2019-05-07 18:38:00+02:00,2019-05-09 10:00:00+02:00,2363.0,-1.0109655,-1.0335939,91.19522724896433,7653.309,2,8109.285136244822,INDICES
NAS100,D1,1,962,ltf_M5_zone,True,3,1,1,5R,2d,0,B,1.0,2019-05-13 17:48:00+02:00,2019-05-15 17:47:00+02:00,2880.0,0.6223738,0.605522,143.80585762530245,7373.709,3,8092.738288126512,INDICES
XAUUSD,D1,-1,200,ltf_M5_zone,True,3,-1,-1,5R,2d,0,B,1.0,2019-05-14 04:28:00+02:00,2019-05-16 04:27:00+02:00,2880.0,0.21584107,0.19103636,13.296820794564837,1299.5700000000002,3,1233.085896027176,METALS
USDCHF,D1,1,234,ltf_M5_zone,False,3,1,1,5R,2d,0,B,1.0,2019-05-23 22:18:00+02:00,2019-05-24 23:59:00+02:00,1542.0,-0.35638848,-0.38129056,0.00418083087493637,1.0030249999999998,3,1.0239291543746818,FOREX
NAS100,D1,-1,1002,ltf_M5_zone,True,3,-1,-1,5R,2d,0,B,1.0,2019-06-07 21:53:00+02:00,2019-06-07 23:14:00+02:00,82.0,0.049701575,0.04940155,76.23500550513654,7420.809,3,7039.6339724743175,INDICES
GBPJPY,D1,-1,236,ltf_M5_zone,True,3,-1,-1,5R,2d,0,B,1.0,2019-07-01 02:58:00+02:00,2019-07-03 02:57:00+02:00,2880.0,1.8834165,1.8648578,0.9323481864059886,137.57,3,132.90825906797005,FOREX
XAGUSD,D1,1,194,ltf_M5_zone,True,3,1,1,5R,2d,0,B,1.0,2019-07-05 20:53:00+02:00,2019-07-05 23:58:00+02:00,186.0,-0.18332791,-0.19940716,0.27273533570171793,14.9985,3,16.36217667850859,METALS
EURGBP,D1,1,266,ltf_M5_zone,True,3,1,1,5R,2d,0,B,1.0,2019-07-18 15:28:00+02:00,2019-07-19 23:59:00+02:00,1952.0,-0.46195534,-0.48871088,0.004112951600511172,0.8987950000000001,3,0.919359758002556,FOREX
GBPUSD,D1,-1,261,ltf_M5_zone,False,3,-1,-1,5R,2d,0,B,1.0,2019-07-18 23:43:00+02:00,2019-07-19 23:59:00+02:00,1457.0,1.0649116,1.0400349,0.004507416143104237,1.2545600000000001,3,1.232022919284479,FOREX
DAX,D1,-1,624,ltf_M5_zone,True,3,-1,1,5R,2d,0,B,1.0,2019-07-23 05:38:00+02:00,2019-07-23 14:17:00+02:00,520.0,-1.0076241,-1.0094854,131.16253261436395,12361.16,2,11705.34733692818,INDICES
US500,D1,1,842,ltf_M5_zone,True,3,1,1,5R,2d,0,B,1.0,2019-08-02 13:13:00+02:00,2019-08-02 23:14:00+02:00,602.0,-0.31800961,-0.32345152,37.1089420494377,2943.47,3,3129.0147102471883,INDICES
EURGBP,D1,-1,272,ltf_M5_zone,True,3,-1,-1,5R,2d,0,B,1.0,2019-08-28 12:33:00+02:00,2019-08-30 12:32:00+02:00,2880.0,0.25264394,0.23785394,0.009103721118588148,0.9084849999999999,3,0.8629663944070591,FOREX
NAS100,D1,1,1069,ltf_M5_zone,True,4,1,1,5R,2d,0,B,1.0,2019-09-16 04:43:00+02:00,2019-09-18 04:42:00+02:00,2880.0,1.0079554,0.9769131,82.54233595450296,7796.41,3,8209.121679772514,INDICES
USDCHF,D1,1,268,ltf_M5_zone,True,4,1,1,5R,2d,0,B,1.0,2019-09-19 15:03:00+02:00,2019-09-20 23:59:00+02:00,1977.0,-0.009054381,-0.026540443,0.006626626304171324,0.9907950000000001,3,1.0239281315208566,FOREX
XAUUSD,D1,-1,229,ltf_M5_zone,True,3,-1,1,5R,2d,0,B,1.0,2019-09-24 20:38:00+02:00,2019-09-26 20:37:00+02:00,2880.0,0.68558806,0.6736811,31.574352726743655,1530.3100000000002,3,1372.438236366282,METALS
XAUUSD,D1,-1,234,ltf_M5_zone,True,3,-1,-1,5R,2d,0,B,1.0,2019-10-03 18:23:00+02:00,2019-10-04 23:59:00+02:00,1777.0,0.09765533,0.08978789,32.5327860908867,1507.7,3,1345.0360695455665,METALS
DAX,D1,-1,667,ltf_M5_zone,True,3,-1,-1,5R,2d,0,B,1.0,2019-10-11 13:33:00+02:00,2019-10-11 18:15:00+02:00,283.0,-1.0105628,-1.0119663,94.67191545965579,12383.14,2,11909.78042270172,INDICES
AUDUSD,D1,1,237,ltf_M5_zone,True,3,1,-1,5R,2d,0,B,1.0,2019-10-15 16:08:00+02:00,2019-10-17 16:07:00+02:00,2880.0,1.5453303,1.5175291,0.00415445163985495,0.675465,3,0.6962372581992747,FOREX
NAS100,D1,1,1111,ltf_M5_zone,True,3,1,1,5R,2d,0,B,1.0,2019-11-20 19:58:00+01:00,2019-11-22 19:57:00+01:00,2880.0,0.10555671,0.06003452,59.57934879664754,8252.42,3,8550.316743983238,INDICES
DAX,D1,1,684,ltf_M5_zone,True,4,1,1,5R,2d,0,B,1.0,2019-12-02 18:03:00+01:00,2019-12-04 18:02:00+01:00,2880.0,0.6279197,0.6097349,234.9026501267508,12997.46,3,14171.973250633753,INDICES
EURGBP,D1,-1,293,ltf_M5_zone,True,4,-1,-1,5R,2d,0,B,1.0,2019-12-17 11:18:00+01:00,2019-12-19 11:17:00+01:00,2880.0,-0.6938394,-0.7107768,0.007638655464954791,0.844405,3,0.806211722675226,FOREX
EURJPY,D1,1,233,ltf_M5_zone,True,4,1,1,5R,2d,0,B,1.0,2020-01-03 13:28:00+01:00,2020-01-03 22:59:00+01:00,572.0,0.5754441,0.55740917,0.4413981986166817,120.314,3,122.5209909930834,FOREX
US500,D1,1,944,ltf_M5_zone,True,3,1,1,5R,2d,0,B,1.0,2020-01-27 01:13:00+01:00,2020-01-29 01:12:00+01:00,2880.0,0.2818991,0.25388736,38.2902985988062,3263.555,3,3455.006492994031,INDICES
NAS100,D1,-1,1157,ltf_M5_zone,True,3,-1,1,5R,2d,0,B,1.0,2020-01-29 05:13:00+01:00,2020-01-31 05:12:00+01:00,2880.0,-0.70553696,-0.7128716,136.3358730998989,9127.91,3,8446.230634500505,INDICES
AUDUSD,D1,-1,254,ltf_M5_zone,False,3,-1,-1,5R,2d,0,B,1.0,2020-02-11 17:28:00+01:00,2020-02-13 17:27:00+01:00,2880.0,-0.23007269,-0.24774128,0.006519678633473025,0.671755,3,0.6391566068326349,FOREX
BTC,D1,1,123,ltf_M5_zone,True,3,1,1,5R,2d,0,B,1.0,2020-02-19 23:33:00+01:00,2020-02-21 23:32:00+01:00,2880.0,-0.05702785,-0.0725024,655.2628871902725,9678.8891175,3,12955.203553451363,CRYPTO
GBPJPY,D1,-1,275,ltf_M5_zone,True,3,-1,-1,5R,2d,0,B,1.0,2020-03-10 07:03:00+01:00,2020-03-12 07:02:00+01:00,2880.0,1.3381886,1.331084,2.4211832318796667,136.335,3,124.22908384060167,FOREX
XAGUSD,D1,1,229,ltf_M5_zone,True,3,1,1,5R,2d,0,B,1.0,2020-04-21 17:28:00+02:00,2020-04-23 17:27:00+02:00,2880.0,1.1031837,1.0867534,0.6018942996825842,14.728499999999999,3,17.737971498412918,METALS
ETH,D1,1,123,ltf_M5_zone,False,3,1,1,5R,2d,0,B,1.0,2020-05-04 08:38:00+02:00,2020-05-06 08:37:00+02:00,2880.0,0.5509405,0.534943,13.086903107415992,199.8399475,3,265.27446303707995,CRYPTO
GBPJPY,D1,1,279,ltf_M5_zone,True,4,1,-1,5R,2d,0,B,1.0,2020-05-18 03:13:00+02:00,2020-05-20 03:12:00+02:00,2880.0,0.99044555,0.9843559,2.7341230919975885,129.616,3,143.28661545998796,FOREX
GBPJPY,D1,-1,283,ltf_M5_zone,True,3,-1,-1,5R,2d,0,B,1.0,2020-05-19 16:58:00+02:00,2020-05-21 16:57:00+02:00,2880.0,0.18325797,0.17124142,1.4023946399890406,132.078,3,125.0660268000548,FOREX
AUDUSD,D1,1,269,ltf_M5_zone,False,3,1,1,5R,2d,0,B,1.0,2020-05-27 19:03:00+02:00,2020-05-29 19:02:00+02:00,2880.0,0.4342348,0.42333895,0.01047820197381033,0.659285,3,0.7116760098690517,FOREX
EURGBP,D1,1,322,ltf_M5_zone,True,4,1,1,5R,2d,0,B,1.0,2020-07-01 01:33:00+02:00,2020-07-03 01:32:00+02:00,2880.0,-0.64430267,-0.6618764,0.007651683041260515,0.9063450000000001,3,0.9446034152063026,FOREX
AUDUSD,D1,1,278,ltf_M5_zone,True,3,1,1,5R,2d,0,B,1.0,2020-08-07 20:58:00+02:00,2020-08-07 23:59:00+02:00,182.0,0.006445698,-0.0003970395,0.009308534383087652,0.715485,3,0.7620276719154383,FOREX
GBPJPY,D1,1,295,ltf_M5_zone,True,3,1,1,5R,2d,0,B,1.0,2020-08-17 20:18:00+02:00,2020-08-19 20:17:00+02:00,2880.0,0.12829225,0.11475253,1.286126007628809,138.916,3,145.34663003814404,FOREX
USDJPY,D1,1,265,ltf_M5_zone,True,3,1,-1,5R,2d,0,B,1.0,2020-08-18 11:03:00+02:00,2020-08-19 03:01:00+02:00,959.0,-1.0054644,-1.029741,0.3660025432006222,105.53349999999999,2,107.3635127160031,FOREX
EURJPY,D1,1,260,ltf_M5_zone,False,3,1,1,5R,2d,0,B,1.0,2020-08-21 12:18:00+02:00,2020-08-21 23:59:00+02:00,702.0,0.1380473,0.12220079,0.5360481712180132,124.689,3,127.36924085609006,FOREX
BTC,D1,-1,155,ltf_M5_zone,True,3,-1,1,5R,2d,0,B,1.0,2020-08-27 16:13:00+02:00,2020-08-29 16:12:00+02:00,2880.0,-0.26310024,-0.2752863,615.7258977360816,11292.4261875,3,8213.796698819591,CRYPTO
US500,D1,-1,1111,ltf_M5_zone,True,3,-1,-1,5R,2d,0,B,1.0,2020-09-30 21:38:00+02:00,2020-10-02 21:37:00+02:00,2880.0,0.13361333,0.12759858,61.39357230091946,3370.737,3,3063.769138495403,INDICES
NAS100,D1,-1,1302,ltf_M5_zone,True,3,-1,-1,5R,2d,0,B,1.0,2020-10-12 22:03:00+02:00,2020-10-14 22:02:00+02:00,2880.0,0.3931238,0.38963312,381.12675360080175,12144.05,3,10238.41623199599,INDICES
US500,D1,-1,1101,ltf_M5_zone,True,3,-1,1,5R,2d,0,B,1.0,2020-10-12 22:18:00+02:00,2020-10-14 22:17:00+02:00,2880.0,0.683461,0.6770128,60.13510779150556,3539.549,3,3238.873461042472,INDICES
AUDUSD,D1,-1,286,ltf_M5_zone,True,3,-1,-1,5R,2d,0,B,1.0,2020-10-23 13:23:00+02:00,2020-10-23 23:59:00+02:00,637.0,0.22680704,0.21356629,0.00551129277987783,0.7147749999999999,3,0.6872185361006108,FOREX
EURUSD,D1,1,324,ltf_M5_zone,True,3,1,1,5R,2d,0,B,1.0,2020-10-28 10:03:00+01:00,2020-10-29 16:05:00+01:00,1803.0,-1.002252,-1.0158198,0.008880859493809679,1.1763,2,1.2207042974690483,FOREX
USDCHF,D1,-1,319,ltf_M5_zone,True,3,-1,-1,5R,2d,0,B,1.0,2020-10-28 14:28:00+01:00,2020-10-30 14:27:00+01:00,2880.0,-0.6670838,-0.6892983,0.006071201122654246,0.9112149999999999,3,0.8808589943867287,FOREX
USDJPY,D1,-1,271,ltf_M5_zone,True,3,-1,-1,5R,2d,0,B,1.0,2020-11-04 04:28:00+01:00,2020-11-06 04:27:00+01:00,2880.0,2.0842628,2.0655293,0.7810914891226304,105.06550000000001,3,101.16004255438686,FOREX
USDJPY,D1,1,275,ltf_M5_zone,True,3,1,1,5R,2d,0,B,1.0,2020-11-18 17:23:00+01:00,2020-11-20 17:22:00+01:00,2880.0,0.12031996,0.09951762,0.6981385296209481,103.73149999999998,3,107.22219264810472,FOREX
EURGBP,D1,-1,348,ltf_M5_zone,True,3,-1,-1,5R,2d,0,B,1.0,2020-11-25 12:28:00+01:00,2020-11-27 12:27:00+01:00,2880.0,-0.38814175,-0.41350695,0.0052558117215301126,0.8923049999999999,3,0.8660259413923493,FOREX
XAGUSD,D1,-1,243,ltf_M5_zone,True,3,-1,-1,5R,2d,0,B,1.0,2020-12-02 00:00:00+01:00,2020-12-03 22:59:00+01:00,2820.0,-0.117882855,-0.13007896,0.7125718130836347,23.9605,3,20.397640934581826,METALS
XAUUSD,D1,-1,280,ltf_M5_zone,True,3,-1,-1,5R,2d,0,B,1.0,2020-12-07 17:43:00+01:00,2020-12-09 17:42:00+01:00,2880.0,0.822525,0.8021256,21.697819395327997,1863.77,3,1755.28090302336,METALS
GBPUSD,D1,-1,350,ltf_M5_zone,True,3,-1,1,5R,2d,0,B,1.0,2020-12-14 00:38:00+01:00,2020-12-16 00:37:00+01:00,2880.0,-0.68183523,-0.69122916,0.018039549096316332,1.3322500000000002,3,1.2420522545184185,FOREX
EURGBP,D1,1,350,ltf_M5_zone,True,3,1,1,5R,2d,0,B,1.0,2020-12-14 00:38:00+01:00,2020-12-16 00:37:00+01:00,2880.0,-0.4991287,-0.50874287,0.0140244389011005,0.9107850000000001,3,0.9809071945055026,FOREX
GBPJPY,D1,-1,305,ltf_M5_zone,True,3,-1,-1,5R,2d,0,B,1.0,2020-12-14 10:23:00+01:00,2020-12-16 10:22:00+01:00,2880.0,-0.29946336,-0.31171846,1.422544648655105,139.155,3,132.04227675672448,FOREX
XAUUSD,D1,1,283,ltf_M5_zone,True,3,1,1,5R,2d,0,B,1.0,2021-01-08 20:13:00+01:00,2021-01-08 22:59:00+01:00,167.0,0.21926296,0.21542372,29.293593353154392,1841.86,3,1988.3279667657719,METALS
USDJPY,D1,-1,280,ltf_M5_zone,True,3,-1,-1,5R,2d,0,B,1.0,2021-01-11 03:28:00+01:00,2021-01-13 03:27:00+01:00,2880.0,0.98074436,0.95469475,0.5587592789024569,104.12750000000001,3,101.33370360548773,FOREX
EURJPY,D1,1,277,ltf_M5_zone,True,3,1,1,5R,2d,0,B,1.0,2021-01-12 13:48:00+01:00,2021-01-14 13:47:00+01:00,2880.0,-0.43541348,-0.45588797,0.8015369631009577,126.71199999999999,3,130.71968481550476,FOREX
DAX,D1,1,921,ltf_M5_zone,True,3,1,1,5R,2d,0,B,1.0,2021-01-15 17:33:00+01:00,2021-01-15 21:59:00+01:00,267.0,-0.095636114,-0.09694176,83.65040987778184,3596.809,3,4015.0610493889094,INDICES
GBPUSD,D1,1,356,ltf_M5_zone,True,3,1,1,5R,2d,0,B,1.0,2021-02-04 07:58:00+01:00,2021-02-05 22:59:00+01:00,2342.0,1.1891536,1.174948,0.010621000478772347,1.36024,3,1.4133450023938616,FOREX
ETH,D1,1,161,ltf_M5_zone,True,3,1,1,5R,2d,0,B,1.0,2021-02-10 15:08:00+01:00,2021-02-12 15:07:00+01:00,2880.0,0.096722774,0.09055246,298.6948590505399,1759.2497025,3,3252.7239977526997,CRYPTO
AUDUSD,D1,1,306,ltf_M5_zone,False,3,1,1,5R,2d,0,B,1.0,2021-02-26 13:38:00+01:00,2021-02-26 17:23:00+01:00,226.0,-1.0035713,-1.0151755,0.0056002888415690455,0.776675,2,0.8046764442078452,FOREX
XAGUSD,D1,1,248,ltf_M5_zone,True,3,1,1,5R,2d,0,B,1.0,2021-03-04 20:58:00+01:00,2021-03-05 22:59:00+01:00,1562.0,-0.25744104,-0.26776963,0.9205991218887881,25.407500000000002,3,30.010495609443943,METALS
USDJPY,D1,1,295,ltf_M5_zone,True,3,1,1,5R,2d,0,B,1.0,2021-04-14 04:38:00+02:00,2021-04-16 04:37:00+02:00,2880.0,-0.015921911,-0.042359367,0.5652587537894647,108.85649999999998,3,111.6827937689473,FOREX
NAS100,D1,-1,1438,ltf_M5_zone,True,3,-1,-1,5R,2d,0,B,1.0,2021-05-24 19:18:00+02:00,2021-05-26 19:17:00+02:00,2880.0,-0.3257195,-0.33236495,224.9481476198198,13645.499,3,12520.7582619009,INDICES
US500,D1,-1,1247,ltf_M5_zone,True,3,-1,-1,5R,2d,0,B,1.0,2021-05-24 19:33:00+02:00,2021-05-26 19:32:00+02:00,2880.0,-0.07970598,-0.0886831,51.21322107999549,4196.651,3,3940.5848946000224,INDICES
USDJPY,D1,1,301,ltf_M5_zone,False,3,1,1,5R,2d,0,B,1.0,2021-06-04 20:18:00+02:00,2021-06-04 23:59:00+02:00,222.0,-0.1951905,-0.21660013,0.31251521060328,109.53349999999999,3,111.09607605301639,FOREX
GBPUSD,D1,1,377,ltf_M5_zone,True,3,1,1,5R,2d,0,B,1.0,2021-06-10 11:33:00+02:00,2021-06-11 23:59:00+02:00,2187.0,0.2459844,0.23037536,0.00947214516491024,1.4081899999999998,3,1.455550725824551,FOREX
DAX,D1,1,980,ltf_M5_zone,False,3,1,1,5R,2d,0,B,1.0,2021-06-18 18:03:00+02:00,2021-06-18 22:59:00+02:00,297.0,-0.5511302,-0.5566497,25.0576019840114,4093.129,3,4218.417009920056,INDICES
AUDUSD,D1,-1,327,ltf_M5_zone,True,4,-1,-1,5R,2d,0,B,1.0,2021-07-06 10:08:00+02:00,2021-07-08 10:07:00+02:00,2880.0,3.484043,3.4557076,0.004316824090647264,0.758465,3,0.7368808795467636,FOREX
USDJPY,D1,1,309,ltf_M5_zone,True,4,1,1,5R,2d,0,B,1.0,2021-07-06 11:38:00+02:00,2021-07-08 08:34:00+02:00,2697.0,-1.0038266,-1.0316241,0.52265842072147,110.84649999999999,2,113.45979210360734,FOREX
USDCHF,D1,1,349,ltf_M5_zone,True,4,1,1,5R,2d,0,B,1.0,2021-07-08 15:58:00+02:00,2021-07-09 23:59:00+02:00,1922.0,-0.840304,-0.879714,0.00279660695358408,0.915935,3,0.9299180347679205,FOREX
BTC,D1,-1,218,ltf_M5_zone,True,4,-1,-1,5R,2d,0,B,1.0,2021-07-21 12:48:00+02:00,2021-07-21 20:13:00+02:00,446.0,-1.0044029,-1.0159692,1425.8787835012954,31382.162497499998,2,24252.76857999352,CRYPTO
USDCAD,D1,1,350,ltf_M5_zone,True,3,1,1,5R,2d,0,B,1.0,2021-07-21 21:23:00+02:00,2021-07-23 21:22:00+02:00,2880.0,0.07452715,0.06385795,0.015296438841696292,1.2560449999999999,3,1.3325271942084813,FOREX
DAX,D1,-1,998,ltf_M5_zone,True,4,-1,-1,5R,2d,0,B,1.0,2021-07-22 15:38:00+02:00,2021-07-23 20:19:00+02:00,1722.0,-1.0279262,-1.0331281,51.16126086852137,4063.949,2,3808.1426956573932,INDICES
EURJPY,D1,-1,308,ltf_M5_zone,True,4,-1,-1,5R,2d,0,B,1.0,2021-07-29 14:28:00+02:00,2021-07-30 23:59:00+02:00,2012.0,0.3335902,0.31545353,0.7434271207166319,130.39000000000001,3,126.67286439641686,FOREX
EURGBP,D1,-1,376,ltf_M5_zone,False,3,-1,-1,5R,2d,0,B,1.0,2021-08-17 12:03:00+02:00,2021-08-19 12:02:00+02:00,2880.0,-0.51586974,-0.5478157,0.004070795245513459,0.8525149999999999,3,0.8321610237724326,FOREX
XAUUSD,D1,-1,315,ltf_M5_zone,True,3,-1,-1,5R,2d,0,B,1.0,2021-08-23 17:13:00+02:00,2021-08-25 17:12:00+02:00,2880.0,0.3012696,0.28931874,35.96778492134172,1799.853,3,1620.0140753932915,METALS
DAX,D1,-1,1026,ltf_M5_zone,True,3,-1,-1,5R,2d,0,B,1.0,2021-09-22 20:23:00+02:00,2021-09-24 20:22:00+02:00,2880.0,-0.24095038,-0.248762,58.186254933194505,4149.019,3,3858.0877253340277,INDICES
BTC,D1,-1,231,ltf_M5_zone,False,3,-1,-1,5R,2d,0,B,1.0,2021-10-01 14:48:00+02:00,2021-10-03 14:47:00+02:00,2880.0,-0.39867204,-0.41357568,2105.7712453785134,47232.408945,3,36703.552718107436,CRYPTO
BTC,D1,-1,228,ltf_M5_zone,True,3,-1,1,5R,2d,0,B,1.0,2021-10-06 00:18:00+02:00,2021-10-06 15:11:00+02:00,894.0,-1.0052696,-1.0197866,1950.2596779831729,51373.533404999995,2,41622.23501508413,CRYPTO
US500,D1,-1,1345,ltf_M5_zone,True,3,-1,-1,5R,2d,0,B,1.0,2021-10-07 18:23:00+02:00,2021-10-08 23:14:00+02:00,1732.0,0.5768224,0.5715401,55.12961978221483,4421.148,3,4145.499901088926,INDICES
EURUSD,D1,-1,382,ltf_M5_zone,False,3,-1,-1,5R,2d,0,B,1.0,2021-10-13 21:23:00+02:00,2021-10-15 21:22:00+02:00,2880.0,-0.21358237,-0.23659731,0.006742129485780568,1.1583,3,1.1245893525710973,FOREX
USDCHF,D1,1,360,ltf_M5_zone,True,3,1,1,5R,2d,0,B,1.0,2021-10-14 12:53:00+02:00,2021-10-15 23:59:00+02:00,2107.0,0.33412504,0.31185284,0.005177702085126579,0.920405,3,0.9462935104256329,FOREX
NAS100,D1,-1,1536,ltf_M5_zone,False,3,-1,-1,5R,2d,0,B,1.0,2021-10-19 01:43:00+02:00,2021-10-19 18:00:00+02:00,978.0,-1.0092455,-1.0144994,108.16019045842586,15285.439,2,14744.638047707871,INDICES
BTC,D1,1,236,ltf_M5_zone,True,4,1,1,5R,2d,0,B,1.0,2021-10-27 13:18:00+02:00,2021-10-29 13:17:00+02:00,2880.0,0.7090875,0.6872371,2831.7611186734357,59061.9618,3,73220.76739336718,CRYPTO
EURUSD,D1,1,385,ltf_M5_zone,True,3,1,-1,5R,2d,0,B,1.0,2021-10-29 20:08:00+02:00,2021-10-29 23:59:00+02:00,232.0,0.19358893,0.17247777,0.003202662574472326,1.1546399999999999,3,1.1706533128723615,FOREX
ETH,D1,1,206,ltf_M5_zone,True,3,1,1,5R,2d,0,B,1.0,2021-11-10 23:43:00+01:00,2021-11-12 23:42:00+01:00,2880.0,0.19541508,0.17242096,209.7519009425596,4603.7806575,3,5652.540162212798,CRYPTO
XAGUSD,D1,1,291,ltf_M5_zone,True,3,1,1,5R,2d,0,B,1.0,2021-11-23 17:58:00+01:00,2021-11-25 17:57:00+01:00,2880.0,0.5518367,0.5231967,0.46571744722030317,23.3535,3,25.682087236101516,METALS
USDJPY,D1,1,326,ltf_M5_zone,True,3,1,1,5R,2d,0,B,1.0,2021-11-26 17:33:00+01:00,2021-11-26 22:58:00+01:00,326.0,-0.1491296,-0.1582738,0.7711413701634058,113.36549999999998,3,117.22120685081701,FOREX
BTC,D1,-1,247,ltf_M5_zone,True,3,-1,-1,5R,2d,0,B,1.0,2021-11-29 03:33:00+01:00,2021-12-01 03:32:00+01:00,2880.0,0.19214119,0.17691876,2508.902984595363,57478.406805,3,44933.891882023185,CRYPTO
USDCAD,D1,1,372,ltf_M5_zone,True,4,1,1,5R,2d,0,B,1.0,2021-12-07 15:23:00+01:00,2021-12-08 10:56:00+01:00,1174.0,-1.0033963,-1.020795,0.005888880379256056,1.268355,2,1.2977994018962802,FOREX
GBPUSD,D1,-1,404,ltf_M5_zone,True,3,-1,-1,5R,2d,0,B,1.0,2021-12-29 17:28:00+01:00,2021-12-31 16:29:00+01:00,2822.0,-1.0038456,-1.0362474,0.0052008185404550655,1.3478900000000003,2,1.321885907297725,FOREX
XAUUSD,D1,1,349,ltf_M5_zone,True,4,1,1,5R,2d,0,B,1.0,2022-01-03 19:08:00+01:00,2022-01-05 19:07:00+01:00,2880.0,1.5282278,1.4744929,14.699379283952112,1800.299,3,1873.7958964197605,METALS
NAS100,D1,1,1606,ltf_M5_zone,True,3,1,1,5R,2d,0,B,1.0,2022-01-06 01:03:00+01:00,2022-01-07 22:14:00+01:00,2712.0,-0.5601822,-0.57354367,365.93450487765585,15799.109,3,17628.78152438828,INDICES
ETH,D1,-1,226,ltf_M5_zone,True,3,-1,-1,5R,2d,0,B,1.0,2022-01-20 17:48:00+01:00,2022-01-22 17:47:00+01:00,2880.0,4.253708,4.2424245,190.985844836654,3243.1989975,3,2288.26977331673,CRYPTO
XAUUSD,D1,1,354,ltf_M5_zone,True,3,1,1,5R,2d,0,B,1.0,2022-01-27 00:00:00+01:00,2022-01-27 14:51:00+01:00,892.0,-1.0057943,-1.0228947,17.258406635884057,1819.213,2,1905.5050331794203,METALS
EURGBP,D1,1,411,ltf_M5_zone,True,3,1,-1,5R,2d,0,B,1.0,2022-01-27 11:58:00+01:00,2022-01-28 22:59:00+01:00,2102.0,-0.58320814,-0.6059652,0.004835323294897109,0.8345150000000001,3,0.8586916164744857,FOREX
EURUSD,D1,-1,403,ltf_M5_zone,True,3,-1,-1,5R,2d,0,B,1.0,2022-02-03 19:28:00+01:00,2022-02-04 22:59:00+01:00,1652.0,-0.3147447,-0.3313327,0.0068627045662672526,1.14264,3,1.1083264771686638,FOREX
XAUUSD,D1,-1,355,ltf_M5_zone,True,3,-1,-1,5R,2d,0,B,1.0,2022-02-09 20:08:00+01:00,2022-02-11 19:46:00+01:00,2859.0,-1.0041258,-1.0220281,24.237408267495084,1833.5230000000001,2,1712.3359586625247,METALS
SOL,D1,1,67,ltf_M5_zone,True,3,1,-1,5R,2d,0,B,1.0,2022-02-12 00:28:00+01:00,2022-02-13 19:52:00+01:00,2605.0,-1.0036367,-1.0217395,5.327900047841709,96.90422,2,123.54372023920854,CRYPTO
USDJPY,D1,1,338,ltf_M5_zone,False,3,1,1,5R,2d,0,B,1.0,2022-02-18 01:58:00+01:00,2022-02-18 22:59:00+01:00,1262.0,0.080801025,0.06942658,0.8910778382435893,114.9155,3,119.37088919121794,FOREX
NAS100,D1,-1,1642,ltf_M5_zone,True,3,-1,-1,5R,2d,0,B,1.0,2022-03-03 16:13:00+01:00,2022-03-04 22:14:00+01:00,1802.0,0.7724607,0.77063745,534.5644026087411,14221.769,3,11548.946986956294,INDICES
XAGUSD,D1,1,306,ltf_M5_zone,True,3,1,1,5R,2d,0,B,1.0,2022-03-15 07:43:00+01:00,2022-03-17 07:42:00+01:00,2880.0,0.4586953,0.4415999,0.8131759805921135,24.7625,3,28.828379902960567,METALS
US500,D1,-1,1440,ltf_M5_zone,True,4,-1,-1,5R,2d,0,B,1.0,2022-03-18 19:13:00+01:00,2022-03-18 21:14:00+01:00,122.0,-0.43101826,-0.43129843,72.88322040987259,4434.934,3,4070.5178979506372,INDICES
SOL,D1,-1,77,ltf_M5_zone,True,3,-1,-1,5R,2d,0,B,1.0,2022-03-24 07:38:00+01:00,2022-03-26 07:37:00+01:00,2880.0,-0.3479621,-0.3535721,11.462167829764311,96.77579999999999,3,39.46496085117843,CRYPTO
BTC,D1,1,270,ltf_M5_zone,True,3,1,1,5R,2d,0,B,1.0,2022-04-11 14:23:00+02:00,2022-04-11 21:27:00+02:00,425.0,-1.0074441,-1.0290577,1105.915319046915,41173.1207075,2,46702.697302734574,CRYPTO
SOL,D1,1,80,ltf_M5_zone,False,3,1,-1,5R,2d,0,B,1.0,2022-04-30 21:03:00+02:00,2022-05-01 00:57:00+02:00,235.0,-1.0032363,-1.0120475,5.6237591877249855,91.02274999999999,2,119.14154593862492,CRYPTO
USDJPY,D1,1,344,ltf_M5_zone,True,4,1,1,5R,2d,0,B,1.0,2022-05-12 17:18:00+02:00,2022-05-13 23:59:00+02:00,1842.0,0.8153421,0.8058112,1.3356356373261917,128.08950000000002,3,134.76767818663097,FOREX
GBPUSD,D1,-1,431,ltf_M5_zone,True,3,-1,-1,5R,2d,0,B,1.0,2022-05-17 12:38:00+02:00,2022-05-19 12:37:00+02:00,2880.0,0.42539108,0.41707563,0.01953496508817243,1.2468100000000002,3,1.149135174559138,FOREX
USDJPY,D1,-1,347,ltf_M5_zone,False,3,-1,1,5R,2d,0,B,1.0,2022-05-31 17:43:00+02:00,2022-06-01 18:30:00+02:00,1488.0,-1.0014576,-1.0098094,1.3721978999098496,128.6715,2,121.81051050045076,FOREX
SOL,D1,-1,91,ltf_M5_zone,True,3,-1,-1,5R,2d,0,B,1.0,2022-06-06 11:08:00+02:00,2022-06-08 11:07:00+02:00,2880.0,0.754171,0.7491337,5.7786494340892745,43.809045,3,14.915797829553625,CRYPTO
USDCHF,D1,-1,390,ltf_M5_zone,True,3,-1,1,5R,2d,0,B,1.0,2022-06-14 20:33:00+02:00,2022-06-16 20:32:00+02:00,2880.0,4.820675,4.801425,0.007389006961644684,1.0008850000000002,3,0.9639399651917768,FOREX
SOL,D1,1,94,ltf_M5_zone,True,4,1,-1,5R,2d,0,B,1.0,2022-06-28 20:43:00+02:00,2022-06-30 03:33:00+02:00,1851.0,-1.0021015,-1.0110545,3.4299608708611586,36.049009999999996,2,53.19881435430579,CRYPTO
ETH,D1,1,246,ltf_M5_zone,True,3,-1,-1,5R,2d,0,B,1.0,2022-06-29 10:08:00+02:00,2022-06-30 12:48:00+02:00,1601.0,-1.0019327,-1.0097073,117.1878636730687,1132.7731225,2,1718.7124408653435,CRYPTO
USDCAD,D1,1,410,ltf_M5_zone,True,3,1,1,5R,2d,0,B,1.0,2022-07-18 19:53:00+02:00,2022-07-20 19:52:00+02:00,2880.0,-0.43041894,-0.44470158,0.011639822555866708,1.2931249999999999,3,1.3513241127793334,FOREX
ETH,D1,-1,254,ltf_M5_zone,True,3,1,1,5R,2d,0,B,1.0,2022-07-28 02:18:00+02:00,2022-07-28 17:26:00+02:00,909.0,-1.0046052,-1.0173113,70.31053076043804,1618.5752550000002,2,1267.02260119781,CRYPTO
XAGUSD,D1,1,327,ltf_M5_zone,True,3,1,1,5R,2d,0,B,1.0,2022-08-11 19:18:00+02:00,2022-08-12 23:59:00+02:00,1722.0,0.36950347,0.36046645,0.9823994539606282,20.407500000000002,3,25.319497269803144,METALS
EURGBP,D1,-1,444,ltf_M5_zone,True,3,-1,-1,5R,2d,0,B,1.0,2022-08-12 14:23:00+02:00,2022-08-12 23:59:00+02:00,577.0,0.21044232,0.20429263,0.012022297002825977,0.8476149999999999,3,0.78750351498587,FOREX
NAS100,D1,1,1774,ltf_M5_zone,True,4,1,1,5R,2d,0,B,1.0,2022-08-22 01:58:00+02:00,2022-08-22 21:43:00+02:00,1186.0,-1.0033126,-1.009219,301.88046360245244,13181.067,2,14690.469318012261,INDICES
XAUUSD,D1,1,382,ltf_M5_zone,True,3,1,-1,5R,2d,0,B,1.0,2022-08-22 16:13:00+02:00,2022-08-24 16:12:00+02:00,2880.0,0.34768102,0.3179209,25.65570086438538,1734.3929999999998,3,1862.6715043219267,METALS
USDCHF,D1,-1,404,ltf_M5_zone,True,3,-1,-1,5R,2d,0,B,1.0,2022-08-23 16:33:00+02:00,2022-08-25 16:32:00+02:00,2880.0,0.5100217,0.49025148,0.0070585234678117725,0.9681749999999999,3,0.932882382660941,FOREX
DAX,D1,1,1143,ltf_M5_zone,False,3,1,1,5R,2d,0,B,1.0,2022-08-26 20:08:00+02:00,2022-08-26 22:59:00+02:00,172.0,-0.57239646,-0.57356364,60.27290835826079,3603.819,3,3905.183541791304,INDICES
NAS100,D1,1,1765,ltf_M5_zone,True,4,1,1,5R,2d,0,B,1.0,2022-08-30 18:23:00+02:00,2022-09-01 18:22:00+02:00,2880.0,-0.85814947,-0.8695669,355.0896610314794,12335.879,3,14111.327305157398,INDICES
US500,D1,1,1554,ltf_M5_zone,True,3,1,1,5R,2d,0,B,1.0,2022-08-30 20:58:00+02:00,2022-09-01 20:57:00+02:00,2880.0,-0.6648996,-0.68010396,86.02050897616255,3979.543,3,4409.645544880813,INDICES
ETH,D1,-1,260,ltf_M5_zone,True,3,-1,-1,5R,2d,0,B,1.0,2022-09-06 09:38:00+02:00,2022-09-08 09:37:00+02:00,2880.0,0.65880597,0.6456246,83.75609250313528,1661.5545075,3,1242.7740449843236,CRYPTO
XAGUSD,D1,-1,331,ltf_M5_zone,True,4,-1,-1,5R,2d,0,B,1.0,2022-09-12 13:13:00+02:00,2022-09-12 14:56:00+02:00,104.0,-1.0313879,-1.0443736,0.31859393255194846,19.1755,2,17.582530337240257,METALS
DAX,D1,-1,1160,ltf_M5_zone,True,3,-1,-1,5R,2d,0,B,1.0,2022-09-12 18:08:00+02:00,2022-09-14 18:07:00+02:00,2880.0,0.8051235,0.8001534,80.13677586984659,3635.629,3,3234.945120650767,INDICES
BTC,D1,-1,295,ltf_M5_zone,True,3,-1,-1,5R,2d,0,B,1.0,2022-09-21 20:08:00+02:00,2022-09-23 20:07:00+02:00,2880.0,0.056863185,0.048389625,1482.1049019217353,18900.8636025,3,11490.339092891325,CRYPTO
EURGBP,D1,1,454,ltf_M5_zone,False,3,1,1,5R,2d,0,B,1.0,2022-09-30 13:33:00+02:00,2022-09-30 23:59:00+02:00,627.0,-0.26654676,-0.27383316,0.010392173476411748,0.8800150000000001,3,0.9319758673820588,FOREX
EURGBP,D1,1,453,ltf_M5_zone,True,3,1,1,5R,2d,0,B,1.0,2022-10-04 01:23:00+02:00,2022-10-06 01:22:00+02:00,2880.0,0.7981427,0.7785522,0.006703062128232129,0.8679850000000001,3,0.9015003106411608,FOREX
XAUUSD,D1,-1,393,ltf_M5_zone,True,3,-1,-1,5R,2d,0,B,1.0,2022-10-04 14:03:00+02:00,2022-10-06 14:02:00+02:00,2880.0,-0.32812276,-0.33935088,36.55948638741711,1703.063,3,1520.2655680629146,METALS
EURGBP,D1,1,451,ltf_M5_zone,True,4,1,1,5R,2d,0,B,1.0,2022-10-13 16:43:00+02:00,2022-10-14 23:59:00+02:00,1877.0,0.605303,0.59307456,0.008689862638807333,0.8641150000000001,3,0.9075643131940367,FOREX
ETH,D1,-1,273,ltf_M5_zone,True,3,-1,-1,5R,2d,0,B,1.0,2022-11-24 04:08:00+01:00,2022-11-26 04:07:00+01:00,2880.0,-0.35283986,-0.36717346,55.51801953642121,1197.640515,3,920.050417317894,CRYPTO
DAX,D1,1,1206,ltf_M5_zone,False,3,1,1,5R,2d,0,B,1.0,2022-12-02 15:38:00+01:00,2022-12-02 21:59:00+01:00,382.0,0.11287955,0.110109426,62.3673625493293,3972.249,3,4284.085812746646,INDICES
US500,D1,1,1647,ltf_M5_zone,True,3,1,1,5R,2d,0,B,1.0,2022-12-05 22:13:00+01:00,2022-12-06 20:30:00+01:00,1338.0,-1.0031796,-1.0109463,78.62614442485665,4001.026,2,4394.156722124283,INDICES
NAS100,D1,1,1865,ltf_M5_zone,True,3,1,1,5R,2d,0,B,1.0,2022-12-06 21:53:00+01:00,2022-12-08 21:52:00+01:00,2880.0,0.3336829,0.31190112,174.4470571390848,11561.639,3,12433.874285695423,INDICES
USDCAD,D1,-1,433,ltf_M5_zone,True,3,-1,-1,5R,2d,0,B,1.0,2022-12-07 12:13:00+01:00,2022-12-09 12:12:00+01:00,2880.0,0.3963619,0.3852316,0.01549089405707993,1.3682250000000002,3,1.2907705297146006,FOREX
XAGUSD,D1,1,350,ltf_M5_zone,True,3,1,1,5R,2d,0,B,1.0,2022-12-16 11:18:00+01:00,2022-12-16 22:59:00+01:00,702.0,0.49797738,0.49089572,0.8775498810641658,22.7455,3,27.13324940532083,METALS
ETH,D1,1,275,ltf_M5_zone,True,4,1,-1,5R,2d,0,B,1.0,2022-12-16 15:28:00+01:00,2022-12-18 15:27:00+01:00,2880.0,-0.4832917,-0.49986744,76.6540521173547,1212.8331325,3,1596.1033930867734,CRYPTO
EURJPY,D1,1,380,ltf_M5_zone,True,3,1,1,5R,2d,0,B,1.0,2022-12-20 05:38:00+01:00,2022-12-20 07:05:00+01:00,88.0,-1.0019081,-1.0079675,1.048184119984029,141.504,2,146.74492059992014,FOREX
GBPUSD,D1,1,463,ltf_M5_zone,False,3,1,1,5R,2d,0,B,1.0,2022-12-21 19:48:00+01:00,2022-12-23 19:47:00+01:00,2880.0,-0.28944916,-0.29881787,0.016997803839051695,1.2079299999999997,3,1.2929190191952582,FOREX
EURGBP,D1,1,468,ltf_M5_zone,False,3,1,1,5R,2d,0,B,1.0,2023-01-09 11:23:00+01:00,2023-01-11 11:22:00+01:00,2880.0,0.8104786,0.79547566,0.008809609456122636,0.8783750000000001,3,0.9224230472806133,FOREX
BTC,D1,-1,312,ltf_M5_zone,True,3,-1,-1,5R,2d,0,B,1.0,2023-01-12 03:58:00+01:00,2023-01-12 18:37:00+01:00,880.0,-1.011933,-1.044758,305.03287348273443,18195.1400775,2,16669.975710086328,CRYPTO
GBPJPY,D1,1,416,ltf_M5_zone,True,3,-1,-1,5R,2d,0,B,1.0,2023-01-12 15:33:00+01:00,2023-01-13 22:59:00+01:00,1887.0,-0.6403185,-0.64404494,3.904306819330259,158.833,3,178.3545340966513,FOREX
GBPUSD,D1,-1,467,ltf_M5_zone,True,3,-1,1,5R,2d,0,B,1.0,2023-01-18 13:43:00+01:00,2023-01-20 13:42:00+01:00,2880.0,0.03378644,0.020476224,0.01213504627123041,1.2355900000000002,3,1.1749147686438481,FOREX
AUDUSD,D1,1,435,ltf_M5_zone,True,4,1,1,5R,2d,0,B,1.0,2023-02-03 18:43:00+01:00,2023-02-03 22:59:00+01:00,257.0,-0.379524,-0.38573024,0.010486820864547775,0.695855,3,0.7482891043227389,FOREX
USDJPY,D1,-1,384,ltf_M5_zone,True,3,-1,-1,5R,2d,0,B,1.0,2023-02-06 00:23:00+01:00,2023-02-08 00:22:00+01:00,2880.0,0.2669229,0.2570185,1.6971193378165594,131.5545,3,123.0689033109172,FOREX
SOL,D1,-1,135,ltf_M5_zone,False,3,-1,-1,5R,2d,0,B,1.0,2023-02-12 22:18:00+01:00,2023-02-14 22:17:00+01:00,2880.0,0.13885121,0.1324721,2.2972072615386274,22.054485,3,10.568448692306863,CRYPTO
XAUUSD,D1,-1,425,ltf_M5_zone,False,3,-1,-1,5R,2d,0,B,1.0,2023-03-01 10:23:00+01:00,2023-03-03 10:22:00+01:00,2880.0,-0.7624931,-0.782577,21.705114706503764,1830.25,3,1721.7244264674812,METALS
US500,D1,1,1695,ltf_M5_zone,True,4,1,1,5R,2d,0,B,1.0,2023-03-02 03:33:00+01:00,2023-03-03 22:14:00+01:00,2562.0,1.715636,1.6977478,64.32308393774156,3935.756,3,4257.371419688708,INDICES
BTC,D1,1,323,ltf_M5_zone,True,3,1,1,5R,2d,0,B,1.0,2023-03-08 07:38:00+01:00,2023-03-09 19:30:00+01:00,2153.0,-1.0052711,-1.0292423,835.4534233115883,22024.14466,2,26201.411776557943,CRYPTO
EURJPY,D1,1,395,ltf_M5_zone,True,3,1,1,5R,2d,0,B,1.0,2023-03-10 22:08:00+01:00,2023-03-10 22:59:00+01:00,52.0,0.084731944,0.07947104,1.1801924896292064,143.51399999999998,3,149.414962448146,FOREX
XAGUSD,D1,-1,366,ltf_M5_zone,False,3,-1,-1,5R,2d,0,B,1.0,2023-03-13 01:38:00+01:00,2023-03-13 14:00:00+01:00,743.0,-1.3310903,-1.3379459,0.7384923154628424,20.6255,2,16.933038422685787,METALS
XAGUSD,D1,-1,365,ltf_M5_zone,True,3,-1,-1,5R,2d,0,B,1.0,2023-03-13 18:58:00+01:00,2023-03-15 12:43:00+01:00,2506.0,-1.0318376,-1.0566194,0.31409460558743874,21.7515,2,20.181026972062806,METALS
XAUUSD,D1,-1,420,ltf_M5_zone,True,3,-1,1,5R,2d,0,B,1.0,2023-03-15 20:08:00+01:00,2023-03-17 16:00:00+01:00,2633.0,-1.050959,-1.0607314,43.020707236781845,1917.16,2,1702.0564638160909,METALS
GBPJPY,D1,1,423,ltf_M5_zone,True,3,1,1,5R,2d,0,B,1.0,2023-03-16 16:08:00+01:00,2023-03-17 20:59:00+01:00,1732.0,0.04265147,0.038438406,3.3058649570731404,160.48000000000002,3,177.00932478536572,FOREX
NAS100,D1,-1,1935,ltf_M5_zone,True,3,-1,1,5R,2d,0,B,1.0,2023-03-17 01:58:00+01:00,2023-03-17 21:14:00+01:00,1157.0,0.17032069,0.16755234,199.68213687589923,12566.939,3,11568.528315620504,INDICES
US500,D1,-1,1731,ltf_M5_zone,True,4,-1,-1,5R,2d,0,B,1.0,2023-03-23 00:08:00+01:00,2023-03-24 21:14:00+01:00,2707.0,-0.22479999,-0.22752312,149.01690830354892,3940.937,3,3195.8524584822553,INDICES
USDCAD,D1,1,457,ltf_M5_zone,False,3,1,1,5R,2d,0,B,1.0,2023-03-23 18:08:00+01:00,2023-03-24 21:59:00+01:00,1672.0,0.5373561,0.5278014,0.01310118172606023,1.3667449999999999,3,1.432250908630301,FOREX
GBPUSD,D1,1,487,ltf_M5_zone,True,3,1,1,5R,2d,0,B,1.0,2023-04-03 03:58:00+02:00,2023-04-05 03:57:00+02:00,2880.0,1.3750008,1.3626939,0.013090901058273152,1.2305799999999998,3,1.2960345052913655,FOREX
XAUUSD,D1,1,434,ltf_M5_zone,True,3,1,1,5R,2d,0,B,1.0,2023-04-14 19:58:00+02:00,2023-04-14 23:59:00+02:00,242.0,0.22718899,0.21978827,18.50001679717161,1999.07,3,2091.570083985858,METALS
DAX,D1,1,1250,ltf_M5_zone,True,4,1,1,5R,2d,0,B,1.0,2023-04-28 14:53:00+02:00,2023-04-28 22:58:00+02:00,486.0,0.7182327,0.71348184,50.415414333509034,4326.129,3,4578.206071667545,INDICES
GBPUSD,D1,1,494,ltf_M5_zone,True,3,1,1,5R,2d,0,B,1.0,2023-05-12 03:18:00+02:00,2023-05-12 22:59:00+02:00,1182.0,-0.66642374,-0.6770303,0.009633510515522525,1.2514399999999999,3,1.2996075525776125,FOREX
USDCHF,D1,-1,441,ltf_M5_zone,True,4,-1,-1,5R,2d,0,B,1.0,2023-05-18 18:53:00+02:00,2023-05-19 21:59:00+02:00,1627.0,0.6291873,0.61653113,0.00805801381888116,0.904735,3,0.8644449309055942,FOREX
NAS100,D1,1,2004,ltf_M5_zone,True,4,1,1,5R,2d,0,B,1.0,2023-06-08 02:38:00+02:00,2023-06-09 22:59:00+02:00,2662.0,1.9385852,1.9038506,125.06027524665114,14300.169,3,14925.470376233256,INDICES
USDCHF,D1,1,449,ltf_M5_zone,True,4,1,1,5R,2d,0,B,1.0,2023-06-09 01:08:00+02:00,2023-06-09 23:59:00+02:00,1372.0,0.57185054,0.5567737,0.006312838488665373,0.8990650000000001,3,0.930629192443327,FOREX
GBPUSD,D1,-1,496,ltf_M5_zone,True,3,-1,1,5R,2d,0,B,1.0,2023-06-13 20:43:00+02:00,2023-06-14 17:24:00+02:00,1242.0,-1.0022362,-1.0139366,0.008943713775219075,1.2605600000000001,2,1.2158414311239047,FOREX
EURUSD,D1,1,494,ltf_M5_zone,True,4,1,1,5R,2d,0,B,1.0,2023-06-23 09:03:00+02:00,2023-06-23 10:18:00+02:00,76.0,-1.0045049,-1.0185465,0.004439645678371296,1.09303,2,1.1152282283918564,FOREX
GBPUSD,D1,-1,502,ltf_M5_zone,True,3,-1,1,5R,2d,0,B,1.0,2023-06-30 18:58:00+02:00,2023-06-30 21:59:00+02:00,182.0,0.1879751,0.17812277,0.006756214435216901,1.2708000000000002,3,1.2370189278239156,FOREX
USDCAD,D1,1,476,ltf_M5_zone,True,4,1,-1,5R,2d,0,B,1.0,2023-07-11 06:23:00+02:00,2023-07-12 16:51:00+02:00,2069.0,-1.0028024,-1.0221748,0.007136826001333585,1.3259949999999998,2,1.3616791300066677,FOREX
XAGUSD,D1,-1,383,ltf_M5_zone,False,3,-1,-1,5R,2d,0,B,1.0,2023-07-13 03:38:00+02:00,2023-07-13 15:20:00+02:00,703.0,-1.0469136,-1.07119,0.213157837027957,24.0965,2,23.030710814860214,METALS
DAX,D1,1,1297,ltf_M5_zone,True,3,1,1,5R,2d,0,B,1.0,2023-08-02 12:13:00+02:00,2023-08-03 10:04:00+02:00,1312.0,-1.0408676,-1.0560775,42.73358250317233,4343.089,2,4556.756912515862,INDICES
USDCHF,D1,1,468,ltf_M5_zone,True,3,1,1,5R,2d,0,B,1.0,2023-08-29 21:08:00+02:00,2023-08-30 15:54:00+02:00,1127.0,-1.0074437,-1.0402855,0.0026868397737147554,0.8788150000000001,2,0.8922491988685739,FOREX
XAGUSD,D1,-1,398,ltf_M5_zone,True,3,-1,-1,5R,2d,0,B,1.0,2023-09-29 17:13:00+02:00,2023-09-29 23:59:00+02:00,407.0,0.7108631,0.70609814,0.9748712598846296,22.8845,3,18.01014370057685,METALS
GBPUSD,D1,-1,519,ltf_M5_zone,True,4,-1,-1,5R,2d,0,B,1.0,2023-10-05 20:13:00+02:00,2023-10-06 23:59:00+02:00,1667.0,-0.52547514,-0.5355792,0.011665632104905344,1.21714,3,1.1588118394754734,FOREX
EURUSD,D1,-1,510,ltf_M5_zone,True,4,-1,-1,5R,2d,0,B,1.0,2023-10-06 13:58:00+02:00,2023-10-06 23:59:00+02:00,602.0,-0.37601548,-0.38624817,0.007632664272597234,1.05544,3,1.0172766786370138,FOREX
EURJPY,D1,-1,435,ltf_M5_zone,True,3,-1,-1,5R,2d,0,B,1.0,2023-10-06 14:03:00+02:00,2023-10-06 23:59:00+02:00,597.0,-0.59172964,-0.5985109,1.279300514153789,157.29,3,150.89349742923105,FOREX
AUDUSD,D1,-1,468,ltf_M5_zone,True,3,-1,-1,5R,2d,0,B,1.0,2023-10-09 22:38:00+02:00,2023-10-11 22:37:00+02:00,2880.0,0.007759063,-0.0031685603,0.010310523066187516,0.641035,3,0.5894823846690624,FOREX
GBPJPY,D1,1,452,ltf_M5_zone,True,3,1,1,5R,2d,0,B,1.0,2023-10-17 14:43:00+02:00,2023-10-19 14:42:00+02:00,2880.0,-0.212627,-0.22270969,2.0787576945382966,182.07,3,192.46378847269148,FOREX
USDJPY,D1,1,433,ltf_M5_zone,True,3,1,1,5R,2d,0,B,1.0,2023-11-02 15:33:00+01:00,2023-11-03 21:59:00+01:00,1827.0,-0.60848653,-0.61628985,1.7732520941663097,150.3935,3,159.25976047083154,FOREX
XAUUSD,D1,-1,466,ltf_M5_zone,True,3,1,1,5R,2d,0,B,1.0,2023-11-16 17:53:00+01:00,2023-11-17 22:59:00+01:00,1747.0,-0.013591907,-0.024596885,28.178532755051037,1980.24,3,1839.3473362247448,METALS
ETH,D1,1,336,ltf_M5_zone,False,3,1,1,5R,2d,0,B,1.0,2023-11-17 18:13:00+01:00,2023-11-19 18:12:00+01:00,2880.0,0.45641,0.43455774,92.473434231282,1928.8821000000003,3,2391.24927115641,CRYPTO
EURJPY,D1,1,437,ltf_M5_zone,False,3,1,1,5R,2d,0,B,1.0,2023-12-04 17:03:00+01:00,2023-12-06 17:02:00+01:00,2880.0,-0.16757907,-0.18057162,1.4679637790948163,159.105,3,166.44481889547407,FOREX
GBPJPY,D1,1,454,ltf_M5_zone,False,3,1,1,5R,2d,0,B,1.0,2023-12-07 12:03:00+01:00,2023-12-07 18:46:00+01:00,404.0,-1.0011705,-1.0059102,1.7086370529509907,182.445,2,190.98818526475495,FOREX
USDJPY,D1,-1,442,ltf_M5_zone,True,3,-1,-1,5R,2d,0,B,1.0,2024-01-02 15:33:00+01:00,2024-01-03 12:50:00+01:00,1278.0,-1.0017713,-1.0116621,1.1290627510732065,141.7875,2,136.14218624463396,FOREX
USDCHF,D1,-1,485,ltf_M5_zone,True,4,-1,-1,5R,2d,0,B,1.0,2024-01-03 13:18:00+01:00,2024-01-05 13:17:00+01:00,2880.0,-0.03151197,-0.06304929,0.004125416305673868,0.853235,3,0.8326079184716306,FOREX
GBPJPY,D1,-1,462,ltf_M5_zone,True,3,-1,-1,5R,2d,0,B,1.0,2024-01-03 19:43:00+01:00,2024-01-04 10:16:00+01:00,874.0,-1.0019677,-1.0123204,1.016406201188346,181.523,2,176.44096899405827,FOREX
USDJPY,D1,-1,439,ltf_M5_zone,True,3,-1,-1,5R,2d,0,B,1.0,2024-01-16 19:28:00+01:00,2024-01-17 07:09:00+01:00,702.0,-1.0032085,-1.0175577,0.6233408629390169,147.1825,2,144.06579568530492,FOREX
GBPJPY,D1,1,467,ltf_M5_zone,True,3,1,1,5R,2d,0,B,1.0,2024-02-01 10:33:00+01:00,2024-02-02 22:59:00+01:00,2187.0,1.0482718,1.0373497,1.6102694951383398,185.739,3,193.7903474756917,FOREX
AUDUSD,D1,-1,487,ltf_M5_zone,True,4,-1,-1,5R,2d,0,B,1.0,2024-02-15 15:13:00+01:00,2024-02-16 22:59:00+01:00,1907.0,-0.39742482,-0.41973156,0.004277538630734545,0.651125,3,0.6297373068463272,FOREX
EURUSD,D1,-1,530,ltf_M5_zone,False,3,-1,-1,5R,2d,0,B,1.0,2024-02-15 16:43:00+01:00,2024-02-16 22:59:00+01:00,1817.0,-0.2442948,-0.27098036,0.00433901981494933,1.07646,3,1.0547649009252533,FOREX
NAS100,D1,1,2182,ltf_M5_zone,True,3,1,1,5R,2d,0,B,1.0,2024-03-05 18:33:00+01:00,2024-03-07 18:32:00+01:00,2880.0,2.1750846,2.1379428,158.7216366020548,17937.549,3,18731.157183010273,INDICES
US500,D1,1,1962,ltf_M5_zone,True,4,1,1,5R,2d,0,B,1.0,2024-03-05 18:33:00+01:00,2024-03-07 18:32:00+01:00,2880.0,1.3118067,1.2757291,46.37344797507012,5090.609,3,5322.476239875351,INDICES
USDJPY,D1,1,448,ltf_M5_zone,True,3,1,1,5R,2d,0,B,1.0,2024-03-08 13:38:00+01:00,2024-03-08 22:59:00+01:00,562.0,-0.091864266,-0.09730849,1.5348731894753485,147.1675,3,154.84186594737673,FOREX
AUDUSD,D1,1,489,ltf_M5_zone,True,3,1,1,5R,2d,0,B,1.0,2024-03-19 08:33:00+01:00,2024-03-21 08:32:00+01:00,2880.0,1.9030279,1.882937,0.005654147187636793,0.652325,3,0.680595735938184,FOREX
XAGUSD,D1,1,427,ltf_M5_zone,False,3,1,1,5R,2d,0,B,1.0,2024-03-22 01:23:00+01:00,2024-03-22 02:52:00+01:00,90.0,-1.0477338,-1.0682908,0.2094951784157466,24.8045,2,25.851975892078734,METALS
EURJPY,D1,-1,462,ltf_M5_zone,True,3,1,1,5R,2d,0,B,1.0,2024-04-03 18:58:00+02:00,2024-04-04 10:20:00+02:00,923.0,-1.0048243,-1.0297189,0.41457252566567604,164.202,2,162.12913737167162,FOREX
USDCHF,D1,1,501,ltf_M5_zone,True,4,1,1,5R,2d,0,B,1.0,2024-04-04 02:23:00+02:00,2024-04-05 23:59:00+02:00,2737.0,-0.41287938,-0.44169554,0.004529167826342606,0.9030650000000001,3,0.9257108391317131,FOREX
GBPUSD,D1,-1,544,ltf_M5_zone,True,4,-1,-1,5R,2d,0,B,1.0,2024-04-09 14:38:00+02:00,2024-04-11 14:37:00+02:00,2880.0,1.1249952,1.1116217,0.012275607450610071,1.2678200000000002,3,1.2064419627469498,FOREX
XAUUSD,D1,-1,492,ltf_M5_zone,False,3,-1,1,5R,2d,0,B,1.0,2024-05-01 23:03:00+02:00,2024-05-03 23:02:00+02:00,2880.0,0.13960716,0.12925586,51.35839842974792,2308.9300000000003,3,2052.1380078512607,METALS
USDCHF,D1,1,503,ltf_M5_zone,True,4,1,1,5R,2d,0,B,1.0,2024-05-02 00:53:00+02:00,2024-05-03 10:43:00+02:00,2031.0,-1.0021865,-1.0145524,0.009147111920942086,0.916765,2,0.9625005596047105,FOREX
USDCAD,D1,1,524,ltf_M5_zone,True,3,1,1,5R,2d,0,B,1.0,2024-05-02 22:38:00+02:00,2024-05-03 15:30:00+02:00,1013.0,-1.0032815,-1.0196075,0.006094743903609867,1.3677749999999997,2,1.398248719518049,FOREX
GBPUSD,D1,-1,547,ltf_M5_zone,True,3,-1,-1,5R,2d,0,B,1.0,2024-05-15 16:48:00+02:00,2024-05-17 16:47:00+02:00,2880.0,-0.41946378,-0.4356992,0.010084303459157784,1.2624000000000002,3,1.2119784827042113,FOREX
USDJPY,D1,1,457,ltf_M5_zone,True,3,1,1,5R,2d,0,B,1.0,2024-05-30 10:33:00+02:00,2024-05-31 23:59:00+02:00,2247.0,0.39133668,0.37765127,1.1729030978445394,156.8165,3,162.6810154892227,FOREX
XAUUSD,D1,-1,496,ltf_M5_zone,True,4,-1,-1,5R,2d,0,B,1.0,2024-06-21 01:13:00+02:00,2024-06-21 23:59:00+02:00,1367.0,1.2940614,1.2835423,27.919850542604763,2358.11,3,2218.5107472869763,METALS
DAX,D1,1,1484,ltf_M5_zone,True,3,1,1,5R,2d,0,B,1.0,2024-07-09 18:38:00+02:00,2024-07-11 18:37:00+02:00,2880.0,1.2551461,1.2305337,243.40671355405357,18228.427,3,19445.460567770268,INDICES
SOL,D1,-1,214,ltf_M5_zone,True,3,-1,-1,5R,2d,0,B,1.0,2024-07-10 07:38:00+02:00,2024-07-12 07:37:00+02:00,2880.0,0.6616714,0.6541688,12.76751559542842,144.16395,3,80.3263720228579,CRYPTO
BTC,D1,-1,407,ltf_M5_zone,True,3,-1,-1,5R,2d,0,B,1.0,2024-07-15 09:08:00+02:00,2024-07-16 00:11:00+02:00,904.0,-1.0086024,-1.0323247,1460.8486281679652,62818.2915,2,55514.04835916017,CRYPTO
EURJPY,D1,1,471,ltf_M5_zone,True,3,1,1,5R,2d,0,B,1.0,2024-07-17 12:13:00+02:00,2024-07-18 02:05:00+02:00,833.0,-1.0029769,-1.0179569,0.6718527775954897,171.173,2,174.53226388797745,FOREX
EURUSD,D1,-1,556,ltf_M5_zone,True,3,-1,-1,5R,2d,0,B,1.0,2024-07-31 17:23:00+02:00,2024-08-02 15:48:00+02:00,2786.0,-1.0049881,-1.0414346,0.004009543445221642,1.08371,2,1.0636622827738917,FOREX
XAGUSD,D1,-1,438,ltf_M5_zone,True,3,-1,-1,5R,2d,0,B,1.0,2024-08-12 14:43:00+02:00,2024-08-14 14:42:00+02:00,2880.0,-0.045537405,-0.05167505,1.559157867822421,27.857499999999998,3,20.061710660887893,METALS
DAX,D1,-1,1502,ltf_M5_zone,True,3,-1,-1,5R,2d,0,B,1.0,2024-08-16 13:38:00+02:00,2024-08-16 22:59:00+02:00,562.0,-0.093784906,-0.094929166,341.2062831570438,18289.527,3,16583.49558421478,INDICES
US500,D1,-1,2077,ltf_M5_zone,True,3,1,1,5R,2d,0,B,1.0,2024-08-21 17:58:00+02:00,2024-08-23 17:57:00+02:00,2880.0,-0.17628759,-0.18421918,77.39058572072463,5603.151,3,5216.198071396377,INDICES
EURUSD,D1,1,559,ltf_M5_zone,True,4,1,1,5R,2d,0,B,1.0,2024-09-10 19:38:00+02:00,2024-09-12 19:37:00+02:00,2880.0,0.120543234,0.10388684,0.009042398653565042,1.1028499999999999,3,1.148061993267825,FOREX
US500,D1,-1,2113,ltf_M5_zone,True,3,-1,1,5R,2d,0,B,1.0,2024-09-13 19:28:00+02:00,2024-09-13 23:14:00+02:00,227.0,-0.06514383,-0.06614355,48.35453958904054,5621.227,3,5379.454302054797,INDICES
BTC,D1,-1,419,ltf_M5_zone,True,3,-1,-1,5R,2d,0,B,1.0,2024-09-19 21:13:00+02:00,2024-09-21 21:12:00+02:00,2880.0,0.047994025,0.027790148,2085.718156544688,63420.121005,3,52991.53022227656,CRYPTO
GBPJPY,D1,-1,492,ltf_M5_zone,True,3,-1,-1,5R,2d,0,B,1.0,2024-09-20 13:23:00+02:00,2024-09-20 23:59:00+02:00,637.0,-0.19187376,-0.19522572,2.8247740238211634,191.096,3,176.9721298808942,FOREX
USDJPY,D1,-1,472,ltf_M5_zone,True,4,-1,-1,5R,2d,0,B,1.0,2024-09-27 09:28:00+02:00,2024-09-27 23:59:00+02:00,872.0,0.48886588,0.4862221,3.622670579782806,143.9245,3,125.81114710108596,FOREX
EURUSD,D1,1,568,ltf_M5_zone,True,3,1,1,5R,2d,0,B,1.0,2024-10-01 20:38:00+02:00,2024-10-03 20:37:00+02:00,2880.0,-0.33053097,-0.35279024,0.0067769745292656225,1.1057299999999999,3,1.139614872646328,FOREX
GBPUSD,D1,1,570,ltf_M5_zone,True,3,1,1,5R,2d,0,B,1.0,2024-10-03 18:13:00+02:00,2024-10-04 23:59:00+02:00,1787.0,-0.039400514,-0.04901209,0.01319779737634108,1.3115799999999997,3,1.3775689868817051,FOREX
BTC,D1,1,424,ltf_M5_zone,False,3,1,1,5R,2d,0,B,1.0,2024-10-10 21:03:00+02:00,2024-10-12 21:02:00+02:00,2880.0,1.3416997,1.3171824,2544.9568667250714,59558.87599749999,3,72283.66033112534,CRYPTO
GBPUSD,D1,-1,577,ltf_M5_zone,False,3,-1,-1,5R,2d,0,B,1.0,2024-11-01 16:53:00+01:00,2024-11-01 21:59:00+01:00,307.0,0.5673899,0.55763936,0.007314193906397426,1.2959700000000003,3,1.2593990304680132,FOREX
USDJPY,D1,1,484,ltf_M5_zone,True,4,1,1,5R,2d,0,B,1.0,2024-11-08 11:23:00+01:00,2024-11-08 22:59:00+01:00,697.0,0.19708097,0.19026543,1.3243287906219905,152.3435,3,158.96514395310996,FOREX
XAUUSD,D1,1,514,ltf_M5_zone,True,3,1,1,5R,2d,0,B,1.0,2024-11-11 17:38:00+01:00,2024-11-12 08:37:00+01:00,900.0,-1.0052373,-1.0260228,19.0938373811141,2617.91,2,2713.3791869055704,METALS
USDJPY,D1,1,485,ltf_M5_zone,True,3,1,1,5R,2d,0,B,1.0,2024-11-19 11:53:00+01:00,2024-11-21 11:52:00+01:00,2880.0,0.35180315,0.34190276,1.8817340714534225,153.7175,3,163.1261703572671,FOREX
SOL,D1,1,242,ltf_M5_zone,True,4,1,1,5R,2d,0,B,1.0,2024-11-24 14:18:00+01:00,2024-11-26 11:56:00+01:00,2739.0,-1.0024836,-1.0151632,19.9113805298675,247.321815,2,346.8787176493375,CRYPTO
USDCHF,D1,1,540,ltf_M5_zone,False,3,1,1,5R,2d,0,B,1.0,2024-11-26 14:28:00+01:00,2024-11-28 14:27:00+01:00,2880.0,-0.3822598,-0.40032735,0.007351021560624171,0.886225,3,0.9229801078031209,FOREX
USDJPY,D1,1,481,ltf_M5_zone,True,4,1,1,5R,2d,0,B,1.0,2024-11-29 03:38:00+01:00,2024-11-29 22:59:00+01:00,1162.0,-0.41395786,-0.42381388,1.113639897054668,150.1815,3,155.74969948527334,FOREX
XAGUSD,D1,-1,450,ltf_M5_zone,True,4,-1,-1,5R,2d,0,B,1.0,2024-12-09 16:58:00+01:00,2024-12-11 16:57:00+01:00,2880.0,-0.014147378,-0.023966482,1.0602671485838115,32.0655,3,26.764164257080942,METALS
EURJPY,D1,-1,494,ltf_M5_zone,True,3,-1,-1,5R,2d,0,B,1.0,2024-12-19 12:43:00+01:00,2024-12-20 22:58:00+01:00,2056.0,0.01886512,0.010706539,1.9082836503646092,163.16,3,153.61858174817695,FOREX
ETH,D1,1,398,ltf_M5_zone,True,4,1,1,5R,2d,0,B,1.0,2024-12-19 20:03:00+01:00,2024-12-20 11:12:00+01:00,910.0,-1.002378,-1.0103798,295.2077876850881,3510.8775,2,4986.91643842544,CRYPTO
EURJPY,D1,1,503,ltf_M5_zone,True,3,1,1,5R,2d,0,B,1.0,2025-01-02 17:38:00+01:00,2025-01-03 22:59:00+01:00,1762.0,0.2908336,0.28394386,2.049281830271383,161.54999999999998,3,171.7964091513569,FOREX
EURUSD,D1,-1,587,ltf_M5_zone,False,3,-1,-1,5R,2d,0,B,1.0,2025-01-06 13:28:00+01:00,2025-01-08 13:27:00+01:00,2880.0,2.024389,1.9985558,0.005631328766702692,1.04031,3,1.0121533561664866,FOREX
USDCAD,D1,-1,561,ltf_M5_zone,True,3,1,1,5R,2d,0,B,1.0,2025-01-08 16:58:00+01:00,2025-01-10 16:57:00+01:00,2880.0,-0.40873677,-0.42775428,0.00937033400898124,1.4386050000000001,3,1.391753329955094,FOREX
GBPJPY,D1,-1,513,ltf_M5_zone,False,3,-1,-1,5R,2d,0,B,1.0,2025-01-20 16:48:00+01:00,2025-01-22 16:47:00+01:00,2880.0,-0.5667838,-0.57837254,1.8754948033483743,191.505,3,182.12752598325812,FOREX
BTC,D1,1,450,ltf_M5_zone,True,3,1,1,5R,2d,0,B,1.0,2025-02-03 06:33:00+01:00,2025-02-05 06:32:00+01:00,2880.0,0.74537534,0.7269428,5332.429095620755,93821.4394975,3,120483.58497560378,CRYPTO
EURJPY,D1,-1,513,ltf_M5_zone,True,3,-1,-1,5R,2d,0,B,1.0,2025-02-12 06:08:00+01:00,2025-02-13 05:35:00+01:00,1408.0,-1.0010248,-1.0073725,1.9514940857154386,159.074,2,149.31652957142282,FOREX
GBPJPY,D1,-1,517,ltf_M5_zone,True,3,-1,-1,5R,2d,0,B,1.0,2025-02-12 17:18:00+01:00,2025-02-14 17:17:00+01:00,2880.0,0.03277332,0.020261597,1.7392195385445461,191.821,3,183.12490230727727,FOREX
USDCHF,D1,-1,554,ltf_M5_zone,True,4,-1,-1,5R,2d,0,B,1.0,2025-02-28 10:13:00+01:00,2025-02-28 22:59:00+01:00,767.0,-0.28623438,-0.3000591,0.005764506681560921,0.9008249999999999,3,0.8720024665921953,FOREX
EURJPY,D1,-1,515,ltf_M5_zone,True,3,-1,-1,5R,2d,0,B,1.0,2025-03-03 14:18:00+01:00,2025-03-05 00:13:00+01:00,2036.0,-1.0015643,-1.013445,1.278508171931236,158.231,2,151.83845914034382,FOREX
EURGBP,D1,-1,561,ltf_M5_zone,True,4,-1,-1,5R,2d,0,B,1.0,2025-03-04 16:08:00+01:00,2025-03-05 00:08:00+01:00,481.0,-1.0060833,-1.0277816,0.003287690315352698,0.8276149999999999,2,0.8111765484232364,FOREX
EURJPY,D1,1,517,ltf_M5_zone,True,3,1,1,5R,2d,0,B,1.0,2025-03-13 14:53:00+01:00,2025-03-14 21:59:00+01:00,1867.0,0.42540053,0.4188462,2.221435953489447,160.74099999999999,3,171.84817976744722,FOREX
GBPUSD,D1,1,602,ltf_M5_zone,False,3,1,1,5R,2d,0,B,1.0,2025-03-19 10:53:00+01:00,2025-03-21 10:52:00+01:00,2880.0,-0.51290476,-0.5322864,0.00859808770720294,1.2979699999999998,3,1.3409604385360145,FOREX
EURJPY,D1,1,518,ltf_M5_zone,True,4,1,1,5R,2d,0,B,1.0,2025-03-20 08:18:00+01:00,2025-03-21 21:59:00+01:00,2262.0,-0.077704765,-0.08632943,1.9046451129068203,161.59199999999998,3,171.1152255645341,FOREX
BTC,D1,-1,467,ltf_M5_zone,False,3,-1,-1,5R,2d,0,B,1.0,2025-04-09 22:28:00+02:00,2025-04-11 22:27:00+02:00,2880.0,-0.55861664,-0.57508105,3313.768518237688,82111.84690500001,3,65543.00431381157,CRYPTO
NAS100,D1,-1,2462,ltf_M5_zone,True,3,-1,-1,5R,2d,0,B,1.0,2025-04-10 02:53:00+02:00,2025-04-11 23:14:00+02:00,2662.0,0.6699357,0.6671428,693.7471721829315,19135.315,3,15666.579139085341,INDICES
AUDUSD,D1,-1,539,ltf_M5_zone,True,3,-1,-1,5R,2d,0,B,1.0,2025-04-10 18:58:00+02:00,2025-04-11 23:59:00+02:00,1742.0,-0.44221088,-0.4464314,0.021505576636806745,0.619175,3,0.5116471168159663,FOREX
NAS100,D1,-1,2456,ltf_M5_zone,True,3,-1,-1,5R,2d,0,B,1.0,2025-05-02 20:13:00+02:00,2025-05-02 23:14:00+02:00,182.0,0.022353353,0.021858225,279.8237857818822,20116.381,3,18717.26207109059,INDICES
EURUSD,D1,1,605,ltf_M5_zone,True,3,1,1,5R,2d,0,B,1.0,2025-05-12 11:38:00+02:00,2025-05-14 11:37:00+02:00,2880.0,0.45188197,0.44555235,0.02392217500377547,1.11265,3,1.2322608750188773,FOREX
USDCHF,D1,-1,560,ltf_M5_zone,True,3,-1,-1,5R,2d,0,B,1.0,2025-05-12 14:58:00+02:00,2025-05-14 14:57:00+02:00,2880.0,0.33894584,0.331644,0.017701943827787447,0.842915,3,0.7544052808610627,FOREX
EURGBP,D1,-1,572,ltf_M5_zone,True,3,-1,-1,5R,2d,0,B,1.0,2025-05-29 21:53:00+02:00,2025-05-30 23:59:00+02:00,1567.0,-0.16874345,-0.19162947,0.0042668323617750525,0.842455,3,0.8211208381911247,FOREX
ETH,D1,1,439,ltf_M5_zone,True,3,1,1,5R,2d,0,B,1.0,2025-07-04 19:08:00+02:00,2025-07-06 19:07:00+02:00,2880.0,0.4089915,0.389146,131.529672527417,2491.5927424999995,3,3149.2411051370846,CRYPTO
GBPJPY,D1,1,534,ltf_M5_zone,True,3,1,1,5R,2d,0,B,1.0,2025-08-01 20:58:00+02:00,2025-08-01 23:59:00+02:00,182.0,0.059555393,0.055113893,1.5783624965717138,195.585,3,203.47681248285858,FOREX
EURJPY,D1,-1,537,ltf_M5_zone,True,3,-1,1,5R,2d,0,B,1.0,2025-08-12 08:23:00+02:00,2025-08-14 08:22:00+02:00,2880.0,0.6201225,0.6067373,1.506154021493927,172.342,3,164.81122989253038,FOREX
GBPUSD,D1,-1,625,ltf_M5_zone,True,3,-1,-1,5R,2d,0,B,1.0,2025-08-12 20:08:00+02:00,2025-08-14 20:07:00+02:00,2880.0,-0.23720373,-0.25598308,0.009106096328369562,1.35105,3,1.3055195183581523,FOREX
EURGBP,D1,-1,583,ltf_M5_zone,True,3,-1,-1,5R,2d,0,B,1.0,2025-09-02 16:03:00+02:00,2025-09-04 16:02:00+02:00,2880.0,1.1398817,1.1023064,0.0035003631262870982,0.870555,3,0.8530531843685645,FOREX
BTC,D1,-1,495,ltf_M5_zone,True,4,-1,-1,5R,2d,0,B,1.0,2025-09-02 17:43:00+02:00,2025-09-04 17:42:00+02:00,2880.0,0.4587776,0.4351733,3124.5575629335362,110998.2435,3,95375.45568533232,CRYPTO
USDCAD,D1,1,594,ltf_M5_zone,False,3,1,1,5R,2d,0,B,1.0,2025-10-08 17:03:00+02:00,2025-10-10 17:02:00+02:00,2880.0,0.7288116,0.7004725,0.006160714242469778,1.3946549999999998,3,1.4254585712123486,FOREX
USDCHF,D1,-1,580,ltf_M5_zone,True,3,-1,-1,5R,2d,0,B,1.0,2025-10-08 21:48:00+02:00,2025-10-10 21:47:00+02:00,2880.0,0.095946535,0.076144405,0.006357707510917909,0.8020149999999999,3,0.7702264624454104,FOREX
XAUUSD,D1,-1,568,ltf_M5_zone,True,3,-1,1,5R,2d,0,B,1.0,2025-11-13 07:08:00+01:00,2025-11-14 22:59:00+01:00,2392.0,0.65230244,0.64833754,193.9069842136978,4208.73,3,3239.1950789315106,METALS
USDCHF,D1,1,588,ltf_M5_zone,True,3,1,1,5R,2d,0,B,1.0,2025-11-13 12:23:00+01:00,2025-11-13 18:09:00+01:00,347.0,-1.004508,-1.0198033,0.004436580557836245,0.7958550000000001,2,0.8180379027891813,FOREX
US500,D1,-1,2419,ltf_M5_zone,True,3,-1,-1,5R,2d,0,B,1.0,2025-11-26 18:13:00+01:00,2025-11-28 18:12:00+01:00,2880.0,-0.2544864,-0.26482484,72.30248194795968,6823.245,3,6461.7325902602015,INDICES
USDCAD,D1,1,599,ltf_M5_zone,True,3,1,1,5R,2d,0,B,1.0,2025-11-28 17:23:00+01:00,2025-11-28 22:59:00+01:00,337.0,0.13194674,0.12352632,0.00871563733810321,1.3963249999999998,3,1.4399031866905159,FOREX
EURGBP,D1,-1,601,ltf_M5_zone,True,3,-1,-1,5R,2d,0,B,1.0,2025-12-12 17:43:00+01:00,2025-12-12 22:59:00+01:00,317.0,0.48434862,0.4533116,0.0021885062478332884,0.8787449999999999,3,0.8678024687608334,FOREX
USDCAD,D1,-1,611,ltf_M5_zone,True,4,-1,-1,5R,2d,0,B,1.0,2026-01-05 06:48:00+01:00,2026-01-07 01:03:00+01:00,2536.0,-1.0040562,-1.036426,0.004930639988126151,1.3767650000000002,2,1.3521118000593695,FOREX
ETH,D1,-1,464,ltf_M5_zone,True,3,-1,-1,5R,2d,0,B,1.0,2026-01-06 16:43:00+01:00,2026-01-08 16:42:00+01:00,2880.0,0.7171177,0.70727295,220.28139606098557,3263.78385,3,2162.376869695072,CRYPTO
EURUSD,D1,1,645,ltf_M5_zone,True,4,1,1,5R,2d,0,B,1.0,2026-01-08 16:03:00+01:00,2026-01-09 22:59:00+01:00,1857.0,-0.5582702,-0.5791235,0.005839465921189113,1.16621,3,1.1954073296059455,FOREX
EURJPY,D1,1,559,ltf_M5_zone,True,3,1,1,5R,2d,0,B,1.0,2026-01-16 18:18:00+01:00,2026-01-16 22:59:00+01:00,282.0,-0.0920491,-0.09986361,0.9560115422895876,183.40099999999998,3,188.18105771144792,FOREX
GBPJPY,D1,1,557,ltf_M5_zone,True,3,1,1,5R,2d,0,B,1.0,2026-01-19 00:13:00+01:00,2026-01-21 00:12:00+01:00,2880.0,1.8547205,1.828074,0.8756036649089651,210.942,3,215.32001832454483,FOREX
EURJPY,D1,1,561,ltf_M5_zone,True,3,1,1,5R,2d,0,B,1.0,2026-01-23 20:28:00+01:00,2026-01-23 22:59:00+01:00,152.0,-0.10595822,-0.11137085,1.2552116409680139,184.24699999999999,3,190.52305820484005,FOREX
XAUUSD,D1,1,580,ltf_M5_zone,True,4,1,1,5R,2d,0,B,1.0,2026-02-02 02:43:00+01:00,2026-02-02 06:52:00+01:00,250.0,-1.0005507,-1.0018315,181.5850567467769,4701.3330000000005,2,5609.258283733885,METALS
XAGUSD,D1,-1,516,ltf_M5_zone,True,3,-1,-1,5R,2d,0,B,1.0,2026-02-09 19:03:00+01:00,2026-02-11 19:02:00+01:00,2880.0,-0.16052978,-0.16228773,11.680076530824692,82.69449999999999,3,24.29411734587653,METALS
EURGBP,D1,1,609,ltf_M5_zone,True,3,1,1,5R,2d,0,B,1.0,2026-03-02 16:33:00+01:00,2026-03-03 15:21:00+01:00,1369.0,-1.0052266,-1.0298216,0.0038265965279763448,0.873835,2,0.8929679826398818,FOREX
BTC,D1,1,536,ltf_M5_zone,True,3,1,1,5R,2d,0,B,1.0,2026-03-22 14:08:00+01:00,2026-03-24 14:07:00+01:00,2880.0,0.5178163,0.49903518,3841.0319124397647,68859.2105,3,88064.37006219882,CRYPTO
US500,D1,-1,2503,ltf_M5_zone,True,3,-1,-1,5R,2d,0,B,1.0,2026-03-23 13:03:00+01:00,2026-03-25 13:02:00+01:00,2880.0,-0.22110654,-0.22482322,194.02410419981334,6582.551,3,5612.430479000934,INDICES
ETH,D1,1,479,ltf_M5_zone,True,3,1,1,5R,2d,0,B,1.0,2026-03-27 16:03:00+01:00,2026-03-29 17:02:00+02:00,2880.0,0.045315262,0.0244681,100.06793982406839,1991.2876975,3,2491.6273966203416,CRYPTO
ETH,D1,-1,481,ltf_M5_zone,True,3,-1,-1,5R,2d,0,B,1.0,2026-04-01 09:53:00+02:00,2026-04-03 09:52:00+02:00,2880.0,0.7570573,0.7411203,88.94056563526374,2133.2565525,3,1688.5537243236813,CRYPTO
SOL,D1,-1,336,ltf_M5_zone,True,3,-1,-1,5R,2d,0,B,1.0,2026-04-17 17:53:00+02:00,2026-04-19 17:52:00+02:00,2880.0,0.81094044,0.79804784,4.630506585594702,89.84753250000001,3,66.6949995720265,CRYPTO
ETH,D1,1,487,ltf_M5_zone,False,3,1,1,5R,2d,0,B,1.0,2026-04-19 02:13:00+02:00,2026-04-20 00:00:00+02:00,1308.0,-1.0052086,-1.0247078,90.35067033640507,2353.5882500000002,2,2805.3416016820256,CRYPTO
ETH,D1,-1,494,ltf_M5_zone,False,3,-1,-1,5R,2d,0,B,1.0,2026-05-24 02:13:00+02:00,2026-05-26 02:12:00+02:00,2880.0,0.06485365,0.04082037,58.473728159015536,2115.0011175,3,1822.6324767049223,CRYPTO
BTC,D1,-1,550,ltf_M5_zone,False,3,-1,-1,5R,2d,0,B,1.0,2026-05-24 02:28:00+02:00,2026-05-26 02:27:00+02:00,2880.0,-0.26617473,-0.2921981,1957.3191964907892,76658.71053000001,3,66872.11454754607,CRYPTO
USDJPY,D1,-1,554,ltf_M5_zone,True,3,-1,-1,5R,2d,0,B,1.0,2026-05-27 18:38:00+02:00,2026-05-29 18:37:00+02:00,2880.0,0.20384732,0.18851852,1.246030620798905,159.4405,3,153.21034689600546,FOREX
USDCAD,D1,1,628,ltf_M5_zone,False,3,1,1,5R,2d,0,B,1.0,2026-05-28 23:44:00+02:00,2026-05-29 23:59:00+02:00,1456.0,0.108046666,0.08994991,0.006478682282500925,1.3785549999999998,3,1.4109484114125044,FOREX
GBPJPY,D1,-1,565,ltf_M5_zone,True,3,-1,1,5R,2d,0,B,1.0,2026-06-02 19:48:00+02:00,2026-06-04 19:47:00+02:00,2880.0,0.34419602,0.3244479,1.1998976402013568,215.373,3,209.3735117989932,FOREX
US500,D1,1,2530,ltf_M5_zone,True,3,1,1,5R,2d,0,B,1.0,2026-06-09 20:18:00+02:00,2026-06-11 20:17:00+02:00,2880.0,-0.24130681,-0.2571352,151.71142192969637,7306.645,3,8065.202109648482,INDICES
SOL,D1,-1,354,ltf_M5_zone,True,3,-1,-1,5R,2d,0,B,1.0,2026-07-02 14:23:00+02:00,2026-07-04 06:41:00+02:00,2419.0,-1.0081176,-1.0340117,2.0173582299139525,81.85953,2,71.77273885043024,CRYPTO
EURGBP,D1,-1,629,ltf_M5_zone,True,4,-1,-1,5R,2d,0,B,1.0,2026-07-21 17:13:00+02:00,2026-07-23 17:12:00+02:00,2880.0,-0.35432518,-0.40282473,0.002681152942378473,0.852385,3,0.8389792352881076,FOREX
AUDUSD,D1,1,599,ltf_M5_zone,True,3,1,1,5R,2d,0,B,1.0,2026-09-02 08:18:00+02:00,2026-09-04 08:17:00+02:00,2880.0,1.5288473,1.5030417,0.004598235524274963,0.713945,3,0.7369361776213749,FOREX
XAGUSD,D1,-1,541,ltf_M5_zone,True,3,-1,-1,5R,2d,0,B,1.0,2026-09-17 17:58:00+02:00,2026-09-18 23:59:00+02:00,1802.0,-0.22930734,-0.2329665,3.3317729089041848,65.49549999999999,3,48.83663545547907,METALS
USDJPY,D1,1,566,ltf_M5_zone,True,3,1,1,5R,2d,0,B,1.0,2026-09-30 06:48:00+02:00,2026-09-30 23:00:00+02:00,973.0,0.29835254,0.29254746,1.7831254946707986,156.85750000000002,4,165.773127473354,FOREX
