n,per_day,wr,gross,net,lo,hi,pf,maxdd,hold_min,tf,q,cfg
513,0.7880,0.3996,-0.0936,-0.5749,-0.6389,-0.5109,0.1541,295.2687,2.0604,M5,base,E1|tp0.3|1h
513,0.7880,0.4016,-0.0945,-0.5822,-0.6496,-0.5147,0.1586,299.0069,2.4172,M5,base,E1|tp0.3|3h
513,0.7880,0.3509,-0.0688,-0.5700,-0.6398,-0.5002,0.2189,292.9672,3.0253,M5,base,E1|tp0.5|1h
513,0.7880,0.3528,-0.0717,-0.5793,-0.6523,-0.5063,0.2213,297.7378,3.4483,M5,base,E1|tp0.5|3h
513,0.7880,0.2534,-0.0408,-0.6040,-0.6855,-0.5226,0.2806,310.6409,4.8889,M5,base,E1|tp1.0|1h
513,0.7880,0.2534,-0.0493,-0.6129,-0.6974,-0.5284,0.2843,315.1842,5.3762,M5,base,E1|tp1.0|3h
513,0.7880,0.1852,0.0059,-0.5899,-0.6920,-0.4879,0.3552,305.5755,7.6940,M5,base,E1|tp2.0|1h
513,0.7880,0.1774,-0.0025,-0.6035,-0.7093,-0.4976,0.3610,312.3466,9.8012,M5,base,E1|tp2.0|3h
249,0.3825,0.5341,-0.0580,-0.2341,-0.3132,-0.1550,0.4194,59.1325,16.0161,M5,base,E2|tp0.3|1h
272,0.4178,0.5625,-0.0593,-0.2408,-0.3208,-0.1607,0.4323,66.8853,21.4963,M5,base,E2|tp0.3|3h
249,0.3825,0.4337,-0.0987,-0.2789,-0.3693,-0.1885,0.4347,71.4954,20.3976,M5,base,E2|tp0.5|1h
272,0.4178,0.4779,-0.0815,-0.2540,-0.3474,-0.1605,0.5022,70.6791,27.0699,M5,base,E2|tp0.5|3h
249,0.3825,0.3574,-0.0822,-0.2489,-0.3580,-0.1398,0.5432,65.6944,26.8916,M5,base,E2|tp1.0|1h
272,0.4178,0.3897,-0.0232,-0.2115,-0.3280,-0.0949,0.6433,64.4993,41.7316,M5,base,E2|tp1.0|3h
249,0.3825,0.2972,-0.1005,-0.2910,-0.4124,-0.1696,0.5074,79.3770,32.9880,M5,base,E2|tp2.0|1h
272,0.4178,0.2904,-0.0651,-0.2464,-0.3909,-0.1018,0.6435,82.5687,62.4853,M5,base,E2|tp2.0|3h
286,0.4393,0.5385,-0.1064,-0.3625,-0.4491,-0.2760,0.2255,103.8785,5.7657,M5,base,E3|tp0.3|1h
385,0.5914,0.5792,-0.0937,-0.3145,-0.3911,-0.2379,0.2809,121.0844,11.0935,M5,base,E3|tp0.3|3h
286,0.4393,0.5105,-0.0591,-0.3480,-0.4447,-0.2513,0.3483,99.9210,9.7168,M5,base,E3|tp0.5|1h
385,0.5914,0.5429,-0.0376,-0.3119,-0.3978,-0.2259,0.4001,120.0631,17.8130,M5,base,E3|tp0.5|3h
286,0.4393,0.4301,-0.0250,-0.3324,-0.4546,-0.2102,0.5008,97.3671,16.4406,M5,base,E3|tp1.0|1h
385,0.5914,0.4571,-0.0334,-0.2972,-0.4049,-0.1896,0.5510,115.5430,30.6805,M5,base,E3|tp1.0|3h
286,0.4393,0.3566,0.0278,-0.3056,-0.4580,-0.1532,0.5964,93.0807,25.2657,M5,base,E3|tp2.0|1h
385,0.5914,0.3740,0.0565,-0.2414,-0.4037,-0.0790,0.7013,99.4831,51.1351,M5,base,E3|tp2.0|3h
162,0.2488,0.3951,-0.0674,-0.5579,-0.6680,-0.4479,0.1513,90.9277,1.7963,M5,Q1,E1|tp0.3|1h
162,0.2488,0.3951,-0.0863,-0.5769,-0.6944,-0.4594,0.1471,93.9937,2.1728,M5,Q1,E1|tp0.3|3h
162,0.2488,0.3333,-0.0432,-0.5700,-0.6905,-0.4496,0.2089,92.8175,2.6914,M5,Q1,E1|tp0.5|1h
162,0.2488,0.3333,-0.0685,-0.5953,-0.7225,-0.4681,0.2018,96.9159,3.2778,M5,Q1,E1|tp0.5|3h
162,0.2488,0.2407,-0.0015,-0.5986,-0.7407,-0.4565,0.2761,98.5559,4.3580,M5,Q1,E1|tp1.0|1h
162,0.2488,0.2407,-0.0365,-0.6239,-0.7717,-0.4762,0.2679,102.6543,4.9444,M5,Q1,E1|tp1.0|3h
162,0.2488,0.1852,0.0327,-0.5778,-0.7557,-0.3999,0.3527,99.0357,7.7963,M5,Q1,E1|tp2.0|1h
162,0.2488,0.1728,0.0178,-0.6013,-0.7879,-0.4147,0.3546,102.8529,10.0926,M5,Q1,E1|tp2.0|3h
74,0.1137,0.5811,0.0152,-0.1666,-0.3075,-0.0258,0.5226,13.8166,19.5811,M5,Q1,E2|tp0.3|1h
82,0.1260,0.5976,-0.0231,-0.2021,-0.3447,-0.0594,0.4808,18.3281,25.6951,M5,Q1,E2|tp0.3|3h
74,0.1137,0.4189,-0.0924,-0.2699,-0.4337,-0.1062,0.4376,21.8580,25.3378,M5,Q1,E2|tp0.5|1h
82,0.1260,0.4756,-0.1119,-0.2639,-0.4310,-0.0968,0.4800,23.5274,33.0122,M5,Q1,E2|tp0.5|3h
74,0.1137,0.3378,-0.1067,-0.2487,-0.4434,-0.0540,0.5310,21.7908,31.6892,M5,Q1,E2|tp1.0|1h
82,0.1260,0.3902,-0.0227,-0.1981,-0.4117,0.0155,0.6625,19.6288,44.7683,M5,Q1,E2|tp1.0|3h
74,0.1137,0.2973,-0.1046,-0.2700,-0.4847,-0.0554,0.5155,25.5483,37.7297,M5,Q1,E2|tp2.0|1h
82,0.1260,0.2805,-0.1093,-0.2586,-0.5230,0.0059,0.6290,27.6702,66.0244,M5,Q1,E2|tp2.0|3h
80,0.1229,0.5875,-0.0655,-0.3143,-0.4759,-0.1527,0.2790,25.8034,3.6250,M5,Q1,E3|tp0.3|1h
120,0.1843,0.5917,-0.1191,-0.3381,-0.4886,-0.1876,0.2717,41.2374,9.5583,M5,Q1,E3|tp0.3|3h
80,0.1229,0.5500,0.0191,-0.3213,-0.5096,-0.1330,0.3924,26.6093,7.1750,M5,Q1,E3|tp0.5|1h
120,0.1843,0.5167,-0.0745,-0.3961,-0.5617,-0.2305,0.3278,48.0331,16.9750,M5,Q1,E3|tp0.5|3h
80,0.1229,0.4125,0.0029,-0.3254,-0.5597,-0.0912,0.5149,30.9417,15.0750,M5,Q1,E3|tp1.0|1h
120,0.1843,0.4167,-0.0940,-0.3758,-0.5720,-0.1796,0.4709,48.6181,29.3167,M5,Q1,E3|tp1.0|3h
80,0.1229,0.3000,-0.0314,-0.3890,-0.6657,-0.1123,0.5104,35.8870,24.3875,M5,Q1,E3|tp2.0|1h
120,0.1843,0.2917,-0.1795,-0.4759,-0.7070,-0.2447,0.4568,62.0857,48.9917,M5,Q1,E3|tp2.0|3h
40,0.0614,0.2750,-0.1188,-0.6484,-0.8591,-0.4377,0.1150,26.9445,2.6000,M5,Q2,E1|tp0.3|1h
40,0.0614,0.2750,-0.1955,-0.7251,-0.9913,-0.4589,0.1041,30.0106,4.1250,M5,Q2,E1|tp0.3|3h
40,0.0614,0.2500,-0.0932,-0.6322,-0.8629,-0.4015,0.1680,25.3445,3.1750,M5,Q2,E1|tp0.5|1h
40,0.0614,0.2500,-0.1698,-0.7088,-0.9916,-0.4261,0.1526,28.4106,4.7000,M5,Q2,E1|tp0.5|3h
40,0.0614,0.1750,-0.1297,-0.6665,-0.9256,-0.4073,0.2050,27.7150,5.6750,M5,Q2,E1|tp1.0|1h
40,0.0614,0.1750,-0.2455,-0.7431,-1.0487,-0.4376,0.1879,30.7811,7.2000,M5,Q2,E1|tp1.0|3h
40,0.0614,0.1500,-0.0028,-0.6146,-0.9454,-0.2839,0.2913,27.6425,8.0250,M5,Q2,E1|tp2.0|1h
40,0.0614,0.1500,-0.0453,-0.6732,-1.0481,-0.2982,0.2869,29.9826,12.5500,M5,Q2,E1|tp2.0|3h
17,0.0261,0.5294,0.0808,-0.2292,-0.5334,0.0749,0.4136,3.8966,18.1176,M5,Q2,E2|tp0.3|1h
17,0.0261,0.5294,0.1257,-0.2292,-0.5343,0.0759,0.4137,3.8962,25.2353,M5,Q2,E2|tp0.3|3h
17,0.0261,0.2941,-0.3083,-0.4078,-0.7323,-0.0832,0.2565,6.9325,28.2941,M5,Q2,E2|tp0.5|1h
17,0.0261,0.3529,-0.2553,-0.3488,-0.6961,-0.0014,0.3427,5.9288,44.1176,M5,Q2,E2|tp0.5|3h
17,0.0261,0.2353,-0.1800,-0.4518,-0.8107,-0.0928,0.2599,7.6802,32.8824,M5,Q2,E2|tp1.0|1h
17,0.0261,0.2353,-0.1003,-0.4366,-0.8427,-0.0306,0.3340,7.4229,56.9412,M5,Q2,E2|tp1.0|3h
17,0.0261,0.1765,-0.3933,-0.6121,-0.8892,-0.3351,0.0878,10.4065,36.2941,M5,Q2,E2|tp2.0|1h
17,0.0261,0.1176,-0.3040,-0.5875,-0.9977,-0.1772,0.2168,10.2106,70.3529,M5,Q2,E2|tp2.0|3h
24,0.0369,0.5417,-0.1288,-0.3768,-0.6946,-0.0590,0.2163,9.2881,2.7500,M5,Q2,E3|tp0.3|1h
32,0.0492,0.5312,-0.1133,-0.3648,-0.6285,-0.1010,0.2242,12.1957,6.9062,M5,Q2,E3|tp0.3|3h
24,0.0369,0.5833,-0.0416,-0.4375,-0.8321,-0.0430,0.3071,10.9584,7.0417,M5,Q2,E3|tp0.5|1h
32,0.0492,0.5312,-0.0874,-0.4573,-0.7746,-0.1400,0.2755,14.6452,17.1562,M5,Q2,E3|tp0.5|3h
24,0.0369,0.3750,-0.1553,-0.5467,-1.0155,-0.0778,0.3664,14.5772,14.2083,M5,Q2,E3|tp1.0|1h
32,0.0492,0.3438,-0.1955,-0.5805,-0.9539,-0.2071,0.3171,19.0879,31.9375,M5,Q2,E3|tp1.0|3h
24,0.0369,0.2500,-0.3779,-0.6273,-1.1509,-0.1037,0.3503,16.5666,19.6250,M5,Q2,E3|tp2.0|1h
32,0.0492,0.2500,-0.3738,-0.5800,-1.0400,-0.1199,0.3979,20.0706,44.0312,M5,Q2,E3|tp2.0|3h
34,0.0522,0.2059,-0.0664,-0.7368,-0.9392,-0.5344,0.0652,25.2529,1.7059,M5,Q3,E1|tp0.3|1h
34,0.0522,0.2059,-0.0664,-0.7368,-0.9392,-0.5344,0.0652,25.2529,1.7059,M5,Q3,E1|tp0.3|3h
34,0.0522,0.1765,-0.1311,-0.7422,-0.9593,-0.5250,0.0968,25.6355,2.0000,M5,Q3,E1|tp0.5|1h
34,0.0522,0.1765,-0.1311,-0.7422,-0.9593,-0.5250,0.0968,25.6355,2.0000,M5,Q3,E1|tp0.5|3h
34,0.0522,0.1471,-0.0997,-0.7163,-0.9769,-0.4556,0.1641,25.2551,3.1765,M5,Q3,E1|tp1.0|1h
34,0.0522,0.1471,-0.1458,-0.7163,-0.9769,-0.4556,0.1641,25.2551,3.1765,M5,Q3,E1|tp1.0|3h
34,0.0522,0.1176,-0.1797,-0.7129,-1.0228,-0.4030,0.1980,26.1400,5.2059,M5,Q3,E1|tp2.0|1h
34,0.0522,0.1176,-0.2045,-0.6915,-1.0109,-0.3722,0.2220,25.4141,8.7353,M5,Q3,E1|tp2.0|3h
13,0.0200,0.6923,0.1640,-0.0051,-0.3226,0.3124,0.9785,1.4748,18.4615,M5,Q3,E2|tp0.3|1h
15,0.0230,0.6000,0.0325,-0.1655,-0.5114,0.1804,0.5478,3.0210,28.7333,M5,Q3,E2|tp0.3|3h
13,0.0200,0.4615,-0.1436,-0.2224,-0.6594,0.2145,0.5390,2.8916,27.6923,M5,Q3,E2|tp0.5|1h
15,0.0230,0.4000,-0.2819,-0.3539,-0.7680,0.0603,0.3891,5.3079,36.7333,M5,Q3,E2|tp0.5|3h
13,0.0200,0.3077,-0.2423,-0.3369,-0.8126,0.1387,0.4316,4.8658,37.6923,M5,Q3,E2|tp1.0|1h
15,0.0230,0.3333,-0.2401,-0.3177,-0.8121,0.1768,0.5015,4.7649,62.0000,M5,Q3,E2|tp1.0|3h
13,0.0200,0.3077,-0.2006,-0.3068,-0.8176,0.2040,0.4824,4.3041,39.8462,M5,Q3,E2|tp2.0|1h
15,0.0230,0.3333,-0.4090,-0.4999,-0.8739,-0.1259,0.2155,7.4989,87.2667,M5,Q3,E2|tp2.0|3h
18,0.0276,0.4444,-0.1263,-0.3676,-0.6956,-0.0396,0.2201,6.9239,3.8889,M5,Q3,E3|tp0.3|1h
21,0.0323,0.4762,-0.1145,-0.3276,-0.6308,-0.0244,0.2687,7.9674,13.9524,M5,Q3,E3|tp0.3|3h
18,0.0276,0.4444,-0.1616,-0.4141,-0.7797,-0.0484,0.2686,8.1606,8.5556,M5,Q3,E3|tp0.5|1h
21,0.0323,0.5238,-0.1257,-0.3479,-0.6885,-0.0074,0.3420,9.2040,18.3333,M5,Q3,E3|tp0.5|3h
18,0.0276,0.3333,-0.1813,-0.4745,-0.9128,-0.0363,0.3357,9.7747,17.3333,M5,Q3,E3|tp1.0|1h
21,0.0323,0.4762,-0.0709,-0.3262,-0.7577,0.1053,0.4928,10.4752,41.3810,M5,Q3,E3|tp1.0|3h
18,0.0276,0.1667,-0.3479,-0.7137,-1.2090,-0.2185,0.2447,14.0178,23.6667,M5,Q3,E3|tp2.0|1h
21,0.0323,0.2857,-0.2137,-0.5333,-1.0753,0.0088,0.4034,13.3616,53.8095,M5,Q3,E3|tp2.0|3h
18,0.0276,0.2778,-0.2186,-0.6862,-0.9812,-0.3913,0.0895,12.3523,2.3889,M5,Q4,E1|tp0.3|1h
18,0.0276,0.2778,-0.2186,-0.6862,-0.9812,-0.3913,0.0895,12.3523,2.3889,M5,Q4,E1|tp0.3|3h
18,0.0276,0.1667,-0.1906,-0.8057,-1.0932,-0.5182,0.0839,14.5026,3.2778,M5,Q4,E1|tp0.5|1h
18,0.0276,0.1667,-0.1906,-0.8057,-1.0932,-0.5182,0.0839,14.5026,3.2778,M5,Q4,E1|tp0.5|3h
18,0.0276,0.1667,-0.3840,-0.7226,-1.0932,-0.3521,0.1783,13.0075,3.9444,M5,Q4,E1|tp1.0|1h
18,0.0276,0.1667,-0.4241,-0.7226,-1.0932,-0.3521,0.1783,13.0075,3.9444,M5,Q4,E1|tp1.0|3h
18,0.0276,0.1667,-0.3116,-0.6579,-1.1246,-0.1912,0.2519,11.8422,6.8333,M5,Q4,E1|tp2.0|1h
18,0.0276,0.1667,-0.2571,-0.6176,-1.1058,-0.1293,0.2978,11.4647,13.5000,M5,Q4,E1|tp2.0|3h
7,0.0108,0.5714,0.0823,-0.1574,-0.6254,0.3107,0.5065,1.1825,20.7143,M5,Q4,E2|tp0.3|1h
7,0.0108,0.5714,0.1913,-0.1507,-0.6192,0.3179,0.5174,1.1353,37.8571,M5,Q4,E2|tp0.3|3h
7,0.0108,0.2857,-0.1241,-0.4100,-0.9309,0.1109,0.2495,2.8702,37.8571,M5,Q4,E2|tp0.5|1h
7,0.0108,0.2857,-0.0769,-0.3628,-0.8875,0.1618,0.2731,2.5398,72.1429,M5,Q4,E2|tp0.5|3h
7,0.0108,0.2857,-0.2422,-0.4410,-0.9426,0.0606,0.1928,3.0869,41.4286,M5,Q4,E2|tp1.0|1h
7,0.0108,0.1429,-0.2015,-0.5719,-1.0648,-0.0789,0.1235,4.0030,95.4286,M5,Q4,E2|tp1.0|3h
7,0.0108,0.2857,-0.0994,-0.4410,-0.9426,0.0606,0.1928,3.0869,41.4286,M5,Q4,E2|tp2.0|1h
7,0.0108,0.1429,-0.0586,-0.5719,-1.0648,-0.0789,0.1235,4.0030,95.4286,M5,Q4,E2|tp2.0|3h
11,0.0169,0.8182,0.1525,0.0604,-0.1844,0.3053,1.5112,1.1963,3.0000,M5,Q4,E3|tp0.3|1h
14,0.0215,0.7143,-0.0723,-0.1739,-0.5732,0.2254,0.4741,4.5255,4.2143,M5,Q4,E3|tp0.3|3h
11,0.0169,0.7273,0.1980,-0.0311,-0.4405,0.3783,0.8952,2.5091,7.7273,M5,Q4,E3|tp0.5|1h
14,0.0215,0.6429,-0.0080,-0.2172,-0.6686,0.2341,0.5245,4.9045,8.2143,M5,Q4,E3|tp0.5|3h
11,0.0169,0.4545,-0.0503,-0.1647,-0.7503,0.4209,0.6961,4.8956,16.9091,M5,Q4,E3|tp1.0|1h
14,0.0215,0.4286,-0.1462,-0.2653,-0.8032,0.2727,0.5776,6.5946,24.3571,M5,Q4,E3|tp1.0|3h
11,0.0169,0.4545,0.2688,0.0467,-0.6858,0.7793,1.0862,4.5932,29.3636,M5,Q4,E3|tp2.0|1h
14,0.0215,0.2857,0.0557,-0.2855,-0.9220,0.3510,0.6002,5.5091,45.7143,M5,Q4,E3|tp2.0|3h
3,0.0046,0.3333,0.1141,-0.4329,-1.2005,0.3348,0.1692,1.5630,3.0000,M5,Q5,E1|tp0.3|1h
3,0.0046,0.3333,0.1141,-0.4329,-1.2005,0.3348,0.1692,1.5630,3.0000,M5,Q5,E1|tp0.3|3h
3,0.0046,0.3333,0.2474,-0.3662,-1.2521,0.5197,0.2971,1.5630,3.0000,M5,Q5,E1|tp0.5|1h
3,0.0046,0.3333,0.2474,-0.3662,-1.2521,0.5197,0.2971,1.5630,3.0000,M5,Q5,E1|tp0.5|3h
3,0.0046,0.3333,0.1551,-0.1995,-1.3926,0.9935,0.6170,1.5630,4.6667,M5,Q5,E1|tp1.0|1h
3,0.0046,0.3333,-0.0859,-0.1995,-1.3926,0.9935,0.6170,1.5630,4.6667,M5,Q5,E1|tp1.0|3h
3,0.0046,0.3333,-0.0850,-0.4778,-1.1682,0.2127,0.0830,1.5630,20.3333,M5,Q5,E1|tp2.0|1h
3,0.0046,0.3333,-0.0840,-0.2358,-1.3611,0.8896,0.5474,1.5630,60.3333,M5,Q5,E1|tp2.0|3h
2,0.0031,0.5000,0.1486,0.0825,-0.3130,0.4780,2.3839,0.1193,30.5000,M5,Q5,E2|tp0.3|1h
2,0.0031,0.5000,0.5302,0.1061,-0.2432,0.4554,3.9427,0.0721,90.5000,M5,Q5,E2|tp0.3|3h
2,0.0031,0.5000,0.2486,0.1825,-0.4090,0.7740,4.0610,0.1193,54.0000,M5,Q5,E2|tp0.5|1h
2,0.0031,0.5000,0.2722,0.2061,-0.3392,0.7514,6.7163,0.0721,114.0000,M5,Q5,E2|tp0.5|3h
2,0.0031,0.5000,0.3351,0.2629,-0.4861,1.0119,5.4088,0.1193,59.0000,M5,Q5,E2|tp1.0|1h
2,0.0031,0.5000,0.3363,0.2461,-0.3776,0.8697,7.8253,0.0721,179.0000,M5,Q5,E2|tp1.0|3h
2,0.0031,0.5000,0.3351,0.2629,-0.4861,1.0119,5.4088,0.1193,59.0000,M5,Q5,E2|tp2.0|1h
2,0.0031,0.5000,0.3363,0.2461,-0.3776,0.8697,7.8253,0.0721,179.0000,M5,Q5,E2|tp2.0|3h
1,0.0015,1.0000,0.3000,0.2681,,,inf,0.0000,1.0000,M5,Q5,E3|tp0.3|1h
1,0.0015,1.0000,0.3000,0.2681,,,inf,0.0000,1.0000,M5,Q5,E3|tp0.3|3h
1,0.0015,0.0000,-1.0000,-1.0507,,,0.0000,1.0507,36.0000,M5,Q5,E3|tp0.5|1h
1,0.0015,0.0000,-1.0000,-1.0507,,,0.0000,1.0507,36.0000,M5,Q5,E3|tp0.5|3h
1,0.0015,0.0000,-1.0000,-1.0507,,,0.0000,1.0507,36.0000,M5,Q5,E3|tp1.0|1h
1,0.0015,0.0000,-1.0000,-1.0507,,,0.0000,1.0507,36.0000,M5,Q5,E3|tp1.0|3h
1,0.0015,0.0000,-1.0000,-1.0507,,,0.0000,1.0507,36.0000,M5,Q5,E3|tp2.0|1h
1,0.0015,0.0000,-1.0000,-1.0507,,,0.0000,1.0507,36.0000,M5,Q5,E3|tp2.0|3h
179,0.2750,0.5922,-0.0622,-0.2482,-0.3448,-0.1516,0.3962,47.1798,6.4581,M15,base,E1|tp0.3|1h
179,0.2750,0.5978,-0.0676,-0.2865,-0.4077,-0.1652,0.3645,54.0289,6.8659,M15,base,E1|tp0.3|3h
179,0.2750,0.4972,-0.0482,-0.2732,-0.3860,-0.1604,0.4606,51.0567,8.6145,M15,base,E1|tp0.5|1h
179,0.2750,0.5028,-0.0571,-0.3164,-0.4518,-0.1810,0.4313,58.7961,10.1508,M15,base,E1|tp0.5|3h
179,0.2750,0.3911,-0.0452,-0.2792,-0.4206,-0.1379,0.5502,53.5578,13.7765,M15,base,E1|tp1.0|1h
179,0.2750,0.3631,-0.0799,-0.3455,-0.5072,-0.1838,0.5049,64.7408,19.1453,M15,base,E1|tp1.0|3h
179,0.2750,0.2905,-0.1136,-0.3386,-0.5069,-0.1703,0.5242,66.3825,20.3911,M15,base,E1|tp2.0|1h
179,0.2750,0.2346,-0.1531,-0.4097,-0.6055,-0.2138,0.5092,78.0417,33.6313,M15,base,E1|tp2.0|3h
29,0.0445,0.5862,0.0035,-0.1058,-0.2974,0.0859,0.6080,3.7216,28.7931,M15,base,E2|tp0.3|1h
72,0.1106,0.6111,-0.0402,-0.1256,-0.2703,0.0191,0.6191,9.4382,50.4861,M15,base,E2|tp0.3|3h
29,0.0445,0.5172,-0.0260,-0.1207,-0.3411,0.0998,0.6259,4.7386,38.7931,M15,base,E2|tp0.5|1h
72,0.1106,0.5139,-0.0319,-0.1600,-0.3295,0.0095,0.6200,11.5169,67.5278,M15,base,E2|tp0.5|3h
29,0.0445,0.4483,-0.1319,-0.1845,-0.4317,0.0627,0.5257,6.7543,46.3448,M15,base,E2|tp1.0|1h
72,0.1106,0.4444,-0.0270,-0.1165,-0.3278,0.0948,0.7626,8.9692,89.3889,M15,base,E2|tp1.0|3h
29,0.0445,0.4483,-0.1672,-0.2260,-0.4539,0.0019,0.4190,7.1310,50.0345,M15,base,E2|tp2.0|1h
72,0.1106,0.3889,-0.0969,-0.1613,-0.3933,0.0707,0.6913,12.2738,109.9861,M15,base,E2|tp2.0|3h
75,0.1152,0.5067,-0.1565,-0.3488,-0.4954,-0.2021,0.2286,26.3964,7.0800,M15,base,E3|tp0.3|1h
108,0.1659,0.5648,-0.1367,-0.3072,-0.4315,-0.1830,0.2822,33.7040,11.9352,M15,base,E3|tp0.3|3h
75,0.1152,0.4667,-0.1112,-0.3173,-0.4876,-0.1470,0.3681,24.2367,10.2800,M15,base,E3|tp0.5|1h
108,0.1659,0.5093,-0.0857,-0.2687,-0.4110,-0.1263,0.4335,30.6204,19.1667,M15,base,E3|tp0.5|3h
75,0.1152,0.4133,-0.1297,-0.3222,-0.5373,-0.1072,0.4853,25.8056,19.4667,M15,base,E3|tp1.0|1h
108,0.1659,0.4907,-0.0135,-0.1702,-0.3564,0.0161,0.6926,25.7494,37.0185,M15,base,E3|tp1.0|3h
75,0.1152,0.3067,-0.2017,-0.3565,-0.6310,-0.0820,0.5280,31.7179,26.0667,M15,base,E3|tp2.0|1h
108,0.1659,0.3704,-0.0273,-0.1599,-0.4140,0.0943,0.7711,29.4891,61.0556,M15,base,E3|tp2.0|3h
64,0.0983,0.5938,-0.0605,-0.2308,-0.3851,-0.0764,0.4062,15.5775,6.4375,M15,Q1,E1|tp0.3|1h
64,0.0983,0.6094,-0.0605,-0.2265,-0.3815,-0.0715,0.4169,15.3034,6.5156,M15,Q1,E1|tp0.3|3h
64,0.0983,0.4844,-0.1142,-0.2738,-0.4560,-0.0916,0.4467,17.9843,8.0938,M15,Q1,E1|tp0.5|1h
64,0.0983,0.5000,-0.1136,-0.2759,-0.4619,-0.0898,0.4580,18.1153,9.5156,M15,Q1,E1|tp0.5|3h
64,0.0983,0.4219,-0.0013,-0.2059,-0.4393,0.0275,0.6366,16.6115,12.7812,M15,Q1,E1|tp1.0|1h
64,0.0983,0.3906,-0.0276,-0.2418,-0.4832,-0.0004,0.6082,18.2382,18.5781,M15,Q1,E1|tp1.0|3h
64,0.0983,0.2969,-0.1783,-0.3786,-0.6363,-0.1209,0.4541,26.1908,22.2656,M15,Q1,E1|tp2.0|1h
64,0.0983,0.2344,-0.1977,-0.3998,-0.6919,-0.1078,0.4932,27.5494,42.3281,M15,Q1,E1|tp2.0|3h
6,0.0092,0.5000,-0.1184,-0.1473,-0.5756,0.2810,0.4955,1.2965,26.3333,M15,Q1,E2|tp0.3|1h
25,0.0384,0.6800,0.0481,0.0037,-0.2487,0.2561,1.0143,2.0768,69.4000,M15,Q1,E2|tp0.3|3h
6,0.0092,0.3333,-0.0690,-0.3555,-0.8522,0.1412,0.2384,2.3074,45.6667,M15,Q1,E2|tp0.5|1h
25,0.0384,0.4800,-0.0038,-0.1717,-0.4757,0.1322,0.6070,5.1905,88.4400,M15,Q1,E2|tp0.5|3h
6,0.0092,0.3333,-0.3074,-0.3473,-0.8550,0.1603,0.2561,2.2580,52.8333,M15,Q1,E2|tp1.0|1h
25,0.0384,0.4400,-0.0562,-0.1423,-0.4930,0.2083,0.7021,4.7686,105.5600,M15,Q1,E2|tp1.0|3h
6,0.0092,0.3333,-0.3074,-0.3473,-0.8550,0.1603,0.2561,2.2580,52.8333,M15,Q1,E2|tp2.0|1h
25,0.0384,0.4000,-0.1352,-0.2042,-0.5807,0.1722,0.6066,5.2949,116.1600,M15,Q1,E2|tp2.0|3h
29,0.0445,0.4483,-0.1728,-0.3893,-0.6164,-0.1621,0.1660,12.0191,8.3448,M15,Q1,E3|tp0.3|1h
38,0.0584,0.4737,-0.1965,-0.3762,-0.5808,-0.1717,0.1989,15.0073,16.2368,M15,Q1,E3|tp0.3|3h
29,0.0445,0.4483,-0.1730,-0.3536,-0.6163,-0.0910,0.3033,12.4706,11.4828,M15,Q1,E3|tp0.5|1h
38,0.0584,0.4211,-0.2068,-0.3608,-0.5875,-0.1341,0.2985,15.6218,26.6842,M15,Q1,E3|tp0.5|3h
29,0.0445,0.4483,-0.0287,-0.2405,-0.5849,0.1038,0.5796,11.6983,17.8966,M15,Q1,E3|tp1.0|1h
38,0.0584,0.4474,0.0038,-0.1665,-0.4670,0.1339,0.6851,14.2606,36.4474,M15,Q1,E3|tp1.0|3h
29,0.0445,0.3103,-0.1209,-0.2822,-0.7414,0.1771,0.6204,12.5630,25.2414,M15,Q1,E3|tp2.0|1h
38,0.0584,0.3158,-0.0392,-0.1724,-0.5818,0.2371,0.7434,11.1151,49.4737,M15,Q1,E3|tp2.0|3h
23,0.0353,0.5652,-0.1579,-0.3135,-0.5891,-0.0378,0.3209,7.4896,3.2174,M15,Q2,E1|tp0.3|1h
23,0.0353,0.5652,-0.1579,-0.3135,-0.5891,-0.0378,0.3209,7.4896,3.2174,M15,Q2,E1|tp0.3|3h
23,0.0353,0.4783,-0.1666,-0.3361,-0.6538,-0.0184,0.3930,7.7303,4.7826,M15,Q2,E1|tp0.5|1h
23,0.0353,0.4783,-0.1666,-0.3361,-0.6538,-0.0184,0.3930,7.7303,4.7826,M15,Q2,E1|tp0.5|3h
23,0.0353,0.3478,-0.0974,-0.3918,-0.7891,0.0054,0.4443,9.0125,9.8261,M15,Q2,E1|tp1.0|1h
23,0.0353,0.3478,-0.0796,-0.3720,-0.7790,0.0350,0.4724,8.5565,9.9130,M15,Q2,E1|tp1.0|3h
23,0.0353,0.2609,-0.2103,-0.4913,-0.9046,-0.0779,0.3581,11.2992,17.9130,M15,Q2,E1|tp2.0|1h
23,0.0353,0.2609,-0.1865,-0.4324,-0.9103,0.0455,0.4591,9.9455,41.6522,M15,Q2,E1|tp2.0|3h
2,0.0031,0.0000,-0.6996,-0.7334,-1.2771,-0.1897,0.0000,1.4668,41.0000,M15,Q2,E2|tp0.3|1h
10,0.0154,0.4000,-0.1625,-0.2287,-0.7343,0.2769,0.5055,2.5789,101.3000,M15,Q2,E2|tp0.3|3h
2,0.0031,0.0000,-0.6996,-0.7334,-1.2771,-0.1897,0.0000,1.4668,41.0000,M15,Q2,E2|tp0.5|1h
10,0.0154,0.2000,-0.2578,-0.4747,-1.0001,0.0507,0.2943,4.7471,116.5000,M15,Q2,E2|tp0.5|3h
2,0.0031,0.0000,-0.6996,-0.7334,-1.2771,-0.1897,0.0000,1.4668,41.0000,M15,Q2,E2|tp1.0|1h
10,0.0154,0.2000,-0.4066,-0.4795,-1.0013,0.0422,0.2872,4.7953,121.0000,M15,Q2,E2|tp1.0|3h
2,0.0031,0.0000,-0.6996,-0.7334,-1.2771,-0.1897,0.0000,1.4668,41.0000,M15,Q2,E2|tp2.0|1h
10,0.0154,0.2000,-0.4509,-0.5299,-0.9737,-0.0861,0.2123,5.2989,130.2000,M15,Q2,E2|tp2.0|3h
9,0.0138,0.4444,-0.2015,-0.5060,-0.9898,-0.0222,0.1480,5.0633,9.2222,M15,Q2,E3|tp0.3|1h
11,0.0169,0.4545,-0.2409,-0.5111,-0.9528,-0.0695,0.1549,5.9170,7.6364,M15,Q2,E3|tp0.3|3h
9,0.0138,0.3333,-0.3232,-0.4879,-0.9963,0.0204,0.2035,5.0317,17.0000,M15,Q2,E3|tp0.5|1h
11,0.0169,0.3636,-0.3269,-0.4828,-0.9440,-0.0215,0.2273,5.5362,24.9091,M15,Q2,E3|tp0.5|3h
9,0.0138,0.4444,-0.1522,-0.3295,-0.9523,0.2933,0.4479,4.3894,23.8889,M15,Q2,E3|tp1.0|1h
11,0.0169,0.4545,-0.0542,-0.2100,-0.8004,0.3804,0.6291,4.6401,34.1818,M15,Q2,E3|tp1.0|3h
9,0.0138,0.4444,0.1284,-0.0516,-0.9042,0.8010,0.9135,3.8883,30.1111,M15,Q2,E3|tp2.0|1h
11,0.0169,0.5455,0.3920,0.2258,-0.5966,1.0482,1.4418,3.8675,49.9091,M15,Q2,E3|tp2.0|3h
12,0.0184,0.3333,-0.4112,-0.6104,-0.9857,-0.2350,0.1342,7.8879,7.2500,M15,Q3,E1|tp0.3|1h
12,0.0184,0.3333,-0.4112,-0.6104,-0.9857,-0.2350,0.1342,7.8879,7.2500,M15,Q3,E1|tp0.3|3h
12,0.0184,0.1667,-0.4529,-0.8074,-1.1500,-0.4648,0.0904,10.6525,8.9167,M15,Q3,E1|tp0.5|1h
12,0.0184,0.1667,-0.4529,-0.8074,-1.1500,-0.4648,0.0904,10.6525,8.9167,M15,Q3,E1|tp0.5|3h
12,0.0184,0.1667,-0.5254,-0.8025,-1.1698,-0.4352,0.0960,10.6525,11.3333,M15,Q3,E1|tp1.0|1h
12,0.0184,0.0833,-0.6196,-0.8934,-1.2301,-0.5567,0.0842,11.7061,17.0833,M15,Q3,E1|tp1.0|3h
12,0.0184,0.1667,-0.7347,-0.8491,-1.1408,-0.5574,0.0435,10.6525,14.7500,M15,Q3,E1|tp2.0|1h
12,0.0184,0.0000,-0.9529,-1.0618,-1.0983,-1.0253,0.0000,12.7417,28.5000,M15,Q3,E1|tp2.0|3h
1,0.0015,0.0000,-1.0000,-1.0108,,,0.0000,1.0108,23.0000,M15,Q3,E2|tp0.3|1h
2,0.0031,0.5000,-0.3500,-0.3726,-1.6235,0.8784,0.2628,1.0108,12.5000,M15,Q3,E2|tp0.3|3h
1,0.0015,0.0000,-1.0000,-1.0108,,,0.0000,1.0108,23.0000,M15,Q3,E2|tp0.5|1h
2,0.0031,0.0000,-0.2500,-1.0471,-1.1182,-0.9760,0.0000,2.0942,24.5000,M15,Q3,E2|tp0.5|3h
1,0.0015,0.0000,-1.0000,-1.0108,,,0.0000,1.0108,23.0000,M15,Q3,E2|tp1.0|1h
2,0.0031,0.0000,-1.0000,-1.0471,-1.1182,-0.9760,0.0000,2.0942,24.5000,M15,Q3,E2|tp1.0|3h
1,0.0015,0.0000,-1.0000,-1.0108,,,0.0000,1.0108,23.0000,M15,Q3,E2|tp2.0|1h
2,0.0031,0.0000,-1.0000,-1.0471,-1.1182,-0.9760,0.0000,2.0942,24.5000,M15,Q3,E2|tp2.0|3h
7,0.0108,0.5714,-0.1081,-0.3848,-0.9760,0.2065,0.2643,2.9076,12.1429,M15,Q3,E3|tp0.3|1h
8,0.0123,0.6250,-0.0573,-0.3025,-0.8393,0.2343,0.3391,2.6340,30.6250,M15,Q3,E3|tp0.3|3h
7,0.0108,0.4286,-0.2932,-0.3901,-1.0140,0.2338,0.3224,3.1447,20.1429,M15,Q3,E3|tp0.5|1h
8,0.0123,0.3750,-0.3152,-0.4054,-0.9499,0.1391,0.2860,3.6577,55.0000,M15,Q3,E3|tp0.5|3h
7,0.0108,0.2857,-0.3504,-0.4682,-1.1034,0.1671,0.2761,3.6174,33.5714,M15,Q3,E3|tp1.0|1h
8,0.0123,0.2500,-0.3777,-0.4698,-1.1140,0.1745,0.3267,4.6724,80.2500,M15,Q3,E3|tp1.0|3h
7,0.0108,0.2857,-0.2075,-0.3253,-1.1820,0.5314,0.4970,3.4498,33.7143,M15,Q3,E3|tp2.0|1h
8,0.0123,0.2500,-0.2643,-0.3705,-1.1651,0.4240,0.4690,4.5048,87.2500,M15,Q3,E3|tp2.0|3h
7,0.0108,0.5714,-0.2565,-0.3226,-0.8710,0.2258,0.3238,3.3393,7.7143,M15,Q4,E1|tp0.3|1h
7,0.0108,0.5714,-0.2565,-0.3226,-0.8710,0.2258,0.3238,3.3393,7.7143,M15,Q4,E1|tp0.3|3h
7,0.0108,0.4286,-0.2244,-0.3015,-0.8892,0.2862,0.3996,3.3393,10.7143,M15,Q4,E1|tp0.5|1h
7,0.0108,0.5714,-0.1422,-0.2083,-0.8358,0.4192,0.5634,3.3393,12.2857,M15,Q4,E1|tp0.5|3h
7,0.0108,0.4286,-0.0101,-0.0872,-0.8591,0.6847,0.8263,3.3393,12.4286,M15,Q4,E1|tp1.0|1h
7,0.0108,0.5714,0.1435,0.0774,-0.7480,0.9028,1.1623,3.3393,20.2857,M15,Q4,E1|tp1.0|3h
7,0.0108,0.4286,0.3093,0.2477,-0.8341,1.3295,1.4933,3.3393,21.5714,M15,Q4,E1|tp2.0|1h
7,0.0108,0.5714,0.5495,0.4727,-0.6723,1.6177,1.9909,3.3393,40.8571,M15,Q4,E1|tp2.0|3h
0,0.0000,,,,,,,0.0000,,M15,Q4,E2|tp0.3|1h
2,0.0031,1.0000,0.2506,0.2022,0.0112,0.3932,inf,0.0000,102.5000,M15,Q4,E2|tp0.3|3h
0,0.0000,,,,,,,0.0000,,M15,Q4,E2|tp0.5|1h
2,0.0031,1.0000,0.3506,0.3022,-0.0848,0.6892,inf,0.0000,107.5000,M15,Q4,E2|tp0.5|3h
0,0.0000,,,,,,,0.0000,,M15,Q4,E2|tp1.0|1h
2,0.0031,0.5000,-0.3994,-0.4574,-1.5591,0.6443,0.1027,1.0195,139.0000,M15,Q4,E2|tp1.0|3h
0,0.0000,,,,,,,0.0000,,M15,Q4,E2|tp2.0|1h
2,0.0031,0.5000,-0.3994,-0.4574,-1.5591,0.6443,0.1027,1.0195,139.0000,M15,Q4,E2|tp2.0|3h
3,0.0046,0.6667,0.1411,0.0548,-0.1117,0.2213,3.1727,0.0757,28.0000,M15,Q4,E3|tp0.3|1h
4,0.0061,1.0000,0.2641,0.1901,0.0794,0.3007,inf,0.0000,25.0000,M15,Q4,E3|tp0.3|3h
3,0.0046,0.6667,0.2744,0.1882,-0.0915,0.4679,8.4567,0.0757,29.6667,M15,Q4,E3|tp0.5|1h
4,0.0061,1.0000,0.4641,0.3901,0.2794,0.5007,inf,0.0000,33.5000,M15,Q4,E3|tp0.5|3h
3,0.0046,0.6667,0.4542,0.3302,-0.1235,0.7838,14.0838,0.0757,47.3333,M15,Q4,E3|tp1.0|1h
4,0.0061,1.0000,0.9641,0.8901,0.7794,1.0007,inf,0.0000,76.5000,M15,Q4,E3|tp1.0|3h
3,0.0046,0.6667,0.7875,0.6635,-0.4039,1.7309,27.2936,0.0757,53.6667,M15,Q4,E3|tp2.0|1h
4,0.0061,0.7500,0.8665,0.7377,-0.1056,1.5809,9.0192,0.3680,137.5000,M15,Q4,E3|tp2.0|3h
1,0.0015,0.0000,-1.0000,-1.1783,,,0.0000,1.1783,4.0000,M15,Q5,E1|tp0.3|1h
1,0.0015,0.0000,-1.0000,-1.1783,,,0.0000,1.1783,4.0000,M15,Q5,E1|tp0.3|3h
1,0.0015,0.0000,-1.0000,-1.1783,,,0.0000,1.1783,4.0000,M15,Q5,E1|tp0.5|1h
1,0.0015,0.0000,-1.0000,-1.1783,,,0.0000,1.1783,4.0000,M15,Q5,E1|tp0.5|3h
1,0.0015,0.0000,-1.0000,-1.1783,,,0.0000,1.1783,4.0000,M15,Q5,E1|tp1.0|1h
1,0.0015,0.0000,-1.0000,-1.1783,,,0.0000,1.1783,4.0000,M15,Q5,E1|tp1.0|3h
1,0.0015,0.0000,-1.0000,-1.1783,,,0.0000,1.1783,4.0000,M15,Q5,E1|tp2.0|1h
1,0.0015,0.0000,-1.0000,-1.1783,,,0.0000,1.1783,4.0000,M15,Q5,E1|tp2.0|3h
0,0.0000,,,,,,,0.0000,,M15,Q5,E2|tp0.3|1h
0,0.0000,,,,,,,0.0000,,M15,Q5,E2|tp0.3|3h
0,0.0000,,,,,,,0.0000,,M15,Q5,E2|tp0.5|1h
0,0.0000,,,,,,,0.0000,,M15,Q5,E2|tp0.5|3h
0,0.0000,,,,,,,0.0000,,M15,Q5,E2|tp1.0|1h
0,0.0000,,,,,,,0.0000,,M15,Q5,E2|tp1.0|3h
0,0.0000,,,,,,,0.0000,,M15,Q5,E2|tp2.0|1h
0,0.0000,,,,,,,0.0000,,M15,Q5,E2|tp2.0|3h
1,0.0015,1.0000,0.3000,0.2143,,,inf,0.0000,23.0000,M15,Q5,E3|tp0.3|1h
1,0.0015,1.0000,0.3000,0.2143,,,inf,0.0000,23.0000,M15,Q5,E3|tp0.3|3h
1,0.0015,1.0000,0.5000,0.4143,,,inf,0.0000,26.0000,M15,Q5,E3|tp0.5|1h
1,0.0015,1.0000,0.5000,0.4143,,,inf,0.0000,26.0000,M15,Q5,E3|tp0.5|3h
1,0.0015,1.0000,0.5394,0.3403,,,inf,0.0000,59.0000,M15,Q5,E3|tp1.0|1h
1,0.0015,1.0000,1.0000,0.9143,,,inf,0.0000,94.0000,M15,Q5,E3|tp1.0|3h
1,0.0015,1.0000,0.5394,0.3403,,,inf,0.0000,59.0000,M15,Q5,E3|tp2.0|1h
1,0.0015,1.0000,0.9074,0.7083,,,inf,0.0000,149.0000,M15,Q5,E3|tp2.0|3h
99,0.1521,0.6465,0.0085,-0.1553,-0.2795,-0.0311,0.5443,19.0517,8.6566,M30,base,E1|tp0.3|1h
99,0.1521,0.6465,0.0001,-0.2349,-0.4169,-0.0528,0.4448,26.9254,12.7980,M30,base,E1|tp0.3|3h
99,0.1521,0.5758,0.0637,-0.1239,-0.2686,0.0208,0.6872,15.3905,13.0606,M30,base,E1|tp0.5|1h
99,0.1521,0.6061,0.0570,-0.1686,-0.3677,0.0305,0.6383,20.0650,20.2222,M30,base,E1|tp0.5|3h
99,0.1521,0.4242,0.0407,-0.1602,-0.3449,0.0246,0.6950,22.4973,20.2121,M30,base,E1|tp1.0|1h
99,0.1521,0.4343,0.0323,-0.2279,-0.4616,0.0058,0.6370,29.9131,37.0606,M30,base,E1|tp1.0|3h
99,0.1521,0.3535,0.1407,-0.1429,-0.3780,0.0922,0.7604,24.3990,26.3333,M30,base,E1|tp2.0|1h
99,0.1521,0.2727,0.0081,-0.3532,-0.6300,-0.0765,0.5560,45.5541,52.4444,M30,base,E1|tp2.0|3h
4,0.0061,0.5000,-0.2430,-0.2760,-0.9071,0.3551,0.3364,1.6638,17.2500,M30,base,E2|tp0.3|1h
14,0.0215,0.5000,-0.1236,-0.1454,-0.4079,0.1172,0.4986,2.5439,105.2857,M30,base,E2|tp0.3|3h
4,0.0061,0.2500,-0.1430,-0.5630,-1.2646,0.1385,0.1797,2.7455,35.2500,M30,base,E2|tp0.5|1h
14,0.0215,0.4286,-0.0586,-0.1920,-0.5098,0.1257,0.4769,3.1311,120.8571,M30,base,E2|tp0.5|3h
4,0.0061,0.2500,-0.5076,-0.5579,-1.2693,0.1534,0.1871,2.7455,36.7500,M30,base,E2|tp1.0|1h
14,0.0215,0.4286,-0.0973,-0.1275,-0.5013,0.2464,0.6528,3.0964,131.0714,M30,base,E2|tp1.0|3h
4,0.0061,0.2500,-0.5076,-0.5579,-1.2693,0.1534,0.1871,2.7455,36.7500,M30,base,E2|tp2.0|1h
14,0.0215,0.4286,-0.0765,-0.1082,-0.5451,0.3288,0.7054,3.0964,141.2857,M30,base,E2|tp2.0|3h
27,0.0415,0.4444,-0.2060,-0.3004,-0.5542,-0.0465,0.2734,8.7838,14.0000,M30,base,E3|tp0.3|1h
46,0.0707,0.6087,-0.1218,-0.2306,-0.4229,-0.0383,0.3746,12.3553,32.2174,M30,base,E3|tp0.3|3h
27,0.0415,0.4815,-0.1283,-0.2486,-0.5278,0.0307,0.4113,7.6983,19.0000,M30,base,E3|tp0.5|1h
46,0.0707,0.5000,-0.1186,-0.3351,-0.5603,-0.1099,0.3550,17.8978,44.2391,M30,base,E3|tp0.5|3h
27,0.0415,0.4815,-0.1074,-0.2172,-0.5511,0.1167,0.5369,7.9946,26.2963,M30,base,E3|tp1.0|1h
46,0.0707,0.3696,-0.3255,-0.4515,-0.7185,-0.1845,0.3411,24.6187,61.3261,M30,base,E3|tp1.0|3h
27,0.0415,0.4444,-0.0242,-0.1381,-0.5878,0.3116,0.7595,8.6467,31.3704,M30,base,E3|tp2.0|1h
46,0.0707,0.3478,-0.1891,-0.3182,-0.6834,0.0470,0.5740,18.6053,71.7609,M30,base,E3|tp2.0|3h
33,0.0507,0.6364,0.0347,-0.1673,-0.3812,0.0465,0.5200,6.8287,9.6364,M30,Q1,E1|tp0.3|1h
33,0.0507,0.6364,0.0444,-0.3473,-0.7938,0.0992,0.3525,12.7685,13.3333,M30,Q1,E1|tp0.3|3h
33,0.0507,0.5455,0.0893,-0.2013,-0.4552,0.0527,0.5475,7.1176,14.2727,M30,Q1,E1|tp0.5|1h
33,0.0507,0.5455,0.0713,-0.3643,-0.8327,0.1041,0.4242,12.4975,18.1515,M30,Q1,E1|tp0.5|3h
33,0.0507,0.3030,-0.1097,-0.4015,-0.6887,-0.1143,0.3611,14.2237,21.6970,M30,Q1,E1|tp1.0|1h
33,0.0507,0.3030,-0.1238,-0.5718,-1.0674,-0.0762,0.3451,19.9493,37.4848,M30,Q1,E1|tp1.0|3h
33,0.0507,0.3030,0.0397,-0.3165,-0.6740,0.0411,0.4964,12.4190,27.0606,M30,Q1,E1|tp2.0|1h
33,0.0507,0.1515,-0.1970,-0.7456,-1.2553,-0.2359,0.2609,26.5793,53.7879,M30,Q1,E1|tp2.0|3h
1,0.0015,0.0000,-0.8546,-0.8937,,,0.0000,0.8937,25.0000,M30,Q1,E2|tp0.3|1h
3,0.0046,0.3333,-0.1928,-0.2221,-0.9758,0.5317,0.3968,1.1044,83.0000,M30,Q1,E2|tp0.3|3h
1,0.0015,0.0000,-0.8546,-0.8937,,,0.0000,0.8937,25.0000,M30,Q1,E2|tp0.5|1h
3,0.0046,0.3333,-0.1261,-0.1554,-1.0239,0.7131,0.5779,1.1044,89.3333,M30,Q1,E2|tp0.5|3h
1,0.0015,0.0000,-0.8546,-0.8937,,,0.0000,0.8937,25.0000,M30,Q1,E2|tp1.0|1h
3,0.0046,0.3333,0.0406,0.0113,-1.1588,1.1814,1.0306,1.1044,93.6667,M30,Q1,E2|tp1.0|3h
1,0.0015,0.0000,-0.8546,-0.8937,,,0.0000,0.8937,25.0000,M30,Q1,E2|tp2.0|1h
3,0.0046,0.3333,0.3739,0.3446,-1.4551,2.1444,1.9361,1.1044,112.3333,M30,Q1,E2|tp2.0|3h
8,0.0123,0.6250,0.0088,-0.0557,-0.3738,0.2624,0.7475,0.9812,12.5000,M30,Q1,E3|tp0.3|1h
12,0.0184,0.7500,0.0512,-0.0043,-0.2832,0.2745,0.9784,1.0450,21.3333,M30,Q1,E3|tp0.3|3h
8,0.0123,0.6250,0.1838,0.1193,-0.2158,0.4543,1.6988,0.6407,13.8750,M30,Q1,E3|tp0.5|1h
12,0.0184,0.5000,-0.0464,-0.2357,-0.6345,0.1632,0.4603,4.3376,44.2500,M30,Q1,E3|tp0.5|3h
8,0.0123,0.6250,0.3944,0.3101,-0.0622,0.6825,4.2976,0.3715,23.8750,M30,Q1,E3|tp1.0|1h
12,0.0184,0.4167,-0.2131,-0.2814,-0.7843,0.2215,0.4819,4.4868,65.9167,M30,Q1,E3|tp1.0|3h
8,0.0123,0.7500,0.8001,0.7129,0.1802,1.2455,10.3224,0.3715,35.1250,M30,Q1,E3|tp2.0|1h
12,0.0184,0.5000,0.1290,0.0566,-0.6592,0.7724,1.1066,3.3200,79.0000,M30,Q1,E3|tp2.0|3h
10,0.0154,0.8000,0.0547,0.0001,-0.3486,0.3488,1.0003,1.0851,7.4000,M30,Q2,E1|tp0.3|1h
10,0.0154,0.8000,0.0547,0.0001,-0.3486,0.3488,1.0003,1.0851,7.4000,M30,Q2,E1|tp0.3|3h
10,0.0154,0.7000,0.2147,-0.0467,-0.5185,0.4251,0.8627,1.8871,15.9000,M30,Q2,E1|tp0.5|1h
10,0.0154,0.7000,0.2147,-0.0107,-0.4923,0.4709,0.9685,1.8373,16.3000,M30,Q2,E1|tp0.5|3h
10,0.0154,0.4000,0.0159,-0.2112,-0.7826,0.3603,0.5881,2.3847,30.7000,M30,Q2,E1|tp1.0|1h
10,0.0154,0.5000,0.0131,-0.0700,-0.7518,0.6117,0.8741,2.6398,43.1000,M30,Q2,E1|tp1.0|3h
10,0.0154,0.4000,-0.0361,-0.1682,-0.8169,0.4804,0.6718,2.0964,41.7000,M30,Q2,E1|tp2.0|1h
10,0.0154,0.1000,-0.5922,-0.6999,-1.3096,-0.0902,0.2204,6.9990,80.9000,M30,Q2,E1|tp2.0|3h
0,0.0000,,,,,,,0.0000,,M30,Q2,E2|tp0.3|1h
1,0.0015,1.0000,0.4651,0.4382,,,inf,0.0000,45.0000,M30,Q2,E2|tp0.3|3h
0,0.0000,,,,,,,0.0000,,M30,Q2,E2|tp0.5|1h
1,0.0015,1.0000,0.6651,0.6382,,,inf,0.0000,64.0000,M30,Q2,E2|tp0.5|3h
0,0.0000,,,,,,,0.0000,,M30,Q2,E2|tp1.0|1h
1,0.0015,1.0000,1.1651,1.1382,,,inf,0.0000,77.0000,M30,Q2,E2|tp1.0|3h
0,0.0000,,,,,,,0.0000,,M30,Q2,E2|tp2.0|1h
1,0.0015,1.0000,2.1651,2.1382,,,inf,0.0000,133.0000,M30,Q2,E2|tp2.0|3h
2,0.0031,0.0000,-0.5046,-0.6061,-1.0659,-0.1462,0.0000,1.2121,29.5000,M30,Q2,E3|tp0.3|1h
2,0.0031,0.0000,-0.8328,-0.9298,-1.1046,-0.7551,0.0000,1.8597,75.0000,M30,Q2,E3|tp0.3|3h
2,0.0031,0.0000,-0.4046,-0.5061,-0.7699,-0.2422,0.0000,1.0121,29.5000,M30,Q2,E3|tp0.5|1h
2,0.0031,0.0000,-0.7328,-0.8298,-1.2006,-0.4591,0.0000,1.6597,75.0000,M30,Q2,E3|tp0.5|3h
2,0.0031,0.0000,-0.1546,-0.2561,-0.4822,-0.0299,0.0000,0.5121,29.5000,M30,Q2,E3|tp1.0|1h
2,0.0031,0.0000,-0.4828,-0.5798,-1.4406,0.2809,0.0000,1.1597,75.0000,M30,Q2,E3|tp1.0|3h
2,0.0031,0.5000,0.3454,0.2439,-0.9622,1.4501,2.3134,0.3715,34.0000,M30,Q2,E3|tp2.0|1h
2,0.0031,0.5000,0.0172,-0.0798,-1.9206,1.7609,0.8433,1.0190,79.5000,M30,Q2,E3|tp2.0|3h
7,0.0108,0.5714,-0.1470,-0.2185,-0.7599,0.3230,0.4844,1.9840,8.5714,M30,Q3,E1|tp0.3|1h
7,0.0108,0.5714,-0.1470,-0.2185,-0.7599,0.3230,0.4844,1.9840,8.5714,M30,Q3,E1|tp0.3|3h
7,0.0108,0.4286,-0.0328,-0.3239,-0.9206,0.2727,0.4110,2.7553,13.5714,M30,Q3,E1|tp0.5|1h
7,0.0108,0.4286,-0.0328,-0.3239,-0.9206,0.2727,0.4110,2.7553,13.5714,M30,Q3,E1|tp0.5|3h
7,0.0108,0.0000,-0.7468,-0.8575,-1.0919,-0.6230,0.0000,6.0023,28.0000,M30,Q3,E1|tp1.0|1h
7,0.0108,0.0000,-0.8071,-0.9099,-1.0534,-0.7664,0.0000,6.3695,41.2857,M30,Q3,E1|tp1.0|3h
7,0.0108,0.0000,-0.7468,-0.8575,-1.0919,-0.6230,0.0000,6.0023,28.0000,M30,Q3,E1|tp2.0|1h
7,0.0108,0.0000,-0.8071,-0.9099,-1.0534,-0.7664,0.0000,6.3695,41.2857,M30,Q3,E1|tp2.0|3h
0,0.0000,,,,,,,0.0000,,M30,Q3,E2|tp0.3|1h
0,0.0000,,,,,,,0.0000,,M30,Q3,E2|tp0.3|3h
0,0.0000,,,,,,,0.0000,,M30,Q3,E2|tp0.5|1h
0,0.0000,,,,,,,0.0000,,M30,Q3,E2|tp0.5|3h
0,0.0000,,,,,,,0.0000,,M30,Q3,E2|tp1.0|1h
0,0.0000,,,,,,,0.0000,,M30,Q3,E2|tp1.0|3h
0,0.0000,,,,,,,0.0000,,M30,Q3,E2|tp2.0|1h
0,0.0000,,,,,,,0.0000,,M30,Q3,E2|tp2.0|3h
3,0.0046,1.0000,0.3000,0.2724,0.2619,0.2830,inf,0.0000,2.6667,M30,Q3,E3|tp0.3|1h
4,0.0061,1.0000,0.3000,0.2633,0.2439,0.2827,inf,0.0000,3.2500,M30,Q3,E3|tp0.3|3h
3,0.0046,1.0000,0.5000,0.4724,0.4619,0.4830,inf,0.0000,6.0000,M30,Q3,E3|tp0.5|1h
4,0.0061,0.7500,0.1250,0.0789,-0.6925,0.8503,1.2864,1.1017,9.0000,M30,Q3,E3|tp0.5|3h
3,0.0046,1.0000,0.7661,0.7100,0.4262,0.9938,inf,0.0000,18.0000,M30,Q3,E3|tp1.0|1h
4,0.0061,0.5000,0.0000,-0.0502,-1.2079,1.1075,0.9064,2.1461,56.0000,M30,Q3,E3|tp1.0|3h
3,0.0046,1.0000,0.8479,0.7839,0.3611,1.2066,inf,0.0000,32.3333,M30,Q3,E3|tp2.0|1h
4,0.0061,0.5000,0.2763,0.2139,-1.2926,1.7204,1.3987,2.1461,83.5000,M30,Q3,E3|tp2.0|3h
3,0.0046,0.3333,-0.5667,-0.6094,-1.4691,0.2504,0.1279,1.8281,10.0000,M30,Q4,E1|tp0.3|1h
3,0.0046,0.3333,-0.5667,-0.6094,-1.4691,0.2504,0.1279,1.8281,10.0000,M30,Q4,E1|tp0.3|3h
3,0.0046,0.3333,-0.5000,-0.5427,-1.5331,0.4478,0.2233,1.6281,13.6667,M30,Q4,E1|tp0.5|1h
3,0.0046,0.3333,-0.5000,-0.5427,-1.5331,0.4478,0.2233,1.6281,13.6667,M30,Q4,E1|tp0.5|3h
3,0.0046,0.0000,-0.6662,-0.7615,-1.3231,-0.1999,0.0000,2.2845,22.3333,M30,Q4,E1|tp1.0|1h
3,0.0046,0.0000,-0.8069,-0.8839,-1.2056,-0.5622,0.0000,2.6517,53.3333,M30,Q4,E1|tp1.0|3h
3,0.0046,0.0000,-0.6662,-0.7615,-1.3231,-0.1999,0.0000,2.2845,22.3333,M30,Q4,E1|tp2.0|1h
3,0.0046,0.0000,-0.8069,-0.8839,-1.2056,-0.5622,0.0000,2.6517,53.3333,M30,Q4,E1|tp2.0|3h
0,0.0000,,,,,,,0.0000,,M30,Q4,E2|tp0.3|1h
0,0.0000,,,,,,,0.0000,,M30,Q4,E2|tp0.3|3h
0,0.0000,,,,,,,0.0000,,M30,Q4,E2|tp0.5|1h
0,0.0000,,,,,,,0.0000,,M30,Q4,E2|tp0.5|3h
0,0.0000,,,,,,,0.0000,,M30,Q4,E2|tp1.0|1h
0,0.0000,,,,,,,0.0000,,M30,Q4,E2|tp1.0|3h
0,0.0000,,,,,,,0.0000,,M30,Q4,E2|tp2.0|1h
0,0.0000,,,,,,,0.0000,,M30,Q4,E2|tp2.0|3h
0,0.0000,,,,,,,0.0000,,M30,Q4,E3|tp0.3|1h
0,0.0000,,,,,,,0.0000,,M30,Q4,E3|tp0.3|3h
0,0.0000,,,,,,,0.0000,,M30,Q4,E3|tp0.5|1h
0,0.0000,,,,,,,0.0000,,M30,Q4,E3|tp0.5|3h
0,0.0000,,,,,,,0.0000,,M30,Q4,E3|tp1.0|1h
0,0.0000,,,,,,,0.0000,,M30,Q4,E3|tp1.0|3h
0,0.0000,,,,,,,0.0000,,M30,Q4,E3|tp2.0|1h
0,0.0000,,,,,,,0.0000,,M30,Q4,E3|tp2.0|3h
1,0.0015,1.0000,0.3000,0.2680,,,inf,0.0000,22.0000,M30,Q5,E1|tp0.3|1h
1,0.0015,1.0000,0.3000,0.2680,,,inf,0.0000,22.0000,M30,Q5,E1|tp0.3|3h
1,0.0015,1.0000,0.5000,0.4680,,,inf,0.0000,33.0000,M30,Q5,E1|tp0.5|1h
1,0.0015,1.0000,0.5000,0.4680,,,inf,0.0000,33.0000,M30,Q5,E1|tp0.5|3h
1,0.0015,0.0000,0.0014,-0.1884,,,0.0000,0.1884,59.0000,M30,Q5,E1|tp1.0|1h
1,0.0015,0.0000,-0.4207,-0.5556,,,0.0000,0.5556,152.0000,M30,Q5,E1|tp1.0|3h
1,0.0015,0.0000,0.0014,-0.1884,,,0.0000,0.1884,59.0000,M30,Q5,E1|tp2.0|1h
1,0.0015,0.0000,-0.4207,-0.5556,,,0.0000,0.5556,152.0000,M30,Q5,E1|tp2.0|3h
0,0.0000,,,,,,,0.0000,,M30,Q5,E2|tp0.3|1h
0,0.0000,,,,,,,0.0000,,M30,Q5,E2|tp0.3|3h
0,0.0000,,,,,,,0.0000,,M30,Q5,E2|tp0.5|1h
0,0.0000,,,,,,,0.0000,,M30,Q5,E2|tp0.5|3h
0,0.0000,,,,,,,0.0000,,M30,Q5,E2|tp1.0|1h
0,0.0000,,,,,,,0.0000,,M30,Q5,E2|tp1.0|3h
0,0.0000,,,,,,,0.0000,,M30,Q5,E2|tp2.0|1h
0,0.0000,,,,,,,0.0000,,M30,Q5,E2|tp2.0|3h
0,0.0000,,,,,,,0.0000,,M30,Q5,E3|tp0.3|1h
0,0.0000,,,,,,,0.0000,,M30,Q5,E3|tp0.3|3h
0,0.0000,,,,,,,0.0000,,M30,Q5,E3|tp0.5|1h
0,0.0000,,,,,,,0.0000,,M30,Q5,E3|tp0.5|3h
0,0.0000,,,,,,,0.0000,,M30,Q5,E3|tp1.0|1h
0,0.0000,,,,,,,0.0000,,M30,Q5,E3|tp1.0|3h
0,0.0000,,,,,,,0.0000,,M30,Q5,E3|tp2.0|1h
0,0.0000,,,,,,,0.0000,,M30,Q5,E3|tp2.0|3h
47,0.0722,0.6809,0.0541,-0.0925,-0.2529,0.0680,0.6686,5.9983,15.2340,H1,base,E1|tp0.3|1h
47,0.0722,0.7021,0.0556,-0.0749,-0.2412,0.0915,0.7302,5.1712,19.2979,H1,base,E1|tp0.3|3h
47,0.0722,0.5745,0.0711,-0.0914,-0.2852,0.1024,0.7386,7.1488,20.1277,H1,base,E1|tp0.5|1h
47,0.0722,0.5957,0.0846,-0.0856,-0.2857,0.1144,0.7630,7.1843,31.6383,H1,base,E1|tp0.5|3h
47,0.0722,0.4894,0.1502,-0.0230,-0.2708,0.2248,0.9428,8.5814,27.6170,H1,base,E1|tp1.0|1h
47,0.0722,0.4894,0.0933,-0.0555,-0.3256,0.2146,0.8833,7.9887,53.8723,H1,base,E1|tp1.0|3h
47,0.0722,0.3830,-0.0393,-0.1924,-0.4442,0.0595,0.5909,11.1551,36.1915,H1,base,E1|tp2.0|1h
47,0.0722,0.3191,-0.1608,-0.2426,-0.5611,0.0759,0.6113,15.0396,80.1702,H1,base,E1|tp2.0|3h
0,0.0000,,,,,,,0.0000,,H1,base,E2|tp0.3|1h
7,0.0108,0.4286,-0.2499,-0.2733,-0.6257,0.0791,0.2125,1.9130,119.0000,H1,base,E2|tp0.3|3h
0,0.0000,,,,,,,0.0000,,H1,base,E2|tp0.5|1h
7,0.0108,0.4286,-0.2213,-0.2447,-0.6315,0.1421,0.2949,1.8119,123.8571,H1,base,E2|tp0.5|3h
0,0.0000,,,,,,,0.0000,,H1,base,E2|tp1.0|1h
7,0.0108,0.4286,-0.2038,-0.2307,-0.6362,0.1747,0.3351,1.8119,134.7143,H1,base,E2|tp1.0|3h
0,0.0000,,,,,,,0.0000,,H1,base,E2|tp2.0|1h
7,0.0108,0.4286,-0.2038,-0.2307,-0.6362,0.1747,0.3351,1.8119,134.7143,H1,base,E2|tp2.0|3h
7,0.0108,0.7143,-0.0714,-0.1117,-0.5892,0.3658,0.6294,1.3213,10.4286,H1,base,E3|tp0.3|1h
17,0.0261,0.7059,-0.0027,-0.0478,-0.3041,0.2085,0.7980,1.8907,12.1176,H1,base,E3|tp0.3|3h
7,0.0108,0.7143,0.0457,0.0038,-0.5337,0.5414,1.0127,1.0619,14.4286,H1,base,E3|tp0.5|1h
17,0.0261,0.6471,0.0737,0.0279,-0.2875,0.3433,1.1017,2.2046,27.2353,H1,base,E3|tp0.5|3h
7,0.0108,0.7143,0.3314,0.2895,-0.4138,0.9929,1.9607,1.0619,15.1429,H1,base,E3|tp1.0|1h
17,0.0261,0.6471,0.1721,0.1209,-0.3228,0.5646,1.3223,2.6961,51.6471,H1,base,E3|tp1.0|3h
7,0.0108,0.2857,-0.3578,-0.4247,-0.9982,0.1488,0.2776,2.9728,31.4286,H1,base,E3|tp2.0|1h
17,0.0261,0.4118,-0.0665,-0.1297,-0.6604,0.4010,0.7681,5.9439,96.8824,H1,base,E3|tp2.0|3h
19,0.0292,0.8421,0.2065,0.1071,-0.0865,0.3007,1.8477,1.0645,15.2105,H1,Q1,E1|tp0.3|1h
19,0.0292,0.8421,0.2146,0.1152,-0.0756,0.3059,1.9742,1.0645,21.5263,H1,Q1,E1|tp0.3|3h
19,0.0292,0.7368,0.1797,0.1455,-0.1134,0.4044,1.7825,1.0645,22.6842,H1,Q1,E1|tp0.5|1h
19,0.0292,0.7895,0.2212,0.1836,-0.0736,0.4407,2.0624,1.0645,35.9474,H1,Q1,E1|tp0.5|3h
19,0.0292,0.6842,0.4509,0.3323,-0.0102,0.6748,2.7182,1.0645,36.3158,H1,Q1,E1|tp1.0|1h
19,0.0292,0.6842,0.4720,0.3242,-0.0787,0.7270,2.1492,2.0569,67.7368,H1,Q1,E1|tp1.0|3h
19,0.0292,0.4737,0.0147,-0.1223,-0.4342,0.1895,0.6419,2.8112,47.2632,H1,Q1,E1|tp2.0|1h
19,0.0292,0.3684,-0.0038,-0.1869,-0.6508,0.2771,0.6520,4.4473,115.6316,H1,Q1,E1|tp2.0|3h
0,0.0000,,,,,,,0.0000,,H1,Q1,E2|tp0.3|1h
2,0.0031,0.5000,-0.3971,-0.4223,-1.5824,0.7378,0.1672,1.0142,143.5000,H1,Q1,E2|tp0.3|3h
0,0.0000,,,,,,,0.0000,,H1,Q1,E2|tp0.5|1h
2,0.0031,0.5000,-0.3971,-0.4223,-1.5824,0.7378,0.1672,1.0142,143.5000,H1,Q1,E2|tp0.5|3h
0,0.0000,,,,,,,0.0000,,H1,Q1,E2|tp1.0|1h
2,0.0031,0.5000,-0.3971,-0.4223,-1.5824,0.7378,0.1672,1.0142,143.5000,H1,Q1,E2|tp1.0|3h
0,0.0000,,,,,,,0.0000,,H1,Q1,E2|tp2.0|1h
2,0.0031,0.5000,-0.3971,-0.4223,-1.5824,0.7378,0.1672,1.0142,143.5000,H1,Q1,E2|tp2.0|3h
3,0.0046,0.6667,-0.1333,-0.1760,-1.0307,0.6786,0.4961,1.0479,3.3333,H1,Q1,E3|tp0.3|1h
3,0.0046,0.6667,-0.1333,-0.1760,-1.0307,0.6786,0.4961,1.0479,3.3333,H1,Q1,E3|tp0.3|3h
3,0.0046,0.6667,-0.0000,-0.0427,-1.0280,0.9426,0.8778,1.0479,3.3333,H1,Q1,E3|tp0.5|1h
3,0.0046,0.6667,-0.0000,-0.0427,-1.0280,0.9426,0.8778,1.0479,3.3333,H1,Q1,E3|tp0.5|3h
3,0.0046,0.6667,0.3333,0.2907,-1.0213,1.6026,1.8321,1.0479,4.3333,H1,Q1,E3|tp1.0|1h
3,0.0046,0.6667,0.3333,0.2907,-1.0213,1.6026,1.8321,1.0479,4.3333,H1,Q1,E3|tp1.0|3h
3,0.0046,0.0000,-0.6888,-0.7529,-1.3730,-0.1328,0.0000,2.2586,24.3333,H1,Q1,E3|tp2.0|1h
3,0.0046,0.3333,0.0000,-0.0538,-2.0438,1.9362,0.9245,2.1380,61.6667,H1,Q1,E3|tp2.0|3h
4,0.0061,0.5000,0.1799,-0.1977,-0.8202,0.4249,0.4127,1.0645,17.0000,H1,Q2,E1|tp0.3|1h
4,0.0061,0.5000,0.2184,-0.1592,-0.7796,0.4612,0.4660,1.0645,47.0000,H1,Q2,E1|tp0.3|3h
4,0.0061,0.5000,-0.0451,-0.0977,-0.8203,0.6249,0.7098,1.0645,23.5000,H1,Q2,E1|tp0.5|1h
4,0.0061,0.5000,-0.0066,-0.0592,-0.7731,0.6547,0.8014,1.0645,53.5000,H1,Q2,E1|tp0.5|3h
4,0.0061,0.2500,0.2049,-0.1273,-0.9523,0.6978,0.6579,1.0645,32.5000,H1,Q2,E1|tp1.0|1h
4,0.0061,0.2500,0.2434,-0.3175,-1.2679,0.6328,0.4353,1.2701,90.2500,H1,Q2,E1|tp1.0|3h
4,0.0061,0.0000,-0.2495,-0.3894,-0.8388,0.0600,0.0000,1.5576,44.5000,H1,Q2,E1|tp2.0|1h
4,0.0061,0.0000,-0.7566,-0.8250,-1.2804,-0.3696,0.0000,3.3001,118.5000,H1,Q2,E1|tp2.0|3h
0,0.0000,,,,,,,0.0000,,H1,Q2,E2|tp0.3|1h
1,0.0015,1.0000,0.2058,0.1696,,,inf,0.0000,179.0000,H1,Q2,E2|tp0.3|3h
0,0.0000,,,,,,,0.0000,,H1,Q2,E2|tp0.5|1h
1,0.0015,1.0000,0.2058,0.1696,,,inf,0.0000,179.0000,H1,Q2,E2|tp0.5|3h
0,0.0000,,,,,,,0.0000,,H1,Q2,E2|tp1.0|1h
1,0.0015,1.0000,0.2058,0.1696,,,inf,0.0000,179.0000,H1,Q2,E2|tp1.0|3h
0,0.0000,,,,,,,0.0000,,H1,Q2,E2|tp2.0|1h
1,0.0015,1.0000,0.2058,0.1696,,,inf,0.0000,179.0000,H1,Q2,E2|tp2.0|3h
1,0.0015,0.0000,-1.0000,-1.0479,,,0.0000,1.0479,8.0000,H1,Q2,E3|tp0.3|1h
1,0.0015,0.0000,-1.0000,-1.0479,,,0.0000,1.0479,8.0000,H1,Q2,E3|tp0.3|3h
1,0.0015,0.0000,-1.0000,-1.0479,,,0.0000,1.0479,8.0000,H1,Q2,E3|tp0.5|1h
1,0.0015,0.0000,-1.0000,-1.0479,,,0.0000,1.0479,8.0000,H1,Q2,E3|tp0.5|3h
1,0.0015,0.0000,-1.0000,-1.0479,,,0.0000,1.0479,8.0000,H1,Q2,E3|tp1.0|1h
1,0.0015,0.0000,-1.0000,-1.0479,,,0.0000,1.0479,8.0000,H1,Q2,E3|tp1.0|3h
1,0.0015,0.0000,-1.0000,-1.0479,,,0.0000,1.0479,8.0000,H1,Q2,E3|tp2.0|1h
1,0.0015,0.0000,-1.0000,-1.0479,,,0.0000,1.0479,8.0000,H1,Q2,E3|tp2.0|3h
3,0.0046,0.6667,-0.1239,-0.1616,-1.0230,0.6997,0.5340,1.0406,2.6667,H1,Q3,E1|tp0.3|1h
3,0.0046,0.6667,-0.1239,-0.1616,-1.0230,0.6997,0.5340,1.0406,2.6667,H1,Q3,E1|tp0.3|3h
3,0.0046,0.6667,0.0094,-0.0283,-1.0204,0.9637,0.9184,1.0406,11.3333,H1,Q3,E1|tp0.5|1h
3,0.0046,0.6667,0.0094,-0.0283,-1.0204,0.9637,0.9184,1.0406,11.3333,H1,Q3,E1|tp0.5|3h
3,0.0046,0.3333,0.3428,-0.0678,-1.2128,1.0772,0.8281,1.1823,23.3333,H1,Q3,E1|tp1.0|1h
3,0.0046,0.3333,0.3428,-0.3728,-1.6975,0.9520,0.4668,2.0973,60.3333,H1,Q3,E1|tp1.0|3h
3,0.0046,0.0000,-0.2631,-0.4173,-1.0295,0.1949,0.0000,1.2519,39.3333,H1,Q3,E1|tp2.0|1h
3,0.0046,0.0000,-0.9906,-1.0494,-1.0586,-1.0402,0.0000,3.1483,98.0000,H1,Q3,E1|tp2.0|3h
0,0.0000,,,,,,,0.0000,,H1,Q3,E2|tp0.3|1h
0,0.0000,,,,,,,0.0000,,H1,Q3,E2|tp0.3|3h
0,0.0000,,,,,,,0.0000,,H1,Q3,E2|tp0.5|1h
0,0.0000,,,,,,,0.0000,,H1,Q3,E2|tp0.5|3h
0,0.0000,,,,,,,0.0000,,H1,Q3,E2|tp1.0|1h
0,0.0000,,,,,,,0.0000,,H1,Q3,E2|tp1.0|3h
0,0.0000,,,,,,,0.0000,,H1,Q3,E2|tp2.0|1h
0,0.0000,,,,,,,0.0000,,H1,Q3,E2|tp2.0|3h
0,0.0000,,,,,,,0.0000,,H1,Q3,E3|tp0.3|1h
1,0.0015,1.0000,0.3000,0.2764,,,inf,0.0000,3.0000,H1,Q3,E3|tp0.3|3h
0,0.0000,,,,,,,0.0000,,H1,Q3,E3|tp0.5|1h
1,0.0015,0.0000,-1.0000,-1.0375,,,0.0000,1.0375,96.0000,H1,Q3,E3|tp0.5|3h
0,0.0000,,,,,,,0.0000,,H1,Q3,E3|tp1.0|1h
1,0.0015,0.0000,-1.0000,-1.0375,,,0.0000,1.0375,96.0000,H1,Q3,E3|tp1.0|3h
0,0.0000,,,,,,,0.0000,,H1,Q3,E3|tp2.0|1h
1,0.0015,0.0000,-1.0000,-1.0375,,,0.0000,1.0375,96.0000,H1,Q3,E3|tp2.0|3h
1,0.0015,1.0000,0.3000,0.2831,,,inf,0.0000,1.0000,H1,Q4,E1|tp0.3|1h
1,0.0015,1.0000,0.3000,0.2831,,,inf,0.0000,1.0000,H1,Q4,E1|tp0.3|3h
1,0.0015,1.0000,0.5000,0.4831,,,inf,0.0000,2.0000,H1,Q4,E1|tp0.5|1h
1,0.0015,1.0000,0.5000,0.4831,,,inf,0.0000,2.0000,H1,Q4,E1|tp0.5|3h
1,0.0015,0.0000,-0.0373,-0.1086,,,0.0000,0.1086,10.0000,H1,Q4,E1|tp1.0|1h
1,0.0015,1.0000,1.0000,0.9831,,,inf,0.0000,155.0000,H1,Q4,E1|tp1.0|3h
1,0.0015,0.0000,-0.0373,-0.1086,,,0.0000,0.1086,10.0000,H1,Q4,E1|tp2.0|1h
1,0.0015,1.0000,0.9623,0.9981,,,inf,0.0000,179.0000,H1,Q4,E1|tp2.0|3h
0,0.0000,,,,,,,0.0000,,H1,Q4,E2|tp0.3|1h
1,0.0015,0.0000,-0.5917,-0.6272,,,0.0000,0.6272,71.0000,H1,Q4,E2|tp0.3|3h
0,0.0000,,,,,,,0.0000,,H1,Q4,E2|tp0.5|1h
1,0.0015,0.0000,-0.5917,-0.6272,,,0.0000,0.6272,71.0000,H1,Q4,E2|tp0.5|3h
0,0.0000,,,,,,,0.0000,,H1,Q4,E2|tp1.0|1h
1,0.0015,0.0000,-0.5917,-0.6272,,,0.0000,0.6272,71.0000,H1,Q4,E2|tp1.0|3h
0,0.0000,,,,,,,0.0000,,H1,Q4,E2|tp2.0|1h
1,0.0015,0.0000,-0.5917,-0.6272,,,0.0000,0.6272,71.0000,H1,Q4,E2|tp2.0|3h
0,0.0000,,,,,,,0.0000,,H1,Q4,E3|tp0.3|1h
0,0.0000,,,,,,,0.0000,,H1,Q4,E3|tp0.3|3h
0,0.0000,,,,,,,0.0000,,H1,Q4,E3|tp0.5|1h
0,0.0000,,,,,,,0.0000,,H1,Q4,E3|tp0.5|3h
0,0.0000,,,,,,,0.0000,,H1,Q4,E3|tp1.0|1h
0,0.0000,,,,,,,0.0000,,H1,Q4,E3|tp1.0|3h
0,0.0000,,,,,,,0.0000,,H1,Q4,E3|tp2.0|1h
0,0.0000,,,,,,,0.0000,,H1,Q4,E3|tp2.0|3h
0,0.0000,,,,,,,0.0000,,H1,Q5,E1|tp0.3|1h
0,0.0000,,,,,,,0.0000,,H1,Q5,E1|tp0.3|3h
0,0.0000,,,,,,,0.0000,,H1,Q5,E1|tp0.5|1h
0,0.0000,,,,,,,0.0000,,H1,Q5,E1|tp0.5|3h
0,0.0000,,,,,,,0.0000,,H1,Q5,E1|tp1.0|1h
0,0.0000,,,,,,,0.0000,,H1,Q5,E1|tp1.0|3h
0,0.0000,,,,,,,0.0000,,H1,Q5,E1|tp2.0|1h
0,0.0000,,,,,,,0.0000,,H1,Q5,E1|tp2.0|3h
0,0.0000,,,,,,,0.0000,,H1,Q5,E2|tp0.3|1h
0,0.0000,,,,,,,0.0000,,H1,Q5,E2|tp0.3|3h
0,0.0000,,,,,,,0.0000,,H1,Q5,E2|tp0.5|1h
0,0.0000,,,,,,,0.0000,,H1,Q5,E2|tp0.5|3h
0,0.0000,,,,,,,0.0000,,H1,Q5,E2|tp1.0|1h
0,0.0000,,,,,,,0.0000,,H1,Q5,E2|tp1.0|3h
0,0.0000,,,,,,,0.0000,,H1,Q5,E2|tp2.0|1h
0,0.0000,,,,,,,0.0000,,H1,Q5,E2|tp2.0|3h
0,0.0000,,,,,,,0.0000,,H1,Q5,E3|tp0.3|1h
0,0.0000,,,,,,,0.0000,,H1,Q5,E3|tp0.3|3h
0,0.0000,,,,,,,0.0000,,H1,Q5,E3|tp0.5|1h
0,0.0000,,,,,,,0.0000,,H1,Q5,E3|tp0.5|3h
0,0.0000,,,,,,,0.0000,,H1,Q5,E3|tp1.0|1h
0,0.0000,,,,,,,0.0000,,H1,Q5,E3|tp1.0|3h
0,0.0000,,,,,,,0.0000,,H1,Q5,E3|tp2.0|1h
0,0.0000,,,,,,,0.0000,,H1,Q5,E3|tp2.0|3h
