cfg,n,per_day,wr,gross,net,lo,hi,pf,maxdd,hold_min,gross_wr,cost_r
E1|tp0.3|1h|all,322,0.4946,0.2298,-0.1979,-1.2307,-1.5494,-0.9120,0.0283,396.2808,1.2422,0.5217,0.7482
E1|tp0.3|1h|cost10,4,0.0061,0.2500,-0.6750,-0.7910,-1.4388,-0.1433,0.0595,3.1641,1.7500,0.2500,0.0900
E1|tp0.3|1h|BTC,127,0.1951,0.1811,-0.2043,-1.6348,-2.3893,-0.8803,0.0148,207.6182,1.2441,0.5039,1.0534
E1|tp0.3|1h|ETH,115,0.1767,0.1652,-0.1612,-1.2075,-1.4825,-0.9326,0.0191,138.8652,1.2348,0.5478,0.7386
E1|tp0.3|1h|SOL,80,0.1229,0.4000,-0.2405,-0.6225,-0.8019,-0.4430,0.1027,49.7975,1.2500,0.5125,0.2777
E1|tp0.3|3h|all,322,0.4946,0.2298,-0.1979,-1.2307,-1.5494,-0.9120,0.0283,396.2808,1.2422,0.5217,0.7482
E1|tp0.3|3h|cost10,4,0.0061,0.2500,-0.6750,-0.7910,-1.4388,-0.1433,0.0595,3.1641,1.7500,0.2500,0.0900
E1|tp0.3|3h|BTC,127,0.1951,0.1811,-0.2043,-1.6348,-2.3893,-0.8803,0.0148,207.6182,1.2441,0.5039,1.0534
E1|tp0.3|3h|ETH,115,0.1767,0.1652,-0.1612,-1.2075,-1.4825,-0.9326,0.0191,138.8652,1.2348,0.5478,0.7386
E1|tp0.3|3h|SOL,80,0.1229,0.4000,-0.2405,-0.6225,-0.8019,-0.4430,0.1027,49.7975,1.2500,0.5125,0.2777
E1|tp0.5|1h|all,322,0.4946,0.3292,-0.1473,-1.1765,-1.4994,-0.8536,0.0695,378.8307,1.6304,0.4876,0.7482
E1|tp0.5|1h|cost10,4,0.0061,0.0000,-0.6250,-1.1260,-1.1435,-1.1085,0.0000,4.5041,5.2500,0.2500,0.0900
E1|tp0.5|1h|BTC,127,0.1951,0.2677,-0.1319,-1.5837,-2.3421,-0.8253,0.0385,201.1301,1.6535,0.4882,1.0534
E1|tp0.5|1h|ETH,115,0.1767,0.3304,-0.1187,-1.1395,-1.4343,-0.8447,0.0613,131.0391,1.4696,0.5043,0.7386
E1|tp0.5|1h|SOL,80,0.1229,0.4250,-0.2130,-0.5833,-0.7802,-0.3864,0.2000,46.6615,1.8250,0.4625,0.2777
E1|tp0.5|3h|all,322,0.4946,0.3292,-0.1473,-1.1765,-1.4994,-0.8536,0.0695,378.8307,1.6304,0.4876,0.7482
E1|tp0.5|3h|cost10,4,0.0061,0.0000,-0.6250,-1.1260,-1.1435,-1.1085,0.0000,4.5041,5.2500,0.2500,0.0900
E1|tp0.5|3h|BTC,127,0.1951,0.2677,-0.1319,-1.5837,-2.3421,-0.8253,0.0385,201.1301,1.6535,0.4882,1.0534
E1|tp0.5|3h|ETH,115,0.1767,0.3304,-0.1187,-1.1395,-1.4343,-0.8447,0.0613,131.0391,1.4696,0.5043,0.7386
E1|tp0.5|3h|SOL,80,0.1229,0.4250,-0.2130,-0.5833,-0.7802,-0.3864,0.2000,46.6615,1.8250,0.4625,0.2777
E1|tp0.75|1h|all,322,0.4946,0.3385,-0.1209,-1.1603,-1.4864,-0.8342,0.1159,373.6165,2.1801,0.4348,0.7482
E1|tp0.75|1h|cost10,4,0.0061,0.0000,-1.0000,-1.1260,-1.1435,-1.1085,0.0000,4.5041,5.2500,0.0000,0.0900
E1|tp0.75|1h|BTC,127,0.1951,0.3071,-0.0847,-1.5394,-2.3031,-0.7758,0.0776,195.5082,2.1890,0.4488,1.0534
E1|tp0.75|1h|ETH,115,0.1767,0.3478,-0.0861,-1.1241,-1.4271,-0.8210,0.1077,129.2684,2.0609,0.4522,0.7386
E1|tp0.75|1h|SOL,80,0.1229,0.3750,-0.2286,-0.6105,-0.8264,-0.3946,0.2570,48.8399,2.3375,0.3875,0.2777
E1|tp0.75|3h|all,322,0.4946,0.3385,-0.1209,-1.1603,-1.4864,-0.8342,0.1159,373.6165,2.1801,0.4348,0.7482
E1|tp0.75|3h|cost10,4,0.0061,0.0000,-1.0000,-1.1260,-1.1435,-1.1085,0.0000,4.5041,5.2500,0.0000,0.0900
E1|tp0.75|3h|BTC,127,0.1951,0.3071,-0.0847,-1.5394,-2.3031,-0.7758,0.0776,195.5082,2.1890,0.4488,1.0534
E1|tp0.75|3h|ETH,115,0.1767,0.3478,-0.0861,-1.1241,-1.4271,-0.8210,0.1077,129.2684,2.0609,0.4522,0.7386
E1|tp0.75|3h|SOL,80,0.1229,0.3750,-0.2286,-0.6105,-0.8264,-0.3946,0.2570,48.8399,2.3375,0.3875,0.2777
E1|tp1.0|1h|all,322,0.4946,0.3199,-0.0961,-1.1575,-1.4872,-0.8278,0.1566,372.7034,2.8137,0.3944,0.7482
E1|tp1.0|1h|cost10,4,0.0061,0.0000,-1.0000,-1.1260,-1.1435,-1.1085,0.0000,4.5041,5.2500,0.0000,0.0900
E1|tp1.0|1h|BTC,127,0.1951,0.3228,-0.0256,-1.4915,-2.2601,-0.7229,0.1155,189.4247,2.7480,0.4252,1.0534
E1|tp1.0|1h|ETH,115,0.1767,0.3043,-0.0795,-1.1786,-1.4901,-0.8671,0.1401,135.5399,2.5826,0.4000,0.7386
E1|tp1.0|1h|SOL,80,0.1229,0.3375,-0.2317,-0.5967,-0.8350,-0.3584,0.3193,47.9161,3.2500,0.3375,0.2777
E1|tp1.0|3h|all,322,0.4946,0.3199,-0.0961,-1.1575,-1.4872,-0.8278,0.1566,372.7034,2.8137,0.3944,0.7482
E1|tp1.0|3h|cost10,4,0.0061,0.0000,-1.0000,-1.1260,-1.1435,-1.1085,0.0000,4.5041,5.2500,0.0000,0.0900
E1|tp1.0|3h|BTC,127,0.1951,0.3228,-0.0256,-1.4915,-2.2601,-0.7229,0.1155,189.4247,2.7480,0.4252,1.0534
E1|tp1.0|3h|ETH,115,0.1767,0.3043,-0.0795,-1.1786,-1.4901,-0.8671,0.1401,135.5399,2.5826,0.4000,0.7386
E1|tp1.0|3h|SOL,80,0.1229,0.3375,-0.2317,-0.5967,-0.8350,-0.3584,0.3193,47.9161,3.2500,0.3375,0.2777
E2|tp0.3|1h|all,134,0.2058,0.5746,-0.0721,-0.2672,-0.3801,-0.1542,0.3447,36.5031,12.5597,0.6119,0.1523
E2|tp0.3|1h|cost10,51,0.0783,0.6667,0.0187,-0.0620,-0.2222,0.0982,0.7713,4.8742,14.9412,0.6667,0.0684
E2|tp0.3|1h|BTC,54,0.0829,0.5741,-0.0909,-0.3096,-0.4868,-0.1325,0.2810,16.8723,13.1667,0.5926,0.1771
E2|tp0.3|1h|ETH,45,0.0691,0.5556,-0.0651,-0.3046,-0.5031,-0.1061,0.2704,13.9282,11.8889,0.6444,0.1762
E2|tp0.3|1h|SOL,35,0.0538,0.6000,-0.0519,-0.1535,-0.3724,0.0654,0.5731,5.9930,12.4857,0.6000,0.0833
E2|tp0.3|3h|all,144,0.2212,0.5903,-0.0901,-0.2846,-0.3968,-0.1724,0.3314,40.9816,14.0000,0.6250,0.1531
E2|tp0.3|3h|cost10,54,0.0829,0.7222,0.0363,-0.0432,-0.2003,0.1139,0.8346,4.1763,17.0556,0.7222,0.0693
E2|tp0.3|3h|BTC,56,0.0860,0.5714,-0.1383,-0.3623,-0.5457,-0.1789,0.2448,20.4415,16.4286,0.5893,0.1821
E2|tp0.3|3h|ETH,51,0.0783,0.5686,-0.0767,-0.3058,-0.4940,-0.1177,0.2750,15.5982,12.0980,0.6471,0.1703
E2|tp0.3|3h|SOL,37,0.0568,0.6486,-0.0358,-0.1377,-0.3519,0.0765,0.6055,5.9026,12.9459,0.6486,0.0854
E2|tp0.5|1h|all,134,0.2058,0.5149,-0.0601,-0.2668,-0.3981,-0.1355,0.4525,37.0601,17.6045,0.5373,0.1523
E2|tp0.5|1h|cost10,51,0.0783,0.6078,0.0805,-0.0033,-0.1959,0.1893,0.9897,3.6146,20.7843,0.6078,0.0684
E2|tp0.5|1h|BTC,54,0.0829,0.5185,-0.0621,-0.2904,-0.4938,-0.0870,0.4088,16.0336,17.2037,0.5370,0.1771
E2|tp0.5|1h|ETH,45,0.0691,0.5111,-0.0909,-0.3177,-0.5462,-0.0892,0.3737,14.7176,17.7333,0.5333,0.1762
E2|tp0.5|1h|SOL,35,0.0538,0.5143,-0.0177,-0.1651,-0.4299,0.0997,0.6378,7.8577,18.0571,0.5429,0.0833
E2|tp0.5|3h|all,144,0.2212,0.5347,-0.0797,-0.2932,-0.4256,-0.1608,0.4403,42.2596,21.5139,0.5486,0.1531
E2|tp0.5|3h|cost10,54,0.0829,0.6667,0.0975,0.0107,-0.1814,0.2028,1.0333,3.4422,25.2407,0.6667,0.0693
E2|tp0.5|3h|BTC,56,0.0860,0.5179,-0.1276,-0.3634,-0.5771,-0.1497,0.3593,20.7024,25.2857,0.5179,0.1821
E2|tp0.5|3h|ETH,51,0.0783,0.5294,-0.0944,-0.3327,-0.5546,-0.1109,0.3804,16.9696,19.6667,0.5490,0.1703
E2|tp0.5|3h|SOL,37,0.0568,0.5676,0.0128,-0.1325,-0.3919,0.1270,0.6991,7.1673,18.3514,0.5946,0.0854
E2|tp0.75|1h|all,134,0.2058,0.4776,-0.0014,-0.2112,-0.3594,-0.0630,0.5896,30.3549,21.1119,0.5149,0.1523
E2|tp0.75|1h|cost10,51,0.0783,0.5490,0.1074,0.0206,-0.2011,0.2423,1.0570,5.2222,26.6471,0.5686,0.0684
E2|tp0.75|1h|BTC,54,0.0829,0.4815,0.0032,-0.2290,-0.4583,0.0002,0.5532,14.0769,21.6111,0.5185,0.1771
E2|tp0.75|1h|ETH,45,0.0691,0.4889,0.0247,-0.2373,-0.5035,0.0289,0.5604,11.3490,19.3556,0.5333,0.1762
E2|tp0.75|1h|SOL,35,0.0538,0.4571,-0.0420,-0.1502,-0.4401,0.1398,0.6907,7.2703,22.6000,0.4857,0.0833
E2|tp0.75|3h|all,144,0.2212,0.5000,-0.0243,-0.2297,-0.3818,-0.0776,0.5935,33.8683,28.0417,0.5069,0.1531
E2|tp0.75|3h|cost10,54,0.0829,0.6296,0.1777,0.0948,-0.1319,0.3214,1.2630,3.1922,34.6481,0.6296,0.0693
E2|tp0.75|3h|BTC,56,0.0860,0.4643,-0.1014,-0.3348,-0.5793,-0.0903,0.4682,19.3514,32.0000,0.4643,0.1821
E2|tp0.75|3h|ETH,51,0.0783,0.5098,0.0066,-0.2403,-0.4979,0.0173,0.5753,12.2539,23.2353,0.5294,0.1703
E2|tp0.75|3h|SOL,37,0.0568,0.5405,0.0498,-0.0561,-0.3515,0.2393,0.8798,6.0693,28.6757,0.5405,0.0854
E2|tp1.0|1h|all,134,0.2058,0.4254,0.0239,-0.2108,-0.3736,-0.0480,0.6232,31.0494,24.6493,0.4701,0.1523
E2|tp1.0|1h|cost10,51,0.0783,0.4510,0.0464,-0.0464,-0.2953,0.2025,0.8936,7.4930,32.6078,0.4706,0.0684
E2|tp1.0|1h|BTC,54,0.0829,0.4630,0.0744,-0.1603,-0.4132,0.0925,0.6911,13.5567,23.7037,0.5000,0.1771
E2|tp1.0|1h|ETH,45,0.0691,0.4444,0.0702,-0.2153,-0.5055,0.0750,0.6215,11.0202,23.0889,0.4889,0.1762
E2|tp1.0|1h|SOL,35,0.0538,0.3429,-0.1134,-0.2829,-0.6021,0.0364,0.5362,11.8750,28.1143,0.4000,0.0833
E2|tp1.0|3h|all,144,0.2212,0.4306,-0.0141,-0.2524,-0.4209,-0.0839,0.6042,38.7996,36.3264,0.4514,0.1531
E2|tp1.0|3h|cost10,54,0.0829,0.5000,0.0660,-0.0225,-0.2890,0.2441,0.9541,6.9661,52.2963,0.5000,0.0693
E2|tp1.0|3h|BTC,56,0.0860,0.4286,-0.0466,-0.2814,-0.5531,-0.0097,0.5705,18.9995,37.9286,0.4286,0.1821
E2|tp1.0|3h|ETH,51,0.0783,0.4314,0.0093,-0.2864,-0.5722,-0.0007,0.5642,14.6691,34.6275,0.4706,0.1703
E2|tp1.0|3h|SOL,37,0.0568,0.4324,0.0029,-0.1616,-0.4945,0.1712,0.7234,9.1488,36.2432,0.4595,0.0854
E3|tp0.3|1h|all,249,0.3825,0.3414,-0.2528,-0.8101,-1.0436,-0.5767,0.0587,201.7206,6.5221,0.6024,0.3478
E3|tp0.3|1h|cost10,57,0.0876,0.6842,-0.0177,-0.1183,-0.2580,0.0214,0.5456,6.7426,14.5088,0.7018,0.0663
E3|tp0.3|1h|BTC,101,0.1551,0.2574,-0.3790,-1.1444,-1.6663,-0.6226,0.0322,115.5864,5.7426,0.6040,0.4845
E3|tp0.3|1h|ETH,92,0.1413,0.3043,-0.2250,-0.7615,-0.9849,-0.5382,0.0500,70.0620,7.0435,0.5652,0.3329
E3|tp0.3|1h|SOL,56,0.0860,0.5536,-0.0706,-0.2870,-0.4618,-0.1122,0.2388,16.2788,7.0714,0.6607,0.1256
E3|tp0.3|3h|all,301,0.4624,0.3787,-0.2287,-0.7608,-0.9719,-0.5498,0.0699,229.0112,11.1628,0.6279,0.3291
E3|tp0.3|3h|cost10,81,0.1244,0.6914,-0.0373,-0.1324,-0.2553,-0.0096,0.5259,10.7250,28.2346,0.7160,0.0628
E3|tp0.3|3h|BTC,118,0.1813,0.2797,-0.3595,-1.1197,-1.6090,-0.6304,0.0341,132.1240,10.6186,0.6186,0.4768
E3|tp0.3|3h|ETH,115,0.1767,0.3391,-0.2115,-0.6991,-0.8891,-0.5092,0.0581,80.3976,9.5217,0.5826,0.3052
E3|tp0.3|3h|SOL,68,0.1045,0.6176,-0.0310,-0.2425,-0.4002,-0.0848,0.3149,16.6961,14.8824,0.7206,0.1132
E3|tp0.5|1h|all,249,0.3825,0.4096,-0.2170,-0.7849,-1.0199,-0.5499,0.1220,195.4415,10.3855,0.5502,0.3478
E3|tp0.5|1h|cost10,57,0.0876,0.5789,-0.0441,-0.1499,-0.3217,0.0218,0.5839,8.5470,23.5088,0.5965,0.0663
E3|tp0.5|1h|BTC,101,0.1551,0.3861,-0.3069,-1.1027,-1.6258,-0.5795,0.0790,111.3706,9.3366,0.5644,0.4845
E3|tp0.5|1h|ETH,92,0.1413,0.3587,-0.1762,-0.7197,-0.9466,-0.4927,0.1105,66.2085,11.4783,0.5217,0.3329
E3|tp0.5|1h|SOL,56,0.0860,0.5357,-0.1220,-0.3190,-0.5224,-0.1156,0.3442,18.6689,10.4821,0.5714,0.1256
E3|tp0.5|3h|all,301,0.4624,0.4352,-0.2022,-0.7390,-0.9522,-0.5258,0.1430,222.4463,18.7243,0.5714,0.3291
E3|tp0.5|3h|cost10,81,0.1244,0.5926,-0.0498,-0.1485,-0.3012,0.0041,0.6098,12.8063,48.4815,0.6296,0.0628
E3|tp0.5|3h|BTC,118,0.1813,0.3729,-0.3255,-1.1128,-1.6024,-0.6232,0.0770,131.3080,18.0763,0.5593,0.4768
E3|tp0.5|3h|ETH,115,0.1767,0.4174,-0.1419,-0.6342,-0.8322,-0.4362,0.1533,72.9329,16.0261,0.5565,0.3052
E3|tp0.5|3h|SOL,68,0.1045,0.5735,-0.0904,-0.2677,-0.4522,-0.0833,0.4156,19.0120,24.4118,0.6176,0.1132
E3|tp0.75|1h|all,249,0.3825,0.4096,-0.1695,-0.7625,-1.0031,-0.5220,0.1897,189.8669,13.8996,0.5181,0.3478
E3|tp0.75|1h|cost10,57,0.0876,0.4912,-0.0593,-0.1693,-0.3680,0.0294,0.6089,9.6495,30.5439,0.5088,0.0663
E3|tp0.75|1h|BTC,101,0.1551,0.4059,-0.2602,-1.0361,-1.5605,-0.5116,0.1393,104.6413,13.2574,0.5248,0.4845
E3|tp0.75|1h|ETH,92,0.1413,0.3587,-0.1146,-0.7464,-1.0033,-0.4896,0.1601,68.8917,15.0652,0.5000,0.3329
E3|tp0.75|1h|SOL,56,0.0860,0.5000,-0.0960,-0.2956,-0.5283,-0.0629,0.4656,18.1091,13.1429,0.5357,0.1256
E3|tp0.75|3h|all,301,0.4624,0.4186,-0.1667,-0.7283,-0.9468,-0.5098,0.2137,219.2157,27.2824,0.5249,0.3291
E3|tp0.75|3h|cost10,81,0.1244,0.5062,-0.0546,-0.1564,-0.3353,0.0225,0.6619,14.4604,68.2469,0.5309,0.0628
E3|tp0.75|3h|BTC,118,0.1813,0.3898,-0.2904,-1.0606,-1.5523,-0.5689,0.1377,125.1551,25.0424,0.5169,0.4768
E3|tp0.75|3h|ETH,115,0.1767,0.3913,-0.0927,-0.6661,-0.8902,-0.4420,0.2125,76.8174,27.0957,0.5130,0.3052
E3|tp0.75|3h|SOL,68,0.1045,0.5147,-0.0771,-0.2568,-0.4684,-0.0452,0.5200,19.0185,31.4853,0.5588,0.1132
E3|tp1.0|1h|all,249,0.3825,0.4056,-0.1053,-0.7045,-0.9480,-0.4611,0.2555,175.4225,16.7871,0.5141,0.3478
E3|tp1.0|1h|cost10,57,0.0876,0.4561,-0.0262,-0.1401,-0.3548,0.0746,0.6837,8.5892,34.0175,0.4737,0.0663
E3|tp1.0|1h|BTC,101,0.1551,0.4059,-0.1679,-0.9734,-1.4967,-0.4502,0.1841,98.3159,17.1980,0.5347,0.4845
E3|tp1.0|1h|ETH,92,0.1413,0.3370,-0.1161,-0.7315,-0.9990,-0.4640,0.2062,67.7648,16.6848,0.4783,0.3329
E3|tp1.0|1h|SOL,56,0.0860,0.5179,0.0253,-0.1752,-0.4346,0.0842,0.6766,12.1171,16.2143,0.5357,0.1256
E3|tp1.0|3h|all,301,0.4624,0.4053,-0.1102,-0.6814,-0.9036,-0.4592,0.2831,205.1015,33.5548,0.5083,0.3291
E3|tp1.0|3h|cost10,81,0.1244,0.4321,-0.0671,-0.1719,-0.3708,0.0271,0.6684,15.3358,79.4568,0.4691,0.0628
E3|tp1.0|3h|BTC,118,0.1813,0.3898,-0.1866,-0.9986,-1.4921,-0.5052,0.1931,117.8387,33.6695,0.5169,0.4768
E3|tp1.0|3h|ETH,115,0.1767,0.3652,-0.0894,-0.6442,-0.8811,-0.4074,0.2739,74.7857,31.6000,0.4870,0.3052
E3|tp1.0|3h|SOL,68,0.1045,0.5000,-0.0128,-0.1937,-0.4290,0.0415,0.6534,15.4815,36.6618,0.5294,0.1132
