n,per_day,wr,gross,net,lo,hi,pf,maxdd,hold_min,cfg,entry,tp,hold,be,filt,stage
12835,19.7158,0.4164,-0.0721,-0.6326,-0.6594,-0.6057,0.1206,8119.2015,4.4690,E1|tp0.3|1h|be0|all,E1,0.3000,1h,0,all,A
4930,7.5730,0.5682,-0.0182,-0.3055,-0.3256,-0.2854,0.2965,1506.1090,8.0128,E1|tp0.3|1h|be0|noM5,E1,0.3000,1h,0,noM5,A
9206,14.1413,0.4609,-0.0553,-0.4922,-0.5082,-0.4762,0.1686,4531.4941,4.8610,E1|tp0.3|1h|be0|noCrypto,E1,0.3000,1h,0,noCrypto,A
3396,5.2166,0.6190,-0.0132,-0.1813,-0.2021,-0.1606,0.4822,616.2851,8.9496,E1|tp0.3|1h|be0|cost10,E1,0.3000,1h,0,cost10,A
839,1.2888,0.6579,0.0121,-0.1294,-0.1692,-0.0895,0.5654,110.7601,14.7604,E1|tp0.3|1h|be0|H1H4,E1,0.3000,1h,0,H1H4,A
12835,19.7158,0.4220,-0.0476,-0.6212,-0.6488,-0.5935,0.1985,7973.1171,6.4036,E1|tp0.5|1h|be0|all,E1,0.5000,1h,0,all,A
4930,7.5730,0.5229,0.0027,-0.2966,-0.3195,-0.2738,0.4144,1462.4331,11.6189,E1|tp0.5|1h|be0|noM5,E1,0.5000,1h,0,noM5,A
9206,14.1413,0.4444,-0.0311,-0.4821,-0.4998,-0.4644,0.2618,4439.1608,6.9114,E1|tp0.5|1h|be0|noCrypto,E1,0.5000,1h,0,noCrypto,A
3396,5.2166,0.5350,0.0045,-0.1734,-0.1979,-0.1490,0.5885,589.8914,12.9923,E1|tp0.5|1h|be0|cost10,E1,0.5000,1h,0,cost10,A
839,1.2888,0.5518,0.0170,-0.1418,-0.1894,-0.0943,0.6292,120.5770,21.1049,E1|tp0.5|1h|be0|H1H4,E1,0.5000,1h,0,H1H4,A
12835,19.7158,0.3865,-0.0332,-0.6187,-0.6473,-0.5902,0.2639,7942.0417,8.4989,E1|tp0.75|1h|be0|all,E1,0.7500,1h,0,all,A
4930,7.5730,0.4538,0.0022,-0.3039,-0.3295,-0.2782,0.4789,1498.0523,15.3448,E1|tp0.75|1h|be0|noM5,E1,0.7500,1h,0,noM5,A
9206,14.1413,0.3938,-0.0154,-0.4797,-0.4993,-0.4601,0.3329,4418.3069,9.0520,E1|tp0.75|1h|be0|noCrypto,E1,0.7500,1h,0,noCrypto,A
3396,5.2166,0.4573,0.0033,-0.1854,-0.2136,-0.1573,0.6251,631.0390,16.9476,E1|tp0.75|1h|be0|cost10,E1,0.7500,1h,0,cost10,A
839,1.2888,0.4839,0.0115,-0.1398,-0.1938,-0.0859,0.6781,119.1572,26.9607,E1|tp0.75|1h|be0|H1H4,E1,0.7500,1h,0,H1H4,A
12835,19.7158,0.3528,-0.0254,-0.6139,-0.6433,-0.5845,0.3091,7881.1026,10.2957,E1|tp1.0|1h|be0|all,E1,1.0000,1h,0,all,A
4930,7.5730,0.4059,0.0014,-0.3052,-0.3332,-0.2772,0.5167,1505.2060,18.3375,E1|tp1.0|1h|be0|noM5,E1,1.0000,1h,0,noM5,A
9206,14.1413,0.3539,-0.0107,-0.4747,-0.4960,-0.4535,0.3792,4374.0569,10.9034,E1|tp1.0|1h|be0|noCrypto,E1,1.0000,1h,0,noCrypto,A
3396,5.2166,0.4114,0.0053,-0.1839,-0.2149,-0.1529,0.6554,627.7405,20.1528,E1|tp1.0|1h|be0|cost10,E1,1.0000,1h,0,cost10,A
839,1.2888,0.4482,0.0215,-0.1335,-0.1916,-0.0753,0.7079,115.6226,30.8486,E1|tp1.0|1h|be0|H1H4,E1,1.0000,1h,0,H1H4,A
4321,6.6375,0.5550,-0.0391,-0.2525,-0.2720,-0.2331,0.3632,1091.7051,16.9986,E2|tp0.3|1h|be0|all,E2,0.3000,1h,0,all,A
544,0.8356,0.5607,-0.0368,-0.1452,-0.1907,-0.0996,0.5069,81.8922,30.1912,E2|tp0.3|1h|be0|noM5,E2,0.3000,1h,0,noM5,A
3055,4.6928,0.5768,-0.0213,-0.2143,-0.2368,-0.1918,0.4237,655.0818,17.0354,E2|tp0.3|1h|be0|noCrypto,E2,0.3000,1h,0,noCrypto,A
2587,3.9739,0.5934,-0.0249,-0.1532,-0.1759,-0.1306,0.5299,397.1438,20.2223,E2|tp0.3|1h|be0|cost10,E2,0.3000,1h,0,cost10,A
15,0.0230,0.4667,-0.0697,-0.1009,-0.2881,0.0862,0.4639,1.6521,42.8667,E2|tp0.3|1h|be0|H1H4,E2,0.3000,1h,0,H1H4,A
4321,6.6375,0.4934,-0.0417,-0.2515,-0.2736,-0.2293,0.4552,1087.7489,22.2168,E2|tp0.5|1h|be0|all,E2,0.5000,1h,0,all,A
544,0.8356,0.4706,-0.0475,-0.1547,-0.2068,-0.1025,0.5509,87.3386,38.4908,E2|tp0.5|1h|be0|noM5,E2,0.5000,1h,0,noM5,A
3055,4.6928,0.4966,-0.0313,-0.2155,-0.2412,-0.1897,0.5068,661.2022,22.3607,E2|tp0.5|1h|be0|noCrypto,E2,0.5000,1h,0,noCrypto,A
2587,3.9739,0.5099,-0.0271,-0.1477,-0.1740,-0.1215,0.6144,384.9849,26.2408,E2|tp0.5|1h|be0|cost10,E2,0.5000,1h,0,cost10,A
15,0.0230,0.4000,-0.0526,-0.0840,-0.2895,0.1214,0.5617,1.6521,48.8667,E2|tp0.5|1h|be0|H1H4,E2,0.5000,1h,0,H1H4,A
4321,6.6375,0.4286,-0.0349,-0.2554,-0.2802,-0.2306,0.5049,1106.7027,27.0375,E2|tp0.75|1h|be0|all,E2,0.7500,1h,0,all,A
544,0.8356,0.4320,-0.0435,-0.1461,-0.2027,-0.0894,0.5973,84.1760,43.1305,E2|tp0.75|1h|be0|noM5,E2,0.7500,1h,0,noM5,A
3055,4.6928,0.4311,-0.0245,-0.2191,-0.2479,-0.1904,0.5500,673.5127,27.2527,E2|tp0.75|1h|be0|noCrypto,E2,0.7500,1h,0,noCrypto,A
2587,3.9739,0.4468,-0.0190,-0.1484,-0.1777,-0.1191,0.6499,388.5093,31.5891,E2|tp0.75|1h|be0|cost10,E2,0.7500,1h,0,cost10,A
15,0.0230,0.2667,-0.1231,-0.1593,-0.3282,0.0095,0.2079,2.3902,55.8667,E2|tp0.75|1h|be0|H1H4,E2,0.7500,1h,0,H1H4,A
4321,6.6375,0.3907,-0.0364,-0.2575,-0.2842,-0.2308,0.5304,1114.2008,30.1733,E2|tp1.0|1h|be0|all,E2,1.0000,1h,0,all,A
544,0.8356,0.4136,-0.0378,-0.1486,-0.2087,-0.0885,0.6064,87.1658,45.5092,E2|tp1.0|1h|be0|noM5,E2,1.0000,1h,0,noM5,A
3055,4.6928,0.3964,-0.0228,-0.2161,-0.2472,-0.1851,0.5800,662.4165,30.2308,E2|tp1.0|1h|be0|noCrypto,E2,1.0000,1h,0,noCrypto,A
2587,3.9739,0.4140,-0.0213,-0.1479,-0.1796,-0.1162,0.6692,387.4062,34.7383,E2|tp1.0|1h|be0|cost10,E2,1.0000,1h,0,cost10,A
15,0.0230,0.2667,-0.1231,-0.1593,-0.3282,0.0095,0.2079,2.3902,55.8667,E2|tp1.0|1h|be0|H1H4,E2,1.0000,1h,0,H1H4,A
6032,9.2657,0.4332,-0.1388,-0.5065,-0.5345,-0.4786,0.1253,3055.4268,7.6757,E3|tp0.3|1h|be0|all,E3,0.3000,1h,0,all,A
1467,2.2535,0.5208,-0.1283,-0.3466,-0.3896,-0.3036,0.2163,509.4855,9.9441,E3|tp0.3|1h|be0|noM5,E3,0.3000,1h,0,noM5,A
4174,6.4117,0.4851,-0.1407,-0.4244,-0.4502,-0.3986,0.1680,1771.7637,7.4969,E3|tp0.3|1h|be0|noCrypto,E3,0.3000,1h,0,noCrypto,A
2675,4.1091,0.6164,-0.0887,-0.2326,-0.2579,-0.2073,0.3568,624.5028,10.9622,E3|tp0.3|1h|be0|cost10,E3,0.3000,1h,0,cost10,A
124,0.1905,0.5645,-0.0987,-0.2276,-0.3299,-0.1254,0.3499,28.9101,14.0081,E3|tp0.3|1h|be0|H1H4,E3,0.3000,1h,0,H1H4,A
6032,9.2657,0.4554,-0.1011,-0.4827,-0.5120,-0.4535,0.2283,2911.9131,11.5739,E3|tp0.5|1h|be0|all,E3,0.5000,1h,0,all,A
1467,2.2535,0.5126,-0.0927,-0.3100,-0.3565,-0.2636,0.3614,457.2500,14.6053,E3|tp0.5|1h|be0|noM5,E3,0.5000,1h,0,noM5,A
4174,6.4117,0.4856,-0.1045,-0.4051,-0.4330,-0.3771,0.2853,1691.5888,11.2012,E3|tp0.5|1h|be0|noCrypto,E3,0.5000,1h,0,noCrypto,A
2675,4.1091,0.5458,-0.0773,-0.2264,-0.2553,-0.1974,0.4822,609.0414,16.4811,E3|tp0.5|1h|be0|cost10,E3,0.5000,1h,0,cost10,A
124,0.1905,0.4919,-0.0606,-0.2080,-0.3275,-0.0885,0.4812,26.4616,19.5565,E3|tp0.5|1h|be0|H1H4,E3,0.5000,1h,0,H1H4,A
6032,9.2657,0.4461,-0.0713,-0.4633,-0.4943,-0.4323,0.3198,2794.8372,15.5439,E3|tp0.75|1h|be0|all,E3,0.7500,1h,0,all,A
1467,2.2535,0.4813,-0.0766,-0.2998,-0.3501,-0.2495,0.4488,443.1193,19.6380,E3|tp0.75|1h|be0|noM5,E3,0.7500,1h,0,noM5,A
4174,6.4117,0.4593,-0.0814,-0.3875,-0.4180,-0.3570,0.3811,1620.0940,15.0022,E3|tp0.75|1h|be0|noCrypto,E3,0.7500,1h,0,noCrypto,A
2675,4.1091,0.4890,-0.0630,-0.2193,-0.2519,-0.1866,0.5615,592.0383,21.6774,E3|tp0.75|1h|be0|cost10,E3,0.7500,1h,0,cost10,A
124,0.1905,0.4919,-0.0852,-0.2094,-0.3450,-0.0737,0.5369,28.3951,26.2177,E3|tp0.75|1h|be0|H1H4,E3,0.7500,1h,0,H1H4,A
6032,9.2657,0.4199,-0.0499,-0.4574,-0.4902,-0.4247,0.3756,2759.9426,18.8166,E3|tp1.0|1h|be0|all,E3,1.0000,1h,0,all,A
1467,2.2535,0.4492,-0.0579,-0.2920,-0.3461,-0.2380,0.5049,430.9622,23.5099,E3|tp1.0|1h|be0|noM5,E3,1.0000,1h,0,noM5,A
4174,6.4117,0.4229,-0.0622,-0.3866,-0.4197,-0.3535,0.4314,1614.4478,17.9571,E3|tp1.0|1h|be0|noCrypto,E3,1.0000,1h,0,noCrypto,A
2675,4.1091,0.4452,-0.0525,-0.2137,-0.2492,-0.1782,0.6026,573.7016,25.5185,E3|tp1.0|1h|be0|cost10,E3,1.0000,1h,0,cost10,A
124,0.1905,0.4839,-0.0311,-0.1933,-0.3502,-0.0364,0.6114,30.3645,28.7984,E3|tp1.0|1h|be0|H1H4,E3,1.0000,1h,0,H1H4,A
839,1.2888,0.6901,0.0186,-0.1191,-0.1633,-0.0750,0.6126,102.1848,20.5423,E1|tp0.3|3h|be0|H1H4,E1,0.3000,3h,0,H1H4,B
839,1.2888,0.2265,-0.0057,-0.1619,-0.1891,-0.1346,0.2926,137.0778,7.1013,E1|tp0.3|1h|be1|H1H4,E1,0.3000,1h,1,H1H4,B
839,1.2888,0.2312,-0.0056,-0.1593,-0.1871,-0.1314,0.3050,134.9080,9.1549,E1|tp0.3|3h|be1|H1H4,E1,0.3000,3h,1,H1H4,B
3396,5.2166,0.6357,-0.0099,-0.1805,-0.2037,-0.1574,0.5017,613.4583,11.5044,E1|tp0.3|3h|be0|cost10,E1,0.3000,3h,0,cost10,B
3396,5.2166,0.2108,-0.0262,-0.2144,-0.2288,-0.2000,0.2394,727.9847,4.0986,E1|tp0.3|1h|be1|cost10,E1,0.3000,1h,1,cost10,B
3396,5.2166,0.2141,-0.0249,-0.2119,-0.2273,-0.1965,0.2530,719.5752,5.0875,E1|tp0.3|3h|be1|cost10,E1,0.3000,3h,1,cost10,B
4432,6.8080,0.6568,-0.0688,-0.1955,-0.2152,-0.1758,0.4288,869.2550,24.1909,E3|tp0.3|3h|be0|cost10,E3,0.3000,3h,0,cost10,B
2675,4.1091,0.2583,-0.0844,-0.2370,-0.2576,-0.2163,0.1910,634.1928,6.0983,E3|tp0.3|1h|be1|cost10,E3,0.3000,1h,1,cost10,B
4432,6.8080,0.2651,-0.0665,-0.2049,-0.2207,-0.1892,0.2325,908.4588,13.0988,E3|tp0.3|3h|be1|cost10,E3,0.3000,3h,1,cost10,B
3695,5.6759,0.6384,-0.0198,-0.1357,-0.1559,-0.1155,0.5814,501.8050,38.6733,E2|tp0.3|3h|be0|cost10,E2,0.3000,3h,0,cost10,B
2587,3.9739,0.2744,-0.0122,-0.1467,-0.1639,-0.1296,0.3818,379.6221,12.7893,E2|tp0.3|1h|be1|cost10,E2,0.3000,1h,1,cost10,B
3695,5.6759,0.2771,-0.0179,-0.1407,-0.1553,-0.1261,0.3901,519.9398,23.9938,E2|tp0.3|3h|be1|cost10,E2,0.3000,3h,1,cost10,B
4101,6.2995,0.6155,-0.0153,-0.1929,-0.2132,-0.1725,0.4729,791.1635,31.2153,E2|tp0.3|3h|be0|noCrypto,E2,0.3000,3h,0,noCrypto,B
3055,4.6928,0.2448,-0.0145,-0.2185,-0.2355,-0.2015,0.2645,667.5232,10.5617,E2|tp0.3|1h|be1|noCrypto,E2,0.3000,1h,1,noCrypto,B
4101,6.2995,0.2453,-0.0192,-0.2084,-0.2232,-0.1936,0.2738,854.5781,19.1661,E2|tp0.3|3h|be1|noCrypto,E2,0.3000,3h,1,noCrypto,B
