group,configs,eligible,train_net_pos,test_net_pos,eligible_train_net_pos,eligible_test_net_pos,train_gross_pos,test_gross_pos,median_train_net,median_test_net,best_train_t
M5,648,540,0,86,0,80,156,317,-0.4939842025563971,-0.1106405804879949,-0.8715408840542163
M15,648,432,2,104,0,39,70,139,-0.35233812270440734,-0.18319872219056554,-0.2246378526423355
M30,648,270,61,253,18,162,263,285,-0.2005802182637973,0.041713068999213246,0.7327537585394128
H1,648,126,213,214,0,23,337,245,-0.17162217390469736,-0.14092258055148527,-0.0050127880039054
H4,1080,0,72,138,0,0,88,138,,,
D1,1080,0,228,140,0,0,238,140,,,
W,1080,0,90,0,0,0,126,0,,,
MIX-H4,324,0,66,72,0,0,82,72,,,
MIX-D1,324,0,0,0,0,0,0,0,,,
