session,tf,sl_atr_mult,tp,hold,cost,period,n,avg,lo,hi,wr,cost_risk
all,M5,0.6136582653105462,1.0,60.0,1.0,train,1930,-0.45862265084850007,-0.502798673763025,-0.4144466279339751,0.33471502590673574,0.3922646160779956
all,M5,0.6136582653105462,1.0,60.0,1.0,test,971,-0.23569692720740773,-0.29849750731994296,-0.1728963470948725,0.4057672502574665,0.13935049309438718
all,M5,0.6136582653105462,1.0,120.0,1.0,train,1930,-0.4547278327329453,-0.4996185429159883,-0.40983712254990234,0.3404145077720207,0.3922646160779956
all,M5,0.6136582653105462,1.0,120.0,1.0,test,971,-0.24081000797084895,-0.3038086281136391,-0.17781138782805878,0.4047373841400618,0.13935049309438718
all,M5,0.6136582653105462,1.0,180.0,1.0,train,1930,-0.4524560934902911,-0.49752747575157386,-0.4073847112290083,0.34145077720207256,0.3922646160779956
all,M5,0.6136582653105462,1.0,180.0,1.0,test,971,-0.24073248440057796,-0.30379870997677133,-0.17766625882438458,0.4047373841400618,0.13935049309438718
all,M5,0.6136582653105462,2.0,60.0,1.0,train,1930,-0.4385389770387687,-0.4951474751095165,-0.3819304789680209,0.24611398963730569,0.3922646160779956
all,M5,0.6136582653105462,2.0,60.0,1.0,test,971,-0.25813475720541723,-0.3410704971881224,-0.17519901722271208,0.27188465499485065,0.13935049309438718
all,M5,0.6136582653105462,2.0,120.0,1.0,train,1930,-0.4470166626777367,-0.5063551369815591,-0.3876781883739143,0.23937823834196892,0.3922646160779956
all,M5,0.6136582653105462,2.0,120.0,1.0,test,971,-0.2664925714745396,-0.35034114990074855,-0.18264399304833062,0.2646755921730175,0.13935049309438718
all,M5,0.6136582653105462,2.0,180.0,1.0,train,1930,-0.44534319593916005,-0.5049486175915823,-0.3857377742867379,0.23834196891191708,0.3922646160779956
all,M5,0.6136582653105462,2.0,180.0,1.0,test,971,-0.26950543836988433,-0.35350552272243485,-0.1855053540173338,0.26364572605561276,0.13935049309438718
all,M5,0.6136582653105462,3.0,60.0,1.0,train,1930,-0.41541467877570903,-0.48063338986423043,-0.35019596768718764,0.21709844559585492,0.3922646160779956
all,M5,0.6136582653105462,3.0,60.0,1.0,test,971,-0.28929384830931526,-0.3844409546542659,-0.1941467419643646,0.21627188465499486,0.13935049309438718
all,M5,0.6136582653105462,3.0,120.0,1.0,train,1930,-0.4252364386954503,-0.49496499786631143,-0.3555078795245892,0.19948186528497408,0.3922646160779956
all,M5,0.6136582653105462,3.0,120.0,1.0,test,971,-0.3019813902054075,-0.4005255248854629,-0.20343725552535208,0.19464469618949537,0.13935049309438718
all,M5,0.6136582653105462,3.0,180.0,1.0,train,1930,-0.4242113168240582,-0.49483712981797057,-0.35358550383014586,0.19481865284974093,0.3922646160779956
all,M5,0.6136582653105462,3.0,180.0,1.0,test,971,-0.3034554710240438,-0.40270636683051475,-0.20420457521757282,0.19155509783728114,0.13935049309438718
all,M5,0.6136582653105462,1.0,60.0,0.0,train,1930,-0.010439195806571589,-0.05479210249370986,0.033913710880566675,0.4937823834196891,0.4966266639946619
all,M5,0.6136582653105462,1.0,60.0,0.0,test,971,-0.06776210355042456,-0.13079438724053372,-0.004729819860315385,0.46755921730175076,0.15059253448946258
all,M5,0.6136582653105462,1.0,120.0,0.0,train,1930,-0.009977099919648166,-0.054749758147842095,0.03479555830854576,0.4948186528497409,0.4966266639946619
all,M5,0.6136582653105462,1.0,120.0,0.0,test,971,-0.07225601607971037,-0.1354200633854354,-0.009091968773985326,0.46446961894953653,0.15059253448946258
all,M5,0.6136582653105462,1.0,180.0,0.0,train,1930,-0.0085757888647524,-0.053593394678302604,0.0364418169487978,0.49430051813471504,0.4966266639946619
all,M5,0.6136582653105462,1.0,180.0,0.0,test,971,-0.0709245274181346,-0.13412405857305398,-0.007724996263215225,0.4654994850669413,0.15059253448946258
all,M5,0.6136582653105462,2.0,60.0,0.0,train,1930,0.011059918030502413,-0.05088843281972827,0.0730082688807331,0.3455958549222798,0.4966266639946619
all,M5,0.6136582653105462,2.0,60.0,0.0,test,971,-0.04883395931856644,-0.13599576244127484,0.03832784380414197,0.32440782698249226,0.15059253448946258
all,M5,0.6136582653105462,2.0,120.0,0.0,train,1930,0.006797492571364694,-0.057374953245606944,0.07096993838833633,0.3404145077720207,0.4966266639946619
all,M5,0.6136582653105462,2.0,120.0,0.0,test,971,-0.06279410286160338,-0.15047014376397128,0.024881938040764537,0.3141091658084449,0.15059253448946258
all,M5,0.6136582653105462,2.0,180.0,0.0,train,1930,0.008555911387173858,-0.05589073196635966,0.07300255474070738,0.338860103626943,0.4966266639946619
all,M5,0.6136582653105462,2.0,180.0,0.0,test,971,-0.06523518934248242,-0.1529236436207296,0.022453264935764772,0.31307929969104015,0.15059253448946258
all,M5,0.6136582653105462,3.0,60.0,0.0,train,1930,0.05339048379223652,-0.02130863749245534,0.12808960507692838,0.2932642487046632,0.4966266639946619
all,M5,0.6136582653105462,3.0,60.0,0.0,test,971,-0.10394870088286168,-0.20530836057892735,-0.0025890411867960095,0.24922760041194644,0.15059253448946258
all,M5,0.6136582653105462,3.0,120.0,0.0,train,1930,0.030534775893864618,-0.04762688508176782,0.10869643686949707,0.2694300518134715,0.4966266639946619
all,M5,0.6136582653105462,3.0,120.0,0.0,test,971,-0.12203797533933809,-0.22570100511307184,-0.01837494556560433,0.2255406797116375,0.15059253448946258
all,M5,0.6136582653105462,3.0,180.0,0.0,train,1930,0.02990695429830635,-0.04876849616557519,0.10858240476218789,0.26528497409326424,0.4966266639946619
all,M5,0.6136582653105462,3.0,180.0,0.0,test,971,-0.12174406943486282,-0.22599706919902798,-0.017491069670697662,0.22245108135942326,0.15059253448946258
all,M15,0.6106027329296804,1.0,60.0,1.0,train,1930,-0.3163130837244543,-0.35774877607408656,-0.2748773913748221,0.3663212435233161,0.23412754243016737
all,M15,0.6106027329296804,1.0,60.0,1.0,test,971,-0.11214534236669785,-0.17311879069100833,-0.05117189404238738,0.45829042224510813,0.08000391478136194
all,M15,0.6106027329296804,1.0,120.0,1.0,train,1930,-0.32760637300688966,-0.3724391579996307,-0.28277358801414865,0.3746113989637306,0.23412754243016737
all,M15,0.6106027329296804,1.0,120.0,1.0,test,971,-0.11087179355419895,-0.17385203560492046,-0.047891551503477445,0.4603501544799176,0.08000391478136194
all,M15,0.6106027329296804,1.0,180.0,1.0,train,1930,-0.33434150613348734,-0.37996201317853356,-0.2887209990884411,0.3746113989637306,0.23412754243016737
all,M15,0.6106027329296804,1.0,180.0,1.0,test,971,-0.10944973301905904,-0.17278110760473175,-0.04611835843338634,0.46138002059732236,0.08000391478136194
all,M15,0.6106027329296804,2.0,60.0,1.0,train,1930,-0.3314642038544327,-0.3811929513828415,-0.2817354563260239,0.2911917098445596,0.23412754243016737
all,M15,0.6106027329296804,2.0,60.0,1.0,test,971,-0.16189729742956635,-0.23871480230317804,-0.08507979255595464,0.33470648815653964,0.08000391478136194
all,M15,0.6106027329296804,2.0,120.0,1.0,train,1930,-0.34602570275256184,-0.40196338137481524,-0.29008802413030843,0.27253886010362693,0.23412754243016737
all,M15,0.6106027329296804,2.0,120.0,1.0,test,971,-0.16574213714120448,-0.24833161869923845,-0.0831526555831705,0.3141091658084449,0.08000391478136194
all,M15,0.6106027329296804,2.0,180.0,1.0,train,1930,-0.3484343619756523,-0.4063970934931928,-0.2904716304581118,0.26373056994818656,0.23412754243016737
all,M15,0.6106027329296804,2.0,180.0,1.0,test,971,-0.17306907861809098,-0.25705286085146184,-0.0890852963847201,0.2996910401647786,0.08000391478136194
all,M15,0.6106027329296804,3.0,60.0,1.0,train,1930,-0.3173865515481758,-0.37192210498999334,-0.26285099810635826,0.28134715025906737,0.23412754243016737
all,M15,0.6106027329296804,3.0,60.0,1.0,test,971,-0.16339614388580456,-0.24759873718568126,-0.07919355058592786,0.3161688980432544,0.08000391478136194
all,M15,0.6106027329296804,3.0,120.0,1.0,train,1930,-0.3135874932288221,-0.37982841287276875,-0.2473465735848755,0.25129533678756477,0.23412754243016737
all,M15,0.6106027329296804,3.0,120.0,1.0,test,971,-0.15869982377666056,-0.2534560626197922,-0.0639435849335289,0.27909371781668385,0.08000391478136194
all,M15,0.6106027329296804,3.0,180.0,1.0,train,1930,-0.31448774638317933,-0.3842724797076095,-0.24470301305874914,0.23367875647668393,0.23412754243016737
all,M15,0.6106027329296804,3.0,180.0,1.0,test,971,-0.18131286348082604,-0.27880001181803726,-0.08382571514361484,0.24613800205973224,0.08000391478136194
all,M15,0.6106027329296804,1.0,60.0,0.0,train,1930,-0.041004395458313136,-0.08333333304900666,0.0013245421323803824,0.48497409326424873,0.26770450848046945
all,M15,0.6106027329296804,1.0,60.0,0.0,test,971,-0.014779373251871102,-0.07566659321398635,0.046107846710244135,0.4984552008238929,0.08358636276915385
all,M15,0.6106027329296804,1.0,120.0,0.0,train,1930,-0.04923524250290965,-0.0941659747279038,-0.004304510277915494,0.47772020725388603,0.26770450848046945
all,M15,0.6106027329296804,1.0,120.0,0.0,test,971,-0.009705974142684207,-0.07237500499196643,0.052963056706598025,0.49536560247167866,0.08358636276915385
all,M15,0.6106027329296804,1.0,180.0,0.0,train,1930,-0.05470491741319354,-0.10020262872714465,-0.00920720609924243,0.47357512953367875,0.26770450848046945
all,M15,0.6106027329296804,1.0,180.0,0.0,test,971,-0.003553327106268623,-0.06641097624762632,0.05930432203508907,0.4984552008238929,0.08358636276915385
all,M15,0.6106027329296804,2.0,60.0,0.0,train,1930,-0.03581601449895554,-0.09052014047243326,0.01888811147452219,0.3839378238341969,0.26770450848046945
all,M15,0.6106027329296804,2.0,60.0,0.0,test,971,-0.06330808752611344,-0.14202371843977857,0.015407543387551681,0.3635427394438723,0.08358636276915385
all,M15,0.6106027329296804,2.0,120.0,0.0,train,1930,-0.052822027372012914,-0.11290142806754828,0.007257373323522456,0.34404145077720205,0.26770450848046945
all,M15,0.6106027329296804,2.0,120.0,0.0,test,971,-0.05545630760904572,-0.13989116442010643,0.028978549202014987,0.33985581874356335,0.08358636276915385
all,M15,0.6106027329296804,2.0,180.0,0.0,train,1930,-0.0506671364327371,-0.11263259176479866,0.011298318899324464,0.33264248704663213,0.26770450848046945
all,M15,0.6106027329296804,2.0,180.0,0.0,test,971,-0.050669807407258176,-0.13662483761490116,0.0352852228003848,0.32852729145211124,0.08358636276915385
all,M15,0.6106027329296804,3.0,60.0,0.0,train,1930,-0.03473900626949732,-0.09576104126070917,0.02628302872171453,0.3590673575129534,0.26770450848046945
all,M15,0.6106027329296804,3.0,60.0,0.0,test,971,-0.07788465832713527,-0.16459177843132236,0.008822461777051815,0.33470648815653964,0.08358636276915385
all,M15,0.6106027329296804,3.0,120.0,0.0,train,1930,-0.05617870041511717,-0.12536556069868385,0.013008159868449519,0.2989637305699482,0.26770450848046945
all,M15,0.6106027329296804,3.0,120.0,0.0,test,971,-0.06998302248532863,-0.16709174014389427,0.027125695173237027,0.29145211122554066,0.08358636276915385
all,M15,0.6106027329296804,3.0,180.0,0.0,train,1930,-0.05170119467314539,-0.12422159086059927,0.02081920151430848,0.2766839378238342,0.26770450848046945
all,M15,0.6106027329296804,3.0,180.0,0.0,test,971,-0.09182920459605382,-0.19136202537359143,0.0077036161814838106,0.26055612770339853,0.08358636276915385
all,M30,0.6090614535252286,1.0,60.0,1.0,train,1930,-0.2037656541618462,-0.24214016249160572,-0.16539114583208667,0.40207253886010363,0.16683431242860533
all,M30,0.6090614535252286,1.0,60.0,1.0,test,971,-0.10658544868187295,-0.16246237323383345,-0.05070852412991246,0.44799176107106076,0.056005013999408035
all,M30,0.6090614535252286,1.0,120.0,1.0,train,1930,-0.20260643525892796,-0.24586748245829104,-0.15934538805956489,0.41088082901554407,0.16683431242860533
all,M30,0.6090614535252286,1.0,120.0,1.0,test,971,-0.1273493976796219,-0.18815721760600343,-0.06654157775324035,0.44593202883625127,0.056005013999408035
all,M30,0.6090614535252286,1.0,180.0,1.0,train,1930,-0.18924850856567654,-0.23414203782563342,-0.14435497930571967,0.4274611398963731,0.16683431242860533
all,M30,0.6090614535252286,1.0,180.0,1.0,test,971,-0.12478463967826876,-0.1868250393362261,-0.06274424002031143,0.4490216271884655,0.056005013999408035
all,M30,0.6090614535252286,2.0,60.0,1.0,train,1930,-0.1916963102426286,-0.23655456156397825,-0.14683805892127894,0.35699481865284977,0.16683431242860533
all,M30,0.6090614535252286,2.0,60.0,1.0,test,971,-0.13791971461158906,-0.20237191461914222,-0.07346751460403589,0.38105046343975285,0.056005013999408035
all,M30,0.6090614535252286,2.0,120.0,1.0,train,1930,-0.18295178344458954,-0.23642955948416702,-0.12947400740501205,0.34093264248704663,0.16683431242860533
all,M30,0.6090614535252286,2.0,120.0,1.0,test,971,-0.14602093661235152,-0.22190403069432751,-0.07013784253037554,0.3470648815653965,0.056005013999408035
all,M30,0.6090614535252286,2.0,180.0,1.0,train,1930,-0.1691446669062905,-0.2261424901762587,-0.11214684363632228,0.3362694300518135,0.16683431242860533
all,M30,0.6090614535252286,2.0,180.0,1.0,test,971,-0.14740707105500156,-0.22774144636628713,-0.06707269574371601,0.32440782698249226,0.056005013999408035
all,M30,0.6090614535252286,3.0,60.0,1.0,train,1930,-0.19251148815434693,-0.23952177093291696,-0.1455012053757769,0.3528497409326425,0.16683431242860533
all,M30,0.6090614535252286,3.0,60.0,1.0,test,971,-0.11711231500191215,-0.18693451178231663,-0.04729011822150765,0.3769309989701339,0.056005013999408035
all,M30,0.6090614535252286,3.0,120.0,1.0,train,1930,-0.19029076504971087,-0.2478049385173409,-0.13277659158208086,0.3238341968911917,0.16683431242860533
all,M30,0.6090614535252286,3.0,120.0,1.0,test,971,-0.12190137762257078,-0.20581416920552517,-0.037988586039616384,0.3357363542739444,0.056005013999408035
all,M30,0.6090614535252286,3.0,180.0,1.0,train,1930,-0.178249057660619,-0.24090420815723695,-0.11559390716400103,0.30984455958549223,0.16683431242860533
all,M30,0.6090614535252286,3.0,180.0,1.0,test,971,-0.12049622928556895,-0.21231006989438267,-0.028682388676755252,0.2976313079299691,0.056005013999408035
all,M30,0.6090614535252286,1.0,60.0,0.0,train,1930,0.0035046559235972973,-0.035696755406321466,0.04270606725351606,0.5,0.18320868693011966
all,M30,0.6090614535252286,1.0,60.0,0.0,test,971,-0.03560769043436205,-0.09139162121451638,0.020176240345792275,0.48300720906282185,0.057737287717393226
all,M30,0.6090614535252286,1.0,120.0,0.0,train,1930,0.017338933899859472,-0.026313791356701803,0.06099165915642075,0.5041450777202072,0.18320868693011966
all,M30,0.6090614535252286,1.0,120.0,0.0,test,971,-0.047608338608498356,-0.1083217472783999,0.013105070061403185,0.4768280123583934,0.057737287717393226
all,M30,0.6090614535252286,1.0,180.0,0.0,train,1930,0.026140844961947882,-0.018637212572868638,0.0709189024967644,0.5088082901554404,0.18320868693011966
all,M30,0.6090614535252286,1.0,180.0,0.0,test,971,-0.04874806337537609,-0.11066305809764224,0.013166931346890058,0.47785787847579814,0.057737287717393226
all,M30,0.6090614535252286,2.0,60.0,0.0,train,1930,0.01939953055484991,-0.028656567438994206,0.06745562854869402,0.4398963730569948,0.18320868693011966
all,M30,0.6090614535252286,2.0,60.0,0.0,test,971,-0.04896995122070758,-0.11549008760516813,0.017550185163752972,0.4191555097837281,0.057737287717393226
all,M30,0.6090614535252286,2.0,120.0,0.0,train,1930,0.035207095323202174,-0.021356372332319164,0.09177056297872352,0.4046632124352332,0.18320868693011966
all,M30,0.6090614535252286,2.0,120.0,0.0,test,971,-0.04322863416815232,-0.12134487688020998,0.03488760854390533,0.37384140061791965,0.057737287717393226
all,M30,0.6090614535252286,2.0,180.0,0.0,train,1930,0.048739157688849594,-0.011123031480608503,0.10860134685830769,0.3854922279792746,0.18320868693011966
all,M30,0.6090614535252286,2.0,180.0,0.0,test,971,-0.0495066710566902,-0.13185065006989166,0.03283730795651126,0.35015447991761073,0.057737287717393226
all,M30,0.6090614535252286,3.0,60.0,0.0,train,1930,0.023196400906308364,-0.028237794042416626,0.07463059585503336,0.4310880829015544,0.18320868693011966
all,M30,0.6090614535252286,3.0,60.0,0.0,test,971,-0.035658629980198246,-0.10745466064430118,0.036137400683904676,0.4129763130792997,0.057737287717393226
all,M30,0.6090614535252286,3.0,120.0,0.0,train,1930,0.04019189046317455,-0.022668293849818583,0.10305207477616768,0.3829015544041451,0.18320868693011966
all,M30,0.6090614535252286,3.0,120.0,0.0,test,971,-0.036969827953837325,-0.12283696653103479,0.04889731062336014,0.3553038105046344,0.057737287717393226
all,M30,0.6090614535252286,3.0,180.0,0.0,train,1930,0.05366131658173595,-0.014269657899120686,0.12159229106259259,0.35129533678756475,0.18320868693011966
all,M30,0.6090614535252286,3.0,180.0,0.0,test,971,-0.045788364958842136,-0.13921889176081426,0.04764216184312999,0.31822863027806386,0.057737287717393226
all,H1,0.6198579164016391,1.0,60.0,1.0,train,1930,-0.15162095229165848,-0.18448374279064456,-0.11875816179267241,0.4077720207253886,0.11547562640876771
all,H1,0.6198579164016391,1.0,60.0,1.0,test,971,-0.06062545627041534,-0.10822681074903223,-0.01302410179179845,0.4685890834191555,0.03807481020937427
all,H1,0.6198579164016391,1.0,120.0,1.0,train,1930,-0.14121349713664424,-0.1800857370495573,-0.10234125722373119,0.43005181347150256,0.11547562640876771
all,H1,0.6198579164016391,1.0,120.0,1.0,test,971,-0.0647044483873556,-0.12057528658160557,-0.008833610193105641,0.4799176107106076,0.03807481020937427
all,H1,0.6198579164016391,1.0,180.0,1.0,train,1930,-0.1276596648225345,-0.16895400518842804,-0.08636532445664094,0.44352331606217615,0.11547562640876771
all,H1,0.6198579164016391,1.0,180.0,1.0,test,971,-0.06104456953265211,-0.11990901216623814,-0.002180126899066069,0.4768280123583934,0.03807481020937427
all,H1,0.6198579164016391,2.0,60.0,1.0,train,1930,-0.13923375674712224,-0.17608446445306405,-0.10238304904118042,0.3901554404145078,0.11547562640876771
all,H1,0.6198579164016391,2.0,60.0,1.0,test,971,-0.07072009381162589,-0.1236551901100262,-0.017784997513225584,0.4376930998970134,0.03807481020937427
all,H1,0.6198579164016391,2.0,120.0,1.0,train,1930,-0.14380825298757433,-0.18917381182116663,-0.09844269415398202,0.38238341968911915,0.11547562640876771
all,H1,0.6198579164016391,2.0,120.0,1.0,test,971,-0.08179320653997604,-0.14714260620903108,-0.016443806870921007,0.4243048403707518,0.03807481020937427
all,H1,0.6198579164016391,2.0,180.0,1.0,train,1930,-0.12650820980763836,-0.1767453131090579,-0.07627110650621881,0.377720207253886,0.11547562640876771
all,H1,0.6198579164016391,2.0,180.0,1.0,test,971,-0.07260909916872202,-0.1447817894763691,-0.0004364088610749467,0.39546858908341914,0.03807481020937427
all,H1,0.6198579164016391,3.0,60.0,1.0,train,1930,-0.14406871052471074,-0.18184299274340615,-0.10629442830601532,0.3870466321243523,0.11547562640876771
all,H1,0.6198579164016391,3.0,60.0,1.0,test,971,-0.060695366700223484,-0.11719072721897122,-0.004200006181475743,0.43460350154479915,0.03807481020937427
all,H1,0.6198579164016391,3.0,120.0,1.0,train,1930,-0.15215305073628624,-0.19997938221843115,-0.10432671925414133,0.37253886010362697,0.11547562640876771
all,H1,0.6198579164016391,3.0,120.0,1.0,test,971,-0.07813048103279115,-0.1477358429566769,-0.008525119108905382,0.4160659114315139,0.03807481020937427
all,H1,0.6198579164016391,3.0,180.0,1.0,train,1930,-0.13728284732574872,-0.19116193804957882,-0.08340375660191864,0.3626943005181347,0.11547562640876771
all,H1,0.6198579164016391,3.0,180.0,1.0,test,971,-0.07915499953295409,-0.1569433917467625,-0.001366607319145674,0.37899073120494337,0.03807481020937427
all,H1,0.6198579164016391,1.0,60.0,0.0,train,1930,-0.013738278695748101,-0.047541612743225894,0.020065055351729696,0.4896373056994819,0.12309022717005985
all,H1,0.6198579164016391,1.0,60.0,0.0,test,971,-0.008022911803884517,-0.05601872400541357,0.03997290039764454,0.49433573635427397,0.03886760121266075
all,H1,0.6198579164016391,1.0,120.0,0.0,train,1930,-0.00467064076120089,-0.04414784796413443,0.03480656644173265,0.5036269430051813,0.12309022717005985
all,H1,0.6198579164016391,1.0,120.0,0.0,test,971,-0.002602058467608165,-0.058823376159605464,0.053619259224389135,0.5015447991761071,0.03886760121266075
all,H1,0.6198579164016391,1.0,180.0,0.0,train,1930,0.011439441094749111,-0.03024436715833248,0.053123249347830706,0.5072538860103627,0.12309022717005985
all,H1,0.6198579164016391,1.0,180.0,0.0,test,971,-0.0018129518662154441,-0.06082686810365751,0.05720096437122662,0.5036045314109165,0.03886760121266075
all,H1,0.6198579164016391,2.0,60.0,0.0,train,1930,-0.0024162510174284206,-0.0410349761506183,0.03620247411576146,0.46735751295336786,0.12309022717005985
all,H1,0.6198579164016391,2.0,60.0,0.0,test,971,-0.018100100405960842,-0.0721084697291887,0.03590826891726702,0.4624098867147271,0.03886760121266075
all,H1,0.6198579164016391,2.0,120.0,0.0,train,1930,-0.006791569587028022,-0.05430830922725662,0.04072517005320058,0.4430051813471503,0.12309022717005985
all,H1,0.6198579164016391,2.0,120.0,0.0,test,971,-0.03430266644303257,-0.10082615034199671,0.032220817455931576,0.43460350154479915,0.03886760121266075
all,H1,0.6198579164016391,2.0,180.0,0.0,train,1930,0.01741935598496985,-0.03508147752532624,0.06992018949526593,0.42487046632124353,0.12309022717005985
all,H1,0.6198579164016391,2.0,180.0,0.0,test,971,-0.024912331293190027,-0.0981457730845341,0.048321110498154046,0.411946446961895,0.03886760121266075
all,H1,0.6198579164016391,3.0,60.0,0.0,train,1930,0.0008676764240143143,-0.0395593413348799,0.04129469418290853,0.46424870466321244,0.12309022717005985
all,H1,0.6198579164016391,3.0,60.0,0.0,test,971,-0.00739591150968839,-0.06506088645221753,0.05026906343284075,0.4593202883625129,0.03886760121266075
all,H1,0.6198579164016391,3.0,120.0,0.0,train,1930,-0.0070494115767616656,-0.057892568145633864,0.043793744992110535,0.4336787564766839,0.12309022717005985
all,H1,0.6198579164016391,3.0,120.0,0.0,test,971,-0.02748033721375553,-0.09874790008308511,0.04378722565557404,0.427394438722966,0.03886760121266075
all,H1,0.6198579164016391,3.0,180.0,0.0,train,1930,0.00914739721820837,-0.047982531967607794,0.06627732640402453,0.4067357512953368,0.12309022717005985
all,H1,0.6198579164016391,3.0,180.0,0.0,test,971,-0.026587036450847135,-0.10607428415298086,0.05290021125128659,0.39546858908341914,0.03886760121266075
all,H4,0.5853409101958902,1.0,60.0,1.0,train,1930,-0.08911652970300796,-0.11166274184573541,-0.0665703175602805,0.40932642487046633,0.06493959332322864
all,H4,0.5853409101958902,1.0,60.0,1.0,test,971,-0.03090284450337111,-0.06283833341141933,0.001032644404677107,0.46961894953656025,0.020015179666564423
all,H4,0.5853409101958902,1.0,120.0,1.0,train,1930,-0.08935160949516995,-0.1186887578471974,-0.06001446114314249,0.43005181347150256,0.06493959332322864
all,H4,0.5853409101958902,1.0,120.0,1.0,test,971,-0.01725159242302198,-0.05847234411326831,0.023969159267224344,0.5149330587023687,0.020015179666564423
all,H4,0.5853409101958902,1.0,180.0,1.0,train,1930,-0.09465969710524856,-0.12812832478068684,-0.06119106942981028,0.4367875647668394,0.06493959332322864
all,H4,0.5853409101958902,1.0,180.0,1.0,test,971,-0.03335213580283761,-0.0799352390071359,0.013230967401460673,0.4881565396498455,0.020015179666564423
all,H4,0.5853409101958902,1.0,1440.0,1.0,train,1930,-0.09789387018614097,-0.14316426025995477,-0.05262348011232717,0.4658031088082902,0.06493959332322864
all,H4,0.5853409101958902,1.0,1440.0,1.0,test,971,-0.03329655019072811,-0.09507163814322281,0.0284785377617666,0.49433573635427397,0.020015179666564423
all,H4,0.5853409101958902,1.0,2880.0,1.0,train,1930,-0.09981923554088012,-0.14516592042054363,-0.054472550661216625,0.4647668393782383,0.06493959332322864
all,H4,0.5853409101958902,1.0,2880.0,1.0,test,971,-0.03237514713828742,-0.09424139968627421,0.029491105409699354,0.49536560247167866,0.020015179666564423
all,H4,0.5853409101958902,2.0,60.0,1.0,train,1930,-0.09278072528877837,-0.11611168348435313,-0.06944976709320361,0.4046632124352332,0.06493959332322864
all,H4,0.5853409101958902,2.0,60.0,1.0,test,971,-0.022899394527117315,-0.05764088986255553,0.011842100808320901,0.46755921730175076,0.020015179666564423
all,H4,0.5853409101958902,2.0,120.0,1.0,train,1930,-0.09657230173423785,-0.12799950052141437,-0.06514510294706133,0.41658031088082903,0.06493959332322864
all,H4,0.5853409101958902,2.0,120.0,1.0,test,971,-0.006348696274800757,-0.05139750228795136,0.03870010973834984,0.5108135942327497,0.020015179666564423
all,H4,0.5853409101958902,2.0,180.0,1.0,train,1930,-0.10112726319212428,-0.13800996312171743,-0.06424456326253114,0.41243523316062175,0.06493959332322864
all,H4,0.5853409101958902,2.0,180.0,1.0,test,971,-0.02839694810399813,-0.08030332515268204,0.023509428944685776,0.470648815653965,0.020015179666564423
all,H4,0.5853409101958902,2.0,1440.0,1.0,train,1930,-0.13968697570890184,-0.1998105760526383,-0.0795633753651654,0.3155440414507772,0.06493959332322864
all,H4,0.5853409101958902,2.0,1440.0,1.0,test,971,-0.05021455925031162,-0.1339084823584876,0.03347936385786437,0.35015447991761073,0.020015179666564423
all,H4,0.5853409101958902,2.0,2880.0,1.0,train,1930,-0.13311042515776494,-0.1944575150170294,-0.07176333529850049,0.31088082901554404,0.06493959332322864
all,H4,0.5853409101958902,2.0,2880.0,1.0,test,971,-0.04050806927198466,-0.1258508153483691,0.044834676804399766,0.34809474768280124,0.020015179666564423
all,H4,0.5853409101958902,3.0,60.0,1.0,train,1930,-0.09132403532420617,-0.1152543585493359,-0.06739371209907645,0.40414507772020725,0.06493959332322864
all,H4,0.5853409101958902,3.0,60.0,1.0,test,971,-0.028402804399917735,-0.06223332922533037,0.0054277204254949,0.46755921730175076,0.020015179666564423
all,H4,0.5853409101958902,3.0,120.0,1.0,train,1930,-0.09948141504090727,-0.13144180415500994,-0.06752102592680459,0.41450777202072536,0.06493959332322864
all,H4,0.5853409101958902,3.0,120.0,1.0,test,971,-0.014521523898918295,-0.05982705653589192,0.030784008738055327,0.5087538619979403,0.020015179666564423
all,H4,0.5853409101958902,3.0,180.0,1.0,train,1930,-0.10511814651605217,-0.1430392409827578,-0.06719705204934653,0.4088082901554404,0.06493959332322864
all,H4,0.5853409101958902,3.0,180.0,1.0,test,971,-0.034277107359508945,-0.08739026924506381,0.01883605452604592,0.4685890834191555,0.020015179666564423
all,H4,0.5853409101958902,3.0,1440.0,1.0,train,1930,-0.15044016511118094,-0.21957464535623056,-0.08130568486613131,0.266839378238342,0.06493959332322864
all,H4,0.5853409101958902,3.0,1440.0,1.0,test,971,-0.04698458069511135,-0.14343070910989747,0.04946154771967478,0.3110195674562307,0.020015179666564423
all,H4,0.5853409101958902,3.0,2880.0,1.0,train,1930,-0.138874211050839,-0.21145523550230255,-0.06629318659937544,0.25025906735751297,0.06493959332322864
all,H4,0.5853409101958902,3.0,2880.0,1.0,test,971,-0.0814957179927926,-0.181601628333849,0.018610192348263804,0.27909371781668385,0.020015179666564423
all,H4,0.5853409101958902,1.0,60.0,0.0,train,1930,-0.0063753083155051495,-0.029552852864146373,0.016802236233136075,0.5046632124352332,0.06728021069776136
all,H4,0.5853409101958902,1.0,60.0,0.0,test,971,-0.0016712226746963012,-0.0339571453415025,0.0306146999921099,0.5025746652935118,0.020232116874210625
all,H4,0.5853409101958902,1.0,120.0,0.0,train,1930,-0.007666990065516298,-0.03761928256339957,0.02228530243236697,0.4948186528497409,0.06728021069776136
all,H4,0.5853409101958902,1.0,120.0,0.0,test,971,0.017637329037289665,-0.02378910695227985,0.05906376502685918,0.533470648815654,0.020232116874210625
all,H4,0.5853409101958902,1.0,180.0,0.0,train,1930,-0.013190532986485069,-0.047316639136591815,0.02093557316362168,0.49119170984455957,0.06728021069776136
all,H4,0.5853409101958902,1.0,180.0,0.0,test,971,0.0013754950083330786,-0.04535358867356535,0.04810457869023151,0.5169927909371782,0.020232116874210625
all,H4,0.5853409101958902,1.0,1440.0,0.0,train,1930,-0.012736555383654612,-0.057963246439941614,0.03249013567263239,0.49533678756476685,0.06728021069776136
all,H4,0.5853409101958902,1.0,1440.0,0.0,test,971,0.0004393038389777328,-0.06112050617007372,0.061999113848029176,0.5036045314109165,0.020232116874210625
all,H4,0.5853409101958902,1.0,2880.0,0.0,train,1930,-0.014158268421180752,-0.05944616335448053,0.031129626512119028,0.4937823834196891,0.06728021069776136
all,H4,0.5853409101958902,1.0,2880.0,0.0,test,971,0.0015521209961373583,-0.06010433272372458,0.06320857471599929,0.5046343975283213,0.020232116874210625
all,H4,0.5853409101958902,2.0,60.0,0.0,train,1930,-0.008255645237298171,-0.03251929349859149,0.016008003023995146,0.5010362694300519,0.06728021069776136
all,H4,0.5853409101958902,2.0,60.0,0.0,test,971,0.00694896661087987,-0.0283638565934898,0.042261789815249536,0.49948506694129763,0.020232116874210625
all,H4,0.5853409101958902,2.0,120.0,0.0,train,1930,-0.0072630486312465,-0.03993918511846946,0.025413087855976457,0.48393782383419687,0.06728021069776136
all,H4,0.5853409101958902,2.0,120.0,0.0,test,971,0.025957390071468685,-0.019913976698514278,0.07182875684145165,0.525231719876416,0.020232116874210625
all,H4,0.5853409101958902,2.0,180.0,0.0,train,1930,-0.011371286573427473,-0.04960674046609798,0.026864167319243036,0.4658031088082902,0.06728021069776136
all,H4,0.5853409101958902,2.0,180.0,0.0,test,971,0.00678796294664069,-0.04610527509613473,0.059681200989416115,0.4963954685890834,0.020232116874210625
all,H4,0.5853409101958902,2.0,1440.0,0.0,train,1930,-0.03794371324837539,-0.09924623741913952,0.023358810922388742,0.3398963730569948,0.06728021069776136
all,H4,0.5853409101958902,2.0,1440.0,0.0,test,971,-0.011332606637486186,-0.09547049855889107,0.0728052852839187,0.3573635427394439,0.020232116874210625
all,H4,0.5853409101958902,2.0,2880.0,0.0,train,1930,-0.032065562406499666,-0.0943759995904357,0.03024487477743637,0.33367875647668394,0.06728021069776136
all,H4,0.5853409101958902,2.0,2880.0,0.0,test,971,0.0010215563239149756,-0.08477709218471158,0.08682020483254152,0.35427394438722964,0.020232116874210625
all,H4,0.5853409101958902,3.0,60.0,0.0,train,1930,-0.007506366687999384,-0.03227095710712805,0.017258223731129285,0.5005181347150259,0.06728021069776136
all,H4,0.5853409101958902,3.0,60.0,0.0,test,971,0.0024821718678711352,-0.03229111601623327,0.03725545975197554,0.49948506694129763,0.020232116874210625
all,H4,0.5853409101958902,3.0,120.0,0.0,train,1930,-0.013711404976046277,-0.04688784316561177,0.019465033213519223,0.4803108808290155,0.06728021069776136
all,H4,0.5853409101958902,3.0,120.0,0.0,test,971,0.01546242733148515,-0.03042736865050426,0.06135222331347456,0.5231719876416066,0.020232116874210625
all,H4,0.5853409101958902,3.0,180.0,0.0,train,1930,-0.01778151404504424,-0.05718320595814279,0.021620177868054303,0.46113989637305697,0.06728021069776136
all,H4,0.5853409101958902,3.0,180.0,0.0,test,971,-0.002244218082563549,-0.056121049257171984,0.05163261309204488,0.4933058702368692,0.020232116874210625
all,H4,0.5853409101958902,3.0,1440.0,0.0,train,1930,-0.05716602313036751,-0.1281014337302519,0.01376938746951687,0.2839378238341969,0.06728021069776136
all,H4,0.5853409101958902,3.0,1440.0,0.0,test,971,-0.012559213133352743,-0.10953671640191835,0.08441829013521286,0.3161688980432544,0.020232116874210625
all,H4,0.5853409101958902,3.0,2880.0,0.0,train,1930,-0.04028109379841738,-0.11461563896857545,0.03405345137174069,0.26476683937823836,0.06728021069776136
all,H4,0.5853409101958902,3.0,2880.0,0.0,test,971,-0.04940974126706478,-0.1498487598028157,0.05102927726868614,0.2801235839340886,0.020232116874210625
all,D1,0.6033472122808505,1.0,60.0,1.0,train,1930,-0.02559038208843478,-0.03467182459711873,-0.016508939579750827,0.40518134715025905,0.022602536857525717
all,D1,0.6033472122808505,1.0,60.0,1.0,test,971,-0.004301023794193588,-0.018698028263779337,0.01009598067539216,0.4654994850669413,0.007039482680895709
all,D1,0.6033472122808505,1.0,120.0,1.0,train,1930,-0.026106810402747625,-0.038890639421393265,-0.013322981384101982,0.4430051813471503,0.022602536857525717
all,D1,0.6033472122808505,1.0,120.0,1.0,test,971,-0.012929940562045607,-0.031729516914932816,0.0058696357908416,0.4850669412976313,0.007039482680895709
all,D1,0.6033472122808505,1.0,180.0,1.0,train,1930,-0.026452955959049642,-0.041964557759481866,-0.010941354158617415,0.46321243523316064,0.022602536857525717
all,D1,0.6033472122808505,1.0,180.0,1.0,test,971,-0.017900316714287535,-0.04022738827481215,0.004426754846237082,0.48300720906282185,0.007039482680895709
all,D1,0.6033472122808505,1.0,4320.0,1.0,train,1930,-0.055598771888484125,-0.09826147650913372,-0.012936067267834521,0.48186528497409326,0.022602536857525717
all,D1,0.6033472122808505,1.0,4320.0,1.0,test,971,-0.09266219531701701,-0.15091133744283475,-0.034413053191199264,0.45314109165808447,0.007039482680895709
all,D1,0.6033472122808505,1.0,7200.0,1.0,train,1930,-0.052481965879170214,-0.0972537332166362,-0.007710198541704225,0.4886010362694301,0.022602536857525717
all,D1,0.6033472122808505,1.0,7200.0,1.0,test,971,-0.09330447900453978,-0.15564968124400969,-0.030959276765069876,0.4624098867147271,0.007039482680895709
all,D1,0.6033472122808505,2.0,60.0,1.0,train,1930,-0.025527913151981375,-0.03471185365463539,-0.01634397264932736,0.40518134715025905,0.022602536857525717
all,D1,0.6033472122808505,2.0,60.0,1.0,test,971,-0.006060400459720957,-0.020404755556576445,0.008283954637134529,0.4654994850669413,0.007039482680895709
all,D1,0.6033472122808505,2.0,120.0,1.0,train,1930,-0.026523973856022377,-0.03937443230705667,-0.01367351540498808,0.44248704663212435,0.022602536857525717
all,D1,0.6033472122808505,2.0,120.0,1.0,test,971,-0.012871523120491116,-0.03264338320122008,0.006900336960237844,0.48300720906282185,0.007039482680895709
all,D1,0.6033472122808505,2.0,180.0,1.0,train,1930,-0.028135518584967,-0.043931106071877044,-0.012339931098056957,0.46217616580310883,0.022602536857525717
all,D1,0.6033472122808505,2.0,180.0,1.0,test,971,-0.017653317758425904,-0.0412336912114426,0.005927055694590795,0.4799176107106076,0.007039482680895709
all,D1,0.6033472122808505,2.0,4320.0,1.0,train,1930,-0.048898925114774006,-0.10148435838969307,0.003686508160145055,0.4077720207253886,0.022602536857525717
all,D1,0.6033472122808505,2.0,4320.0,1.0,test,971,-0.09170556084274183,-0.16112354286474523,-0.022287578820738424,0.38928939237899074,0.007039482680895709
all,D1,0.6033472122808505,2.0,7200.0,1.0,train,1930,-0.05510813996898233,-0.11252570927961156,0.0023094293416469,0.37409326424870465,0.022602536857525717
all,D1,0.6033472122808505,2.0,7200.0,1.0,test,971,-0.08031471962429293,-0.15827014055623523,-0.002359298692350645,0.3769309989701339,0.007039482680895709
all,D1,0.6033472122808505,3.0,60.0,1.0,train,1930,-0.025705945738571444,-0.03481823539916169,-0.016593656077981193,0.40518134715025905,0.022602536857525717
all,D1,0.6033472122808505,3.0,60.0,1.0,test,971,-0.00503053434231622,-0.020070177862179413,0.010009109177546972,0.4654994850669413,0.007039482680895709
all,D1,0.6033472122808505,3.0,120.0,1.0,train,1930,-0.026633121643334604,-0.03945112685983788,-0.013815116426831331,0.44248704663212435,0.022602536857525717
all,D1,0.6033472122808505,3.0,120.0,1.0,test,971,-0.012009594134664197,-0.03222891520830996,0.008209726938981572,0.48300720906282185,0.007039482680895709
all,D1,0.6033472122808505,3.0,180.0,1.0,train,1930,-0.028285139915812708,-0.044047929851220136,-0.01252234998040528,0.46217616580310883,0.022602536857525717
all,D1,0.6033472122808505,3.0,180.0,1.0,test,971,-0.01465939076933033,-0.03949332134374124,0.010174539805080578,0.4799176107106076,0.007039482680895709
all,D1,0.6033472122808505,3.0,4320.0,1.0,train,1930,-0.04858893708535281,-0.10512099149584025,0.007943117325134634,0.394300518134715,0.022602536857525717
all,D1,0.6033472122808505,3.0,4320.0,1.0,test,971,-0.07914774869984031,-0.15521402581159116,-0.003081471588089482,0.37590113285272914,0.007039482680895709
all,D1,0.6033472122808505,3.0,7200.0,1.0,train,1930,-0.057944021088602825,-0.12138921597288788,0.00550117379568222,0.34974093264248707,0.022602536857525717
all,D1,0.6033472122808505,3.0,7200.0,1.0,test,971,-0.045969897843871184,-0.13459903039492302,0.04265923470718066,0.3583934088568486,0.007039482680895709
all,D1,0.6033472122808505,1.0,60.0,0.0,train,1930,0.00518095381929212,-0.004026187806557756,0.014388095445141996,0.4989637305699482,0.022879574225227496
all,D1,0.6033472122808505,1.0,60.0,0.0,test,971,0.006104730902297742,-0.008321888321504357,0.02053135012609984,0.5036045314109165,0.007066130127675069
all,D1,0.6033472122808505,1.0,120.0,0.0,train,1930,0.005306971054879871,-0.007624815341577132,0.018238757451336875,0.5082901554404146,0.022879574225227496
all,D1,0.6033472122808505,1.0,120.0,0.0,test,971,-0.001968029382458048,-0.02079167260714711,0.016855613842231016,0.5015447991761071,0.007066130127675069
all,D1,0.6033472122808505,1.0,180.0,0.0,train,1930,0.006188689932865942,-0.009402498736323834,0.02177987860205572,0.5202072538860104,0.022879574225227496
all,D1,0.6033472122808505,1.0,180.0,0.0,test,971,-0.0063713290530352,-0.028732626539832263,0.015989968433761863,0.5015447991761071,0.007066130127675069
all,D1,0.6033472122808505,1.0,4320.0,0.0,train,1930,-0.009565449856267571,-0.052248019226369735,0.0331171195138346,0.49533678756476685,0.022879574225227496
all,D1,0.6033472122808505,1.0,4320.0,0.0,test,971,-0.07160340982490888,-0.12986612806905917,-0.013340691580758589,0.45829042224510813,0.007066130127675069
all,D1,0.6033472122808505,1.0,7200.0,0.0,train,1930,-0.0055902189670308635,-0.05032649747560297,0.03914605954154124,0.4979274611398964,0.022879574225227496
all,D1,0.6033472122808505,1.0,7200.0,0.0,test,971,-0.07127188285160545,-0.13361169627127606,-0.00893206943193485,0.46446961894953653,0.007066130127675069
all,D1,0.6033472122808505,2.0,60.0,0.0,train,1930,0.00471614172076052,-0.0045584326982267475,0.013990716139747787,0.49844559585492226,0.022879574225227496
all,D1,0.6033472122808505,2.0,60.0,0.0,test,971,0.004447928969380321,-0.009951670960136525,0.018847528898897167,0.5036045314109165,0.007066130127675069
all,D1,0.6033472122808505,2.0,120.0,0.0,train,1930,0.004586915539764514,-0.008411429867776616,0.017585260947305646,0.5072538860103627,0.022879574225227496
all,D1,0.6033472122808505,2.0,120.0,0.0,test,971,-0.001722743724129785,-0.021553913615233698,0.018108426166974126,0.49948506694129763,0.007066130127675069
all,D1,0.6033472122808505,2.0,180.0,0.0,train,1930,0.004184263804747561,-0.01172507352868344,0.02009360113817856,0.5186528497409326,0.022879574225227496
all,D1,0.6033472122808505,2.0,180.0,0.0,test,971,-0.0058497291136420096,-0.029503703321010745,0.017804245093726724,0.4984552008238929,0.007066130127675069
all,D1,0.6033472122808505,2.0,4320.0,0.0,train,1930,0.01365565842656874,-0.03975497606778338,0.06706629292092087,0.422279792746114,0.022879574225227496
all,D1,0.6033472122808505,2.0,4320.0,0.0,test,971,-0.06158917189578977,-0.1316716030690237,0.008493259277444161,0.3995880535530381,0.007066130127675069
all,D1,0.6033472122808505,2.0,7200.0,0.0,train,1930,0.012990284426059687,-0.04527794619303839,0.07125851504515776,0.38756476683937824,0.022879574225227496
all,D1,0.6033472122808505,2.0,7200.0,0.0,test,971,-0.047437065115864305,-0.12602459072619093,0.031150460494462337,0.37899073120494337,0.007066130127675069
all,D1,0.6033472122808505,3.0,60.0,0.0,train,1930,0.004569591389054479,-0.004646458235006229,0.013785641013115187,0.49844559585492226,0.022879574225227496
all,D1,0.6033472122808505,3.0,60.0,0.0,test,971,0.005477795086785059,-0.00961198512015678,0.020567575293726898,0.5036045314109165,0.007066130127675069
all,D1,0.6033472122808505,3.0,120.0,0.0,train,1930,0.004510394711283105,-0.008465402421342937,0.01748619184390915,0.5072538860103627,0.022879574225227496
all,D1,0.6033472122808505,3.0,120.0,0.0,test,971,-0.0008110222466257231,-0.021105296294760066,0.019483251801508623,0.49948506694129763,0.007066130127675069
all,D1,0.6033472122808505,3.0,180.0,0.0,train,1930,0.004124201034059366,-0.011774600014608968,0.020023002082727698,0.5186528497409326,0.022879574225227496
all,D1,0.6033472122808505,3.0,180.0,0.0,test,971,-0.002811834681941062,-0.027723815764706436,0.022100146400824312,0.4984552008238929,0.007066130127675069
all,D1,0.6033472122808505,3.0,4320.0,0.0,train,1930,0.01828122665375245,-0.039594904658507374,0.07615735796601228,0.4088082901554404,0.022879574225227496
all,D1,0.6033472122808505,3.0,4320.0,0.0,test,971,-0.048906740353689034,-0.12559114187237944,0.027777661165001376,0.38722966014418125,0.007066130127675069
all,D1,0.6033472122808505,3.0,7200.0,0.0,train,1930,0.017339316696895136,-0.04756495516240382,0.08224358855619408,0.3642487046632124,0.022879574225227496
all,D1,0.6033472122808505,3.0,7200.0,0.0,test,971,-0.011197864601659113,-0.10058611496278072,0.0781903857594625,0.3604531410916581,0.007066130127675069
all,W,0.6835684614633414,1.0,60.0,1.0,train,1930,-0.012393351781152586,-0.01608862762784303,-0.008698075934462143,0.39585492227979274,0.009940810831031224
all,W,0.6835684614633414,1.0,60.0,1.0,test,971,-0.0029172916743760726,-0.009602406181079416,0.0037678228323272706,0.4552008238928939,0.002613893312890587
all,W,0.6835684614633414,1.0,120.0,1.0,train,1930,-0.014160535773714266,-0.01941007348269074,-0.008910998064737793,0.4316062176165803,0.009940810831031224
all,W,0.6835684614633414,1.0,120.0,1.0,test,971,-0.004443727112678601,-0.013763612700522428,0.004876158475165227,0.4768280123583934,0.002613893312890587
all,W,0.6835684614633414,1.0,180.0,1.0,train,1930,-0.012255689470655149,-0.018946230200664858,-0.00556514874064544,0.4538860103626943,0.009940810831031224
all,W,0.6835684614633414,1.0,180.0,1.0,test,971,-0.003809271355548703,-0.014783920536766597,0.0071653778256691916,0.4819773429454171,0.002613893312890587
all,W,0.6835684614633414,1.0,20160.0,1.0,train,1930,-0.08258772111483863,-0.12440279032768224,-0.04077265190199501,0.4772020725388601,0.009940810831031224
all,W,0.6835684614633414,1.0,20160.0,1.0,test,971,-0.03431266171108638,-0.09180622274105435,0.023180899318881586,0.4933058702368692,0.002613893312890587
all,W,0.6835684614633414,1.0,40320.0,1.0,train,1930,-0.09309022340922742,-0.1375132440874759,-0.04866720273097895,0.4813471502590674,0.009940810831031224
all,W,0.6835684614633414,1.0,40320.0,1.0,test,971,-0.05761973367449516,-0.11897849490455965,0.0037390275555693325,0.4881565396498455,0.002613893312890587
all,W,0.6835684614633414,2.0,60.0,1.0,train,1930,-0.012393351781152586,-0.01608862762784303,-0.008698075934462143,0.39585492227979274,0.009940810831031224
all,W,0.6835684614633414,2.0,60.0,1.0,test,971,-0.0018874255569713352,-0.009433408662959226,0.005658557549016557,0.4552008238928939,0.002613893312890587
all,W,0.6835684614633414,2.0,120.0,1.0,train,1930,-0.014160535773714266,-0.01941007348269074,-0.008910998064737793,0.4316062176165803,0.009940810831031224
all,W,0.6835684614633414,2.0,120.0,1.0,test,971,-0.0034689387218386244,-0.013439193128663245,0.006501315684985996,0.4768280123583934,0.002613893312890587
all,W,0.6835684614633414,2.0,180.0,1.0,train,1930,-0.012258388361318553,-0.018948119270398026,-0.0055686574522390815,0.4538860103626943,0.009940810831031224
all,W,0.6835684614633414,2.0,180.0,1.0,test,971,-0.002126443072632711,-0.014097668206894861,0.00984478206162944,0.4819773429454171,0.002613893312890587
all,W,0.6835684614633414,2.0,20160.0,1.0,train,1930,-0.05856908142952577,-0.10952583028377409,-0.00761233257527745,0.4119170984455959,0.009940810831031224
all,W,0.6835684614633414,2.0,20160.0,1.0,test,971,0.03843784890353294,-0.03488416949601572,0.1117598673030816,0.43666323377960864,0.002613893312890587
all,W,0.6835684614633414,2.0,40320.0,1.0,train,1930,-0.11236783778747247,-0.16959054018073713,-0.05514513539420781,0.3528497409326425,0.009940810831031224
all,W,0.6835684614633414,2.0,40320.0,1.0,test,971,0.09032665444515513,0.007236768853577963,0.1734165400367323,0.4232749742533471,0.002613893312890587
all,W,0.6835684614633414,3.0,60.0,1.0,train,1930,-0.012393351781152586,-0.01608862762784303,-0.008698075934462143,0.39585492227979274,0.009940810831031224
all,W,0.6835684614633414,3.0,60.0,1.0,test,971,-0.0008575594395665976,-0.0096519868859314,0.007936868006798206,0.4552008238928939,0.002613893312890587
all,W,0.6835684614633414,3.0,120.0,1.0,train,1930,-0.014160535773714266,-0.01941007348269074,-0.008910998064737793,0.4316062176165803,0.009940810831031224
all,W,0.6835684614633414,3.0,120.0,1.0,test,971,-0.0024390726044338862,-0.013385257648934914,0.008507112440067143,0.4768280123583934,0.002613893312890587
all,W,0.6835684614633414,3.0,180.0,1.0,train,1930,-0.012258388361318553,-0.018948119270398026,-0.0055686574522390815,0.4538860103626943,0.009940810831031224
all,W,0.6835684614633414,3.0,180.0,1.0,test,971,-0.0005714455895496957,-0.013727920048264047,0.012585028869164655,0.4819773429454171,0.002613893312890587
all,W,0.6835684614633414,3.0,20160.0,1.0,train,1930,-0.07024967490533865,-0.12434101791974972,-0.016158331890927573,0.39792746113989635,0.009940810831031224
all,W,0.6835684614633414,3.0,20160.0,1.0,test,971,0.05156882074515961,-0.028197343074056004,0.13133498456437523,0.4294541709577755,0.002613893312890587
all,W,0.6835684614633414,3.0,40320.0,1.0,train,1930,-0.12353938453586749,-0.18817754768841188,-0.058901221383323085,0.3139896373056995,0.009940810831031224
all,W,0.6835684614633414,3.0,40320.0,1.0,test,971,0.17712335966607612,0.07984493778383282,0.2744017815483194,0.40679711637487126,0.002613893312890587
all,W,0.6835684614633414,1.0,60.0,0.0,train,1930,-0.0005068068110766316,-0.004220455649547757,0.0032068420273944943,0.4896373056994819,0.009994033400032307
all,W,0.6835684614633414,1.0,60.0,0.0,test,971,0.001311100338349723,-0.005383806878396233,0.008006007555095679,0.4881565396498455,0.0026175586802819253
all,W,0.6835684614633414,1.0,120.0,0.0,train,1930,-0.0019149502180203992,-0.007186681935608877,0.0033567814995680793,0.4896373056994819,0.009994033400032307
all,W,0.6835684614633414,1.0,120.0,0.0,test,971,2.6231957133529233e-05,-0.009298470434237224,0.009350934348504281,0.49742533470648814,0.0026175586802819253
all,W,0.6835684614633414,1.0,180.0,0.0,train,1930,0.0003033591979787295,-0.006411270482253879,0.007017988878211338,0.5098445595854922,0.009994033400032307
all,W,0.6835684614633414,1.0,180.0,0.0,test,971,0.0009729573145771828,-0.010003760293982823,0.011949674923137187,0.5015447991761071,0.0026175586802819253
all,W,0.6835684614633414,1.0,20160.0,0.0,train,1930,-0.02152403811209011,-0.06343494186992651,0.020386865645746294,0.49326424870466323,0.009994033400032307
all,W,0.6835684614633414,1.0,20160.0,0.0,test,971,0.004203036481265752,-0.05347325648558016,0.06187932944811166,0.5015447991761071,0.0026175586802819253
all,W,0.6835684614633414,1.0,40320.0,0.0,train,1930,-0.023107097683273358,-0.06760599572534089,0.021391800358794167,0.48808290155440415,0.009994033400032307
all,W,0.6835684614633414,1.0,40320.0,0.0,test,971,-0.012359139522417559,-0.07389088349825376,0.049172604453418645,0.4922760041194645,0.0026175586802819253
all,W,0.6835684614633414,2.0,60.0,0.0,train,1930,-0.0005068068110766316,-0.004220455649547757,0.0032068420273944943,0.4896373056994819,0.009994033400032307
all,W,0.6835684614633414,2.0,60.0,0.0,test,971,0.0023409664557544597,-0.005211713235056679,0.009893646146565599,0.4881565396498455,0.0026175586802819253
all,W,0.6835684614633414,2.0,120.0,0.0,train,1930,-0.0019149502180203992,-0.007186681935608877,0.0033567814995680793,0.4896373056994819,0.009994033400032307
all,W,0.6835684614633414,2.0,120.0,0.0,test,971,0.001017661557699136,-0.008962211690192073,0.010997534805590346,0.49742533470648814,0.0026175586802819253
all,W,0.6835684614633414,2.0,180.0,0.0,train,1930,0.0003089680541758334,-0.006407333448392576,0.007025269556744243,0.5098445595854922,0.009994033400032307
all,W,0.6835684614633414,2.0,180.0,0.0,test,971,0.00268893583733751,-0.009292375766638843,0.014670247441313863,0.5015447991761071,0.0026175586802819253
all,W,0.6835684614633414,2.0,20160.0,0.0,train,1930,0.023527428546034297,-0.02843007814390327,0.07548493523597186,0.4347150259067358,0.009994033400032307
all,W,0.6835684614633414,2.0,20160.0,0.0,test,971,0.08791414678967745,0.013619877505711753,0.16220841607364314,0.446961894953656,0.0026175586802819253
all,W,0.6835684614633414,2.0,40320.0,0.0,train,1930,-0.006666351472550292,-0.06510418193549844,0.05177147899039786,0.37305699481865284,0.009994033400032307
all,W,0.6835684614633414,2.0,40320.0,0.0,test,971,0.15331680916049,0.06897983886894461,0.23765377945203542,0.42842430484037075,0.0026175586802819253
all,W,0.6835684614633414,3.0,60.0,0.0,train,1930,-0.0005068068110766316,-0.004220455649547757,0.0032068420273944943,0.4896373056994819,0.009994033400032307
all,W,0.6835684614633414,3.0,60.0,0.0,test,971,0.003370832573159197,-0.005427641521167938,0.012169306667486331,0.4881565396498455,0.0026175586802819253
all,W,0.6835684614633414,3.0,120.0,0.0,train,1930,-0.0019149502180203992,-0.007186681935608877,0.0033567814995680793,0.4896373056994819,0.009994033400032307
all,W,0.6835684614633414,3.0,120.0,0.0,test,971,0.0020475276751038725,-0.008905957643888435,0.01300101299409618,0.49742533470648814,0.0026175586802819253
all,W,0.6835684614633414,3.0,180.0,0.0,train,1930,0.0003089680541758334,-0.006407333448392576,0.007025269556744243,0.5098445595854922,0.009994033400032307
all,W,0.6835684614633414,3.0,180.0,0.0,test,971,0.0042523220836761175,-0.00891767320751389,0.017422317374866124,0.5015447991761071,0.0026175586802819253
all,W,0.6835684614633414,3.0,20160.0,0.0,train,1930,0.018077163180580065,-0.03752369652591989,0.07367802288708003,0.42072538860103625,0.009994033400032307
all,W,0.6835684614633414,3.0,20160.0,0.0,test,971,0.10557099283707207,0.02447523343608421,0.18666675223805992,0.43975283213182287,0.0026175586802819253
all,W,0.6835684614633414,3.0,40320.0,0.0,train,1930,-0.0006089358980772898,-0.06729018341260379,0.06607231161644922,0.3362694300518135,0.009994033400032307
all,W,0.6835684614633414,3.0,40320.0,0.0,test,971,0.25433844136112255,0.15476582105882938,0.3539110616634157,0.4129763130792997,0.0026175586802819253
LonNY,M5,0.6136582653105462,1.0,60.0,1.0,train,1929,-0.39504904984636185,-0.4399035062696044,-0.3501945934231193,0.359253499222395,0.33480749164492846
LonNY,M5,0.6136582653105462,1.0,60.0,1.0,test,969,-0.1930741492999647,-0.2566593405117313,-0.1294889580881981,0.4262125902992776,0.13299837655940114
LonNY,M5,0.6136582653105462,1.0,120.0,1.0,train,1929,-0.40136263517573023,-0.4490055270564781,-0.35371974329498235,0.36132711249351995,0.33480749164492846
LonNY,M5,0.6136582653105462,1.0,120.0,1.0,test,969,-0.19247618726036672,-0.2560944499355976,-0.1288579245851358,0.4262125902992776,0.13299837655940114
LonNY,M5,0.6136582653105462,1.0,180.0,1.0,train,1929,-0.4072232952549573,-0.45597658656408235,-0.3584700039458323,0.36132711249351995,0.33480749164492846
LonNY,M5,0.6136582653105462,1.0,180.0,1.0,test,969,-0.19247618726036672,-0.2560944499355976,-0.1288579245851358,0.4262125902992776,0.13299837655940114
LonNY,M5,0.6136582653105462,2.0,60.0,1.0,train,1929,-0.3918003582024739,-0.45016203202606264,-0.33343868437888513,0.2498703991705547,0.33480749164492846
LonNY,M5,0.6136582653105462,2.0,60.0,1.0,test,969,-0.19171228445381422,-0.2778825775429617,-0.10554199136466676,0.2889576883384933,0.13299837655940114
LonNY,M5,0.6136582653105462,2.0,120.0,1.0,train,1929,-0.39615735511739386,-0.4586276209727365,-0.3336870892620512,0.24727838258164853,0.33480749164492846
LonNY,M5,0.6136582653105462,2.0,120.0,1.0,test,969,-0.19656554007725438,-0.28306286304275974,-0.11006821711174902,0.2848297213622291,0.13299837655940114
LonNY,M5,0.6136582653105462,2.0,180.0,1.0,train,1929,-0.4031370842867249,-0.466761785206645,-0.3395123833668048,0.24675997926386728,0.33480749164492846
LonNY,M5,0.6136582653105462,2.0,180.0,1.0,test,969,-0.19656554007725438,-0.28306286304275974,-0.11006821711174902,0.2848297213622291,0.13299837655940114
LonNY,M5,0.6136582653105462,3.0,60.0,1.0,train,1929,-0.3688719842624328,-0.4371924211194966,-0.300551547405369,0.2115085536547434,0.33480749164492846
LonNY,M5,0.6136582653105462,3.0,60.0,1.0,test,969,-0.16752522827826333,-0.27056779525444374,-0.06448266130208292,0.23529411764705882,0.13299837655940114
LonNY,M5,0.6136582653105462,3.0,120.0,1.0,train,1929,-0.37480098499740083,-0.448355445369312,-0.3012465246254897,0.1964748574390876,0.33480749164492846
LonNY,M5,0.6136582653105462,3.0,120.0,1.0,test,969,-0.15663839834496351,-0.26199580908003495,-0.05128098760989211,0.22807017543859648,0.13299837655940114
LonNY,M5,0.6136582653105462,3.0,180.0,1.0,train,1929,-0.38187052512292485,-0.4566175204694314,-0.3071235297764183,0.1964748574390876,0.33480749164492846
LonNY,M5,0.6136582653105462,3.0,180.0,1.0,test,969,-0.1559182964431423,-0.26178033099492715,-0.05005626189135745,0.2260061919504644,0.13299837655940114
LonNY,M5,0.6136582653105462,1.0,60.0,0.0,train,1929,0.021629797115728475,-0.022923744435402793,0.06618333866685974,0.5101088646967341,0.4079839678441345
LonNY,M5,0.6136582653105462,1.0,60.0,0.0,test,969,-0.04950548991388395,-0.11253193824728575,0.013520958419517858,0.47471620227038186,0.14320134806692789
LonNY,M5,0.6136582653105462,1.0,120.0,0.0,train,1929,0.018119533085486257,-0.02862994414137557,0.06486901031234808,0.5106272680145153,0.4079839678441345
LonNY,M5,0.6136582653105462,1.0,120.0,0.0,test,969,-0.04950548991388395,-0.11253193824728575,0.013520958419517858,0.47471620227038186,0.14320134806692789
LonNY,M5,0.6136582653105462,1.0,180.0,0.0,train,1929,0.014311452675650713,-0.03382554400507616,0.06244844935637758,0.5116640746500778,0.4079839678441345
LonNY,M5,0.6136582653105462,1.0,180.0,0.0,test,969,-0.04950548991388395,-0.11253193824728575,0.013520958419517858,0.47471620227038186,0.14320134806692789
LonNY,M5,0.6136582653105462,2.0,60.0,0.0,train,1929,0.028903494967356773,-0.03417246807195692,0.09197945800667046,0.3468118195956454,0.4079839678441345
LonNY,M5,0.6136582653105462,2.0,60.0,0.0,test,969,0.018284582512898814,-0.07088061740079331,0.10744978242659094,0.34262125902992774,0.14320134806692789
LonNY,M5,0.6136582653105462,2.0,120.0,0.0,train,1929,0.021107077759318277,-0.046590252231203264,0.08880440774983982,0.3426645930533955,0.4079839678441345
LonNY,M5,0.6136582653105462,2.0,120.0,0.0,test,969,0.017917670095947483,-0.0716377664529657,0.10747310664486066,0.3395252837977296,0.14320134806692789
LonNY,M5,0.6136582653105462,2.0,180.0,0.0,train,1929,0.014618236930419271,-0.054144125650623855,0.0833805995114624,0.3426645930533955,0.4079839678441345
LonNY,M5,0.6136582653105462,2.0,180.0,0.0,test,969,0.017917670095947483,-0.0716377664529657,0.10747310664486066,0.3395252837977296,0.14320134806692789
LonNY,M5,0.6136582653105462,3.0,60.0,0.0,train,1929,0.032847356081039565,-0.04314084595692163,0.10883555811900075,0.27682737169517885,0.4079839678441345
LonNY,M5,0.6136582653105462,3.0,60.0,0.0,test,969,-0.02205376513001086,-0.1282809066376627,0.08417337637764097,0.26006191950464397,0.14320134806692789
LonNY,M5,0.6136582653105462,3.0,120.0,0.0,train,1929,0.0190845812492577,-0.06287160877393644,0.10104077127245184,0.2607568688439606,0.4079839678441345
LonNY,M5,0.6136582653105462,3.0,120.0,0.0,test,969,-0.015245064928390735,-0.12328834199688837,0.09279821214010692,0.24974200206398348,0.14320134806692789
LonNY,M5,0.6136582653105462,3.0,180.0,0.0,train,1929,0.016978713573747594,-0.06623280976905416,0.10019023691654935,0.26023846552617935,0.4079839678441345
LonNY,M5,0.6136582653105462,3.0,180.0,0.0,test,969,-0.014223574203331504,-0.12288821789275604,0.09444106948609303,0.24664602683178535,0.14320134806692789
LonNY,M15,0.6106027329296804,1.0,60.0,1.0,train,1929,-0.2649775138577273,-0.3094088717825551,-0.22054615593289945,0.4022809745982374,0.22744185805840156
LonNY,M15,0.6106027329296804,1.0,60.0,1.0,test,969,-0.10441376188923801,-0.16722979024771056,-0.04159773353076546,0.4582043343653251,0.08080182517643758
LonNY,M15,0.6106027329296804,1.0,120.0,1.0,train,1929,-0.2612542209050174,-0.3075399668037992,-0.21496847500623556,0.40539139450492484,0.22744185805840156
LonNY,M15,0.6106027329296804,1.0,120.0,1.0,test,969,-0.10185405126776596,-0.16542391537675175,-0.03828418715878018,0.46233230134158926,0.08080182517643758
LonNY,M15,0.6106027329296804,1.0,180.0,1.0,train,1929,-0.26120455678260474,-0.30795690658318864,-0.21445220698202086,0.40746500777604977,0.22744185805840156
LonNY,M15,0.6106027329296804,1.0,180.0,1.0,test,969,-0.10185405126776596,-0.16542391537675175,-0.03828418715878018,0.46233230134158926,0.08080182517643758
LonNY,M15,0.6106027329296804,2.0,60.0,1.0,train,1929,-0.2528495242183194,-0.30978213489649825,-0.1959169135401406,0.30171073094867806,0.22744185805840156
LonNY,M15,0.6106027329296804,2.0,60.0,1.0,test,969,-0.10343436504407703,-0.18584443056874775,-0.02102429951940632,0.3333333333333333,0.08080182517643758
LonNY,M15,0.6106027329296804,2.0,120.0,1.0,train,1929,-0.24539791555152207,-0.3065477839791292,-0.18424804712391493,0.2871954380508035,0.22744185805840156
LonNY,M15,0.6106027329296804,2.0,120.0,1.0,test,969,-0.09186378534093607,-0.17852453270603125,-0.005203037975840888,0.32507739938080493,0.08080182517643758
LonNY,M15,0.6106027329296804,2.0,180.0,1.0,train,1929,-0.23827780926696407,-0.3005263928820965,-0.17602922565183168,0.28771384136858474,0.22744185805840156
LonNY,M15,0.6106027329296804,2.0,180.0,1.0,test,969,-0.10623194232645806,-0.1937648210234978,-0.01869906362941834,0.30959752321981426,0.08080182517643758
LonNY,M15,0.6106027329296804,3.0,60.0,1.0,train,1929,-0.27606967242294334,-0.33866733045315217,-0.2134720143927345,0.2700881285640228,0.22744185805840156
LonNY,M15,0.6106027329296804,3.0,60.0,1.0,test,969,-0.10029803003470358,-0.19309904210900705,-0.007497017960400115,0.30546955624355004,0.08080182517643758
LonNY,M15,0.6106027329296804,3.0,120.0,1.0,train,1929,-0.28161535434390705,-0.3507445806008116,-0.2124861280870025,0.23431829963711767,0.22744185805840156
LonNY,M15,0.6106027329296804,3.0,120.0,1.0,test,969,-0.08837710078414907,-0.19017584275225613,0.013421641183957986,0.27347781217750256,0.08080182517643758
LonNY,M15,0.6106027329296804,3.0,180.0,1.0,train,1929,-0.26758535744640105,-0.3394906264002552,-0.19568008849254692,0.22498703991705546,0.22744185805840156
LonNY,M15,0.6106027329296804,3.0,180.0,1.0,test,969,-0.10980927041221372,-0.21438340926906166,-0.005235131555365785,0.24148606811145512,0.08080182517643758
LonNY,M15,0.6106027329296804,1.0,60.0,0.0,train,1929,-0.011168452796120784,-0.05536024253653361,0.03302333694429205,0.49300155520995337,0.25899933481532905
LonNY,M15,0.6106027329296804,1.0,60.0,0.0,test,969,0.0022822116508556993,-0.060253009773627984,0.06481743307533938,0.49948400412796695,0.08445772051642675
LonNY,M15,0.6106027329296804,1.0,120.0,0.0,train,1929,-0.004510828061489694,-0.05107533519487089,0.042053679071891496,0.4950751684810783,0.25899933481532905
LonNY,M15,0.6106027329296804,1.0,120.0,0.0,test,969,0.0015169499886164052,-0.06151730035635327,0.06455120033358608,0.500515995872033,0.08445772051642675
LonNY,M15,0.6106027329296804,1.0,180.0,0.0,train,1929,-0.0049118631252420865,-0.051951330860444525,0.04212760460996036,0.496630378434422,0.25899933481532905
LonNY,M15,0.6106027329296804,1.0,180.0,0.0,test,969,0.0015169499886164052,-0.06151730035635327,0.06455120033358608,0.500515995872033,0.08445772051642675
LonNY,M15,0.6106027329296804,2.0,60.0,0.0,train,1929,0.024015611033277217,-0.03643087080639211,0.08446209287294655,0.3654743390357698,0.25899933481532905
LonNY,M15,0.6106027329296804,2.0,60.0,0.0,test,969,-0.002654320891409769,-0.08645690770278007,0.08114826591996054,0.36635706914344685,0.08445772051642675
LonNY,M15,0.6106027329296804,2.0,120.0,0.0,train,1929,0.03443083181894719,-0.03046053326526805,0.09932219690316244,0.34733022291342663,0.25899933481532905
LonNY,M15,0.6106027329296804,2.0,120.0,0.0,test,969,0.004147659079485211,-0.08383167659549463,0.09212699475446505,0.34365325077399383,0.08445772051642675
LonNY,M15,0.6106027329296804,2.0,180.0,0.0,train,1929,0.04042092818169496,-0.02527659140906678,0.1061184477724567,0.3488854328667704,0.25899933481532905
LonNY,M15,0.6106027329296804,2.0,180.0,0.0,test,969,-0.0039322300787312916,-0.09264820689989046,0.08478374674242788,0.33436532507739936,0.08445772051642675
LonNY,M15,0.6106027329296804,3.0,60.0,0.0,train,1929,0.025908149346351675,-0.04414876864404578,0.09596506733674913,0.31933644375324,0.25899933481532905
LonNY,M15,0.6106027329296804,3.0,60.0,0.0,test,969,-0.006354997313752485,-0.10138085540611408,0.08867086077860911,0.33126934984520123,0.08445772051642675
LonNY,M15,0.6106027329296804,3.0,120.0,0.0,train,1929,0.03760214604204698,-0.039464430567455244,0.1146687226515492,0.28149300155520995,0.25899933481532905
LonNY,M15,0.6106027329296804,3.0,120.0,0.0,test,969,0.002699721565016925,-0.10115065585272448,0.10655009898275833,0.28586171310629516,0.08445772051642675
LonNY,M15,0.6106027329296804,3.0,180.0,0.0,train,1929,0.04682328730939139,-0.03191349913779469,0.12556007375657746,0.2763089683773976,0.25899933481532905
LonNY,M15,0.6106027329296804,3.0,180.0,0.0,test,969,-0.02063627288896759,-0.12711149350012785,0.08583894772219268,0.25593395252837975,0.08445772051642675
LonNY,M30,0.6090614535252286,1.0,60.0,1.0,train,1929,-0.23129432510710118,-0.27366253615135594,-0.1889261140628464,0.4064282011404873,0.17227220051803924
LonNY,M30,0.6090614535252286,1.0,60.0,1.0,test,969,-0.05650803519989412,-0.11668224158965804,0.0036661711898698032,0.4757481940144479,0.0571686528017642
LonNY,M30,0.6090614535252286,1.0,120.0,1.0,train,1929,-0.22298187687550952,-0.268400760448815,-0.17756299330220407,0.4110938310005184,0.17227220051803924
LonNY,M30,0.6090614535252286,1.0,120.0,1.0,test,969,-0.06995774860024183,-0.13270960371588936,-0.0072058934845943,0.4757481940144479,0.0571686528017642
LonNY,M30,0.6090614535252286,1.0,180.0,1.0,train,1929,-0.217790728383844,-0.26398158548924777,-0.17159987127844026,0.4157594608605495,0.17227220051803924
LonNY,M30,0.6090614535252286,1.0,180.0,1.0,test,969,-0.06579956906710514,-0.1290639737646797,-0.0025351643695305653,0.4757481940144479,0.0571686528017642
LonNY,M30,0.6090614535252286,2.0,60.0,1.0,train,1929,-0.22947999615598216,-0.28100164961246726,-0.17795834269949706,0.33022291342664595,0.17227220051803924
LonNY,M30,0.6090614535252286,2.0,60.0,1.0,test,969,-0.09670259054092972,-0.17048485613655578,-0.022920324945303674,0.3673890608875129,0.0571686528017642
LonNY,M30,0.6090614535252286,2.0,120.0,1.0,train,1929,-0.22037205657046186,-0.27804156045873624,-0.16270255268218745,0.31000518403317784,0.17227220051803924
LonNY,M30,0.6090614535252286,2.0,120.0,1.0,test,969,-0.10663328256782395,-0.1883571989240538,-0.02490936621159409,0.3395252837977296,0.0571686528017642
LonNY,M30,0.6090614535252286,2.0,180.0,1.0,train,1929,-0.2110960617036799,-0.27135560157435856,-0.15083652183300122,0.29963711767755313,0.17227220051803924
LonNY,M30,0.6090614535252286,2.0,180.0,1.0,test,969,-0.11698821018044243,-0.20105664990116928,-0.0329197704597156,0.31785345717234265,0.0571686528017642
LonNY,M30,0.6090614535252286,3.0,60.0,1.0,train,1929,-0.23067476763793626,-0.28607899656587543,-0.1752705387099971,0.3177812337998963,0.17227220051803924
LonNY,M30,0.6090614535252286,3.0,60.0,1.0,test,969,-0.07530376584042212,-0.15672200044911075,0.006114468768266518,0.35810113519091846,0.0571686528017642
LonNY,M30,0.6090614535252286,3.0,120.0,1.0,train,1929,-0.21917841054170698,-0.28375803911933667,-0.15459878196407728,0.2820114048729912,0.17227220051803924
LonNY,M30,0.6090614535252286,3.0,120.0,1.0,test,969,-0.0643662939342268,-0.15908673580677068,0.03035414793831709,0.3137254901960784,0.0571686528017642
LonNY,M30,0.6090614535252286,3.0,180.0,1.0,train,1929,-0.21571986796219916,-0.28438272087809835,-0.1470570150463,0.2576464489372732,0.17227220051803924
LonNY,M30,0.6090614535252286,3.0,180.0,1.0,test,969,-0.09483956029631571,-0.19314112433171643,0.0034620037390850206,0.2755417956656347,0.0571686528017642
LonNY,M30,0.6090614535252286,1.0,60.0,0.0,train,1929,-0.03966434114000504,-0.08238396143865553,0.003055279158645459,0.47952306894764124,0.18978743186719016
LonNY,M30,0.6090614535252286,1.0,60.0,0.0,test,969,0.01438206308114476,-0.04568748442044795,0.07445161058273747,0.5036119711042312,0.05897481939500265
LonNY,M30,0.6090614535252286,1.0,120.0,0.0,train,1929,-0.0343653686926296,-0.07968608550537677,0.010955348120117572,0.4821150855365474,0.18978743186719016
LonNY,M30,0.6090614535252286,1.0,120.0,0.0,test,969,0.005731095429780782,-0.05681269304215969,0.06827488390172126,0.5025799793601651,0.05897481939500265
LonNY,M30,0.6090614535252286,1.0,180.0,0.0,train,1929,-0.030620565942603425,-0.07655362433491585,0.015312492449709,0.4821150855365474,0.18978743186719016
LonNY,M30,0.6090614535252286,1.0,180.0,0.0,test,969,0.008730469135578282,-0.05416680861988025,0.07162774689103682,0.5036119711042312,0.05897481939500265
LonNY,M30,0.6090614535252286,2.0,60.0,0.0,train,1929,-0.033812428793203765,-0.08831986625244112,0.02069500866603359,0.3831000518403318,0.18978743186719016
LonNY,M30,0.6090614535252286,2.0,60.0,0.0,test,969,-0.023698377259479278,-0.09884115101555875,0.051444396496600195,0.3942208462332301,0.05897481939500265
LonNY,M30,0.6090614535252286,2.0,120.0,0.0,train,1929,-0.019548462055897126,-0.08026922458580604,0.04117230047401178,0.3561430793157076,0.18978743186719016
LonNY,M30,0.6090614535252286,2.0,120.0,0.0,test,969,-0.04058357166448605,-0.12335129223228512,0.042184148903313026,0.35294117647058826,0.05897481939500265
LonNY,M30,0.6090614535252286,2.0,180.0,0.0,train,1929,-0.011284812074211151,-0.07412254219164055,0.051552918043218245,0.3421461897356143,0.18978743186719016
LonNY,M30,0.6090614535252286,2.0,180.0,0.0,test,969,-0.042277111737824925,-0.12765293747586198,0.04309871400021214,0.3364293085655315,0.05897481939500265
LonNY,M30,0.6090614535252286,3.0,60.0,0.0,train,1929,-0.017289459133004635,-0.07780903216834559,0.04323011390233631,0.36754795230689474,0.18978743186719016
LonNY,M30,0.6090614535252286,3.0,60.0,0.0,test,969,0.009793755384489917,-0.0743863447561892,0.09397385552516903,0.38390092879256965,0.05897481939500265
LonNY,M30,0.6090614535252286,3.0,120.0,0.0,train,1929,-0.010645234579439907,-0.08008267639525028,0.05879220723637047,0.31985484707102124,0.18978743186719016
LonNY,M30,0.6090614535252286,3.0,120.0,0.0,test,969,0.004295791657682263,-0.09214592580062572,0.10073750911599025,0.32507739938080493,0.05897481939500265
LonNY,M30,0.6090614535252286,3.0,180.0,0.0,train,1929,-0.00326622323692899,-0.07671760493862052,0.07018515846476255,0.2903058579574909,0.18978743186719016
LonNY,M30,0.6090614535252286,3.0,180.0,0.0,test,969,-0.025441132042659062,-0.1255004829014767,0.07461821881615857,0.28792569659442724,0.05897481939500265
LonNY,H1,0.6198579164016391,1.0,60.0,1.0,train,1929,-0.16118379707582658,-0.1993932003684765,-0.12297439378317668,0.4157594608605495,0.12003103383001602
LonNY,H1,0.6198579164016391,1.0,60.0,1.0,test,969,-0.004136806962946603,-0.057208820523860095,0.048935206597966886,0.49948400412796695,0.03888737160491534
LonNY,H1,0.6198579164016391,1.0,120.0,1.0,train,1929,-0.133439036337792,-0.17678582560871786,-0.09009224706686614,0.4447900466562986,0.12003103383001602
LonNY,H1,0.6198579164016391,1.0,120.0,1.0,test,969,-0.021657470825416504,-0.0807479775725064,0.037433035921673394,0.49019607843137253,0.03888737160491534
LonNY,H1,0.6198579164016391,1.0,180.0,1.0,train,1929,-0.13194142620512278,-0.17683648954163317,-0.08704636286861239,0.4499740798341109,0.12003103383001602
LonNY,H1,0.6198579164016391,1.0,180.0,1.0,test,969,-0.030487113028420963,-0.0914916312410574,0.030517405184215474,0.48813209494324045,0.03888737160491534
LonNY,H1,0.6198579164016391,2.0,60.0,1.0,train,1929,-0.16453720280750606,-0.20829426537210988,-0.12078014024290222,0.37325038880248834,0.12003103383001602
LonNY,H1,0.6198579164016391,2.0,60.0,1.0,test,969,0.02286159422010781,-0.04010999349887749,0.0858331819390931,0.46233230134158926,0.03888737160491534
LonNY,H1,0.6198579164016391,2.0,120.0,1.0,train,1929,-0.12426327419918319,-0.1768223539706951,-0.07170419442767129,0.3737687921202696,0.12003103383001602
LonNY,H1,0.6198579164016391,2.0,120.0,1.0,test,969,0.006586125527941023,-0.06797720807154735,0.0811494591274294,0.40970072239422084,0.03888737160491534
LonNY,H1,0.6198579164016391,2.0,180.0,1.0,train,1929,-0.11594395601675382,-0.1723536826602562,-0.05953422937325144,0.36132711249351995,0.12003103383001602
LonNY,H1,0.6198579164016391,2.0,180.0,1.0,test,969,-0.014288068333972798,-0.09380732493450844,0.06523118826656285,0.37770897832817335,0.03888737160491534
LonNY,H1,0.6198579164016391,3.0,60.0,1.0,train,1929,-0.15250768454617877,-0.19907562152440492,-0.10593974756795263,0.37065837221358217,0.12003103383001602
LonNY,H1,0.6198579164016391,3.0,60.0,1.0,test,969,0.03787561537917986,-0.02955094351663471,0.10530217427499444,0.45923632610939114,0.03888737160491534
LonNY,H1,0.6198579164016391,3.0,120.0,1.0,train,1929,-0.10345856871305396,-0.16204981669548416,-0.04486732073062378,0.36288232244686364,0.12003103383001602
LonNY,H1,0.6198579164016391,3.0,120.0,1.0,test,969,0.004959760900094159,-0.07474340906537234,0.08466293086556066,0.39834881320949433,0.03888737160491534
LonNY,H1,0.6198579164016391,3.0,180.0,1.0,train,1929,-0.08187968188117897,-0.14602050076586165,-0.017738862996496296,0.34577501296008295,0.12003103383001602
LonNY,H1,0.6198579164016391,3.0,180.0,1.0,test,969,-0.011588973622397592,-0.09902352739806565,0.07584558015327046,0.36429308565531476,0.03888737160491534
LonNY,H1,0.6198579164016391,1.0,60.0,0.0,train,1929,-0.02292779102731957,-0.06160987021916135,0.01575428816452221,0.48418869880767235,0.1282797199391489
LonNY,H1,0.6198579164016391,1.0,60.0,0.0,test,969,0.03905580568822906,-0.014041684460700893,0.09215329583715902,0.5242518059855521,0.039714729521939
LonNY,H1,0.6198579164016391,1.0,120.0,0.0,train,1929,-0.0050689291643261115,-0.048650081967819336,0.03851222363916712,0.49300155520995337,0.1282797199391489
LonNY,H1,0.6198579164016391,1.0,120.0,0.0,test,969,0.022184432212984398,-0.036934403306195726,0.08130326773216452,0.5067079463364293,0.039714729521939
LonNY,H1,0.6198579164016391,1.0,180.0,0.0,train,1929,-0.007783281846009088,-0.052851332334168354,0.03728476864215018,0.4940383618455158,0.1282797199391489
LonNY,H1,0.6198579164016391,1.0,180.0,0.0,test,969,0.01187821016311374,-0.04895792567505946,0.07271434600128694,0.5087719298245614,0.039714729521939
LonNY,H1,0.6198579164016391,2.0,60.0,0.0,train,1929,-0.01004547218496845,-0.056525975095803004,0.036435030725866104,0.43494038361845516,0.1282797199391489
LonNY,H1,0.6198579164016391,2.0,60.0,0.0,test,969,0.08081489196361585,0.016542916069266986,0.1450868678579647,0.48813209494324045,0.039714729521939
LonNY,H1,0.6198579164016391,2.0,120.0,0.0,train,1929,0.032541849494026026,-0.02277381407660773,0.08785751306465978,0.4126490409538621,0.1282797199391489
LonNY,H1,0.6198579164016391,2.0,120.0,0.0,test,969,0.0643119209130606,-0.01139337743207687,0.14001721925819804,0.42105263157894735,0.039714729521939
LonNY,H1,0.6198579164016391,2.0,180.0,0.0,train,1929,0.03231081136033652,-0.02638959559973239,0.09101121832040543,0.3965785381026439,0.1282797199391489
LonNY,H1,0.6198579164016391,2.0,180.0,0.0,test,969,0.032988768976463745,-0.04715552836676845,0.11313306631969594,0.3942208462332301,0.039714729521939
LonNY,H1,0.6198579164016391,3.0,60.0,0.0,train,1929,-0.00670132905734512,-0.05613990199798257,0.04273724388329233,0.42871954380508037,0.1282797199391489
LonNY,H1,0.6198579164016391,3.0,60.0,0.0,test,969,0.09332476808351216,0.024652051922466847,0.16199748424455745,0.4850361197110423,0.039714729521939
LonNY,H1,0.6198579164016391,3.0,120.0,0.0,train,1929,0.03695315766290512,-0.024577570056637327,0.09848388538244757,0.3939865215137377,0.1282797199391489
LonNY,H1,0.6198579164016391,3.0,120.0,0.0,test,969,0.056084631157948796,-0.02475307630143988,0.13692233861733746,0.40763673890608876,0.039714729521939
LonNY,H1,0.6198579164016391,3.0,180.0,0.0,train,1929,0.05192229284899054,-0.015201567065816102,0.11904615276379718,0.3711767755313634,0.1282797199391489
LonNY,H1,0.6198579164016391,3.0,180.0,0.0,test,969,0.03139671812460112,-0.056878077790157626,0.11967151403935986,0.3766769865841073,0.039714729521939
LonNY,H4,0.5853409101958902,1.0,60.0,1.0,train,1929,-0.08782497553197592,-0.11571582998272885,-0.059934121081222994,0.4333851736651115,0.06610778711924531
LonNY,H4,0.5853409101958902,1.0,60.0,1.0,test,969,-0.03537952605219273,-0.07297654180942434,0.0022174897050388845,0.48813209494324045,0.020302991232338016
LonNY,H4,0.5853409101958902,1.0,120.0,1.0,train,1929,-0.09339293456163908,-0.1274143238008315,-0.059371545322446664,0.447900466562986,0.06610778711924531
LonNY,H4,0.5853409101958902,1.0,120.0,1.0,test,969,-0.019138163914102245,-0.06558223829351545,0.027305910465310952,0.4891640866873065,0.020302991232338016
LonNY,H4,0.5853409101958902,1.0,180.0,1.0,train,1929,-0.09533461335126858,-0.1325126209082753,-0.05815660579426185,0.45412130637636083,0.06610778711924531
LonNY,H4,0.5853409101958902,1.0,180.0,1.0,test,969,-0.015559606340340497,-0.06576610710143675,0.03464689442075576,0.49432404540763675,0.020302991232338016
LonNY,H4,0.5853409101958902,1.0,1440.0,1.0,train,1929,-0.10217025499105004,-0.14841960443104982,-0.055920905551050254,0.4598237428719544,0.06610778711924531
LonNY,H4,0.5853409101958902,1.0,1440.0,1.0,test,969,0.012703057985494304,-0.05002413294204351,0.07543024891303211,0.5108359133126935,0.020302991232338016
LonNY,H4,0.5853409101958902,1.0,2880.0,1.0,train,1929,-0.10267902522613766,-0.14899732665262164,-0.05636072379965367,0.4598237428719544,0.06610778711924531
LonNY,H4,0.5853409101958902,1.0,2880.0,1.0,test,969,0.013084053853048398,-0.04975410221050691,0.0759222099166037,0.5108359133126935,0.020302991232338016
LonNY,H4,0.5853409101958902,2.0,60.0,1.0,train,1929,-0.08224587458539291,-0.11223089503223478,-0.05226085413855104,0.4276827371695179,0.06610778711924531
LonNY,H4,0.5853409101958902,2.0,60.0,1.0,test,969,-0.037505896182227695,-0.0775020686350402,0.0024902762705847972,0.478844169246646,0.020302991232338016
LonNY,H4,0.5853409101958902,2.0,120.0,1.0,train,1929,-0.08083966457437038,-0.11899252175704689,-0.04268680739169387,0.4297563504406428,0.06610778711924531
LonNY,H4,0.5853409101958902,2.0,120.0,1.0,test,969,-0.02854013045799469,-0.07917003330278256,0.022089772386793185,0.4664602683178535,0.020302991232338016
LonNY,H4,0.5853409101958902,2.0,180.0,1.0,train,1929,-0.06658082932239329,-0.10985745096445593,-0.02330420768033064,0.4282011404872991,0.06610778711924531
LonNY,H4,0.5853409101958902,2.0,180.0,1.0,test,969,-0.028247232519884632,-0.08446662587398823,0.02797216083421896,0.46439628482972134,0.020302991232338016
LonNY,H4,0.5853409101958902,2.0,1440.0,1.0,train,1929,-0.08485163000667308,-0.14673747662157224,-0.0229657833917739,0.3343701399688958,0.06610778711924531
LonNY,H4,0.5853409101958902,2.0,1440.0,1.0,test,969,0.062207301137874024,-0.024585518657704503,0.14900012093345255,0.3849329205366357,0.020302991232338016
LonNY,H4,0.5853409101958902,2.0,2880.0,1.0,train,1929,-0.08012644778001748,-0.14308744973089965,-0.017165445829135317,0.3271124935199585,0.06610778711924531
LonNY,H4,0.5853409101958902,2.0,2880.0,1.0,test,969,0.04603646078081218,-0.04231830321579495,0.13439122477741933,0.3684210526315789,0.020302991232338016
LonNY,H4,0.5853409101958902,3.0,60.0,1.0,train,1929,-0.08597743470793383,-0.1158029838642729,-0.056151885551594755,0.4276827371695179,0.06610778711924531
LonNY,H4,0.5853409101958902,3.0,60.0,1.0,test,969,-0.027910541190617626,-0.07047451275752975,0.014653430376294494,0.478844169246646,0.020302991232338016
LonNY,H4,0.5853409101958902,3.0,120.0,1.0,train,1929,-0.08765840883147738,-0.1260882122803782,-0.04922860538257657,0.4282011404872991,0.06610778711924531
LonNY,H4,0.5853409101958902,3.0,120.0,1.0,test,969,-0.01705241844863481,-0.07036123809497874,0.03625640119770912,0.4664602683178535,0.020302991232338016
LonNY,H4,0.5853409101958902,3.0,180.0,1.0,train,1929,-0.07080667216768187,-0.11563878544318969,-0.02597455889217405,0.4230171073094868,0.06610778711924531
LonNY,H4,0.5853409101958902,3.0,180.0,1.0,test,969,-0.01803796495070957,-0.07731986437420856,0.041243934472789415,0.4633642930856553,0.020302991232338016
LonNY,H4,0.5853409101958902,3.0,1440.0,1.0,train,1929,-0.11758206817225182,-0.18780742548735485,-0.04735671085714879,0.28252980819077245,0.06610778711924531
LonNY,H4,0.5853409101958902,3.0,1440.0,1.0,test,969,0.08720787813930568,-0.013748827897491711,0.18816458417610307,0.34881320949432404,0.020302991232338016
LonNY,H4,0.5853409101958902,3.0,2880.0,1.0,train,1929,-0.12136773261150698,-0.19544516884291555,-0.04729029638009841,0.2534992223950233,0.06610778711924531
LonNY,H4,0.5853409101958902,3.0,2880.0,1.0,test,969,0.06236762870444342,-0.04337636275051058,0.16811162015939743,0.3106295149638803,0.020302991232338016
LonNY,H4,0.5853409101958902,1.0,60.0,0.0,train,1929,-0.004087803673259719,-0.032415205070589544,0.024239597724070104,0.5028512182477968,0.06853494435772456
LonNY,H4,0.5853409101958902,1.0,60.0,0.0,test,969,-0.008491366514639461,-0.046317257121721765,0.02933452409244284,0.5149638802889577,0.0205262470613307
LonNY,H4,0.5853409101958902,1.0,120.0,0.0,train,1929,-0.008870100186835319,-0.04339370131516297,0.025653500941492338,0.49818558838776567,0.06853494435772456
LonNY,H4,0.5853409101958902,1.0,120.0,0.0,test,969,0.01024832746221627,-0.03647469145274018,0.05697134637717273,0.5128998968008256,0.0205262470613307
LonNY,H4,0.5853409101958902,1.0,180.0,0.0,train,1929,-0.014974631959026688,-0.05269723833052842,0.022747974412475044,0.49611197511664074,0.06853494435772456
LonNY,H4,0.5853409101958902,1.0,180.0,0.0,test,969,0.013008330624410029,-0.03741652907713254,0.0634331903259526,0.5108359133126935,0.0205262470613307
LonNY,H4,0.5853409101958902,1.0,1440.0,0.0,train,1929,-0.015070364492592013,-0.06110846607311247,0.030967737087928444,0.49144634525660963,0.06853494435772456
LonNY,H4,0.5853409101958902,1.0,1440.0,0.0,test,969,0.042186571407519344,-0.020312574941145863,0.10468571775618454,0.5211558307533539,0.0205262470613307
LonNY,H4,0.5853409101958902,1.0,2880.0,0.0,train,1929,-0.015587970578544075,-0.06171129573991428,0.030535354582826135,0.49144634525660963,0.06853494435772456
LonNY,H4,0.5853409101958902,1.0,2880.0,0.0,test,969,0.0425242188360034,-0.02008798888942761,0.1051364265614344,0.5211558307533539,0.0205262470613307
LonNY,H4,0.5853409101958902,2.0,60.0,0.0,train,1929,0.003507887242632469,-0.027457392215195074,0.034473166700460016,0.4940383618455158,0.06853494435772456
LonNY,H4,0.5853409101958902,2.0,60.0,0.0,test,969,-0.007266284771970072,-0.04801226464147718,0.033479695097537045,0.5067079463364293,0.0205262470613307
LonNY,H4,0.5853409101958902,2.0,120.0,0.0,train,1929,0.006467241498455089,-0.03296024098164484,0.04589472397855501,0.4764126490409539,0.06853494435772456
LonNY,H4,0.5853409101958902,2.0,120.0,0.0,test,969,0.006908577942928426,-0.04472135769850894,0.0585385135843658,0.49122807017543857,0.0205262470613307
LonNY,H4,0.5853409101958902,2.0,180.0,0.0,train,1929,0.015835988740852822,-0.028695347469692916,0.06036732495139856,0.46708138932089166,0.06853494435772456
LonNY,H4,0.5853409101958902,2.0,180.0,0.0,test,969,0.008685614077989574,-0.048645929508758415,0.06601715766473756,0.48297213622291024,0.0205262470613307
LonNY,H4,0.5853409101958902,2.0,1440.0,0.0,train,1929,-0.004022672965629726,-0.06698577433955527,0.058940428408295824,0.3483670295489891,0.06853494435772456
LonNY,H4,0.5853409101958902,2.0,1440.0,0.0,test,969,0.09774994650268562,0.010554666196068846,0.1849452268093024,0.391124871001032,0.0205262470613307
LonNY,H4,0.5853409101958902,2.0,2880.0,0.0,train,1929,-0.0016015277502580874,-0.065355501670422,0.06215244616990583,0.3421461897356143,0.06853494435772456
LonNY,H4,0.5853409101958902,2.0,2880.0,0.0,test,969,0.08416841419276107,-0.0045890218449512465,0.17292585023047338,0.3746130030959752,0.0205262470613307
LonNY,H4,0.5853409101958902,3.0,60.0,0.0,train,1929,0.0001404695162638717,-0.030742425122977233,0.031023364155504978,0.4940383618455158,0.06853494435772456
LonNY,H4,0.5853409101958902,3.0,60.0,0.0,test,969,0.0006893689239315102,-0.04230754557802953,0.04368628342589255,0.5067079463364293,0.0205262470613307
LonNY,H4,0.5853409101958902,3.0,120.0,0.0,train,1929,-0.0007381916984143061,-0.040600568236670395,0.039124184839841786,0.47485743908761013,0.06853494435772456
LonNY,H4,0.5853409101958902,3.0,120.0,0.0,test,969,0.012687750690287889,-0.04112726777509534,0.06650276915567112,0.49019607843137253,0.0205262470613307
LonNY,H4,0.5853409101958902,3.0,180.0,0.0,train,1929,0.014967342127997505,-0.031539308824339696,0.0614739930803347,0.4629341627786418,0.06853494435772456
LonNY,H4,0.5853409101958902,3.0,180.0,0.0,test,969,0.011945773967548264,-0.047864900327929734,0.07175644826302627,0.4809081527347781,0.0205262470613307
LonNY,H4,0.5853409101958902,3.0,1440.0,0.0,train,1929,-0.012822176768465069,-0.08559808948076975,0.059953735943839605,0.2975635044064282,0.06853494435772456
LonNY,H4,0.5853409101958902,3.0,1440.0,0.0,test,969,0.1378309793332052,0.035444829965007085,0.24021712870140333,0.35810113519091846,0.0205262470613307
LonNY,H4,0.5853409101958902,3.0,2880.0,0.0,train,1929,-0.021377691076916793,-0.09747203494045326,0.05471665278661966,0.2669777086573354,0.06853494435772456
LonNY,H4,0.5853409101958902,3.0,2880.0,0.0,test,969,0.11197234909223776,0.004979586102231245,0.21896511208224428,0.31682146542827655,0.0205262470613307
LonNY,D1,0.6033472122808505,1.0,60.0,1.0,train,1929,-0.024585974868095762,-0.036292220896395194,-0.012879728839796328,0.43753240020736134,0.022602536857525717
LonNY,D1,0.6033472122808505,1.0,60.0,1.0,test,969,-0.010767032798143544,-0.027911934398942115,0.006377868802655028,0.47368421052631576,0.007039482680895709
LonNY,D1,0.6033472122808505,1.0,120.0,1.0,train,1929,-0.027588481047252422,-0.04365071980042237,-0.01152624229408247,0.4432348367029549,0.022602536857525717
LonNY,D1,0.6033472122808505,1.0,120.0,1.0,test,969,-0.022663858761909517,-0.044720294098945436,-0.0006074234248735974,0.47678018575851394,0.007039482680895709
LonNY,D1,0.6033472122808505,1.0,180.0,1.0,train,1929,-0.025479322284529878,-0.04431677927308803,-0.006641865295971723,0.454639709694142,0.022602536857525717
LonNY,D1,0.6033472122808505,1.0,180.0,1.0,test,969,-0.02201293173226175,-0.047327366963153,0.0033015034986294996,0.48297213622291024,0.007039482680895709
LonNY,D1,0.6033472122808505,1.0,4320.0,1.0,train,1929,-0.026060090158068434,-0.06876244057238942,0.016642260256252553,0.5002592016588906,0.022602536857525717
LonNY,D1,0.6033472122808505,1.0,4320.0,1.0,test,969,-0.06570457936019872,-0.12451368210151209,-0.006895476618885343,0.46852425180598556,0.007039482680895709
LonNY,D1,0.6033472122808505,1.0,7200.0,1.0,train,1929,-0.02009178823928476,-0.06475133491567593,0.024567758437106405,0.5023328149300156,0.022602536857525717
LonNY,D1,0.6033472122808505,1.0,7200.0,1.0,test,969,-0.05345698694867005,-0.11609909150842906,0.009185117611088957,0.48194014447884415,0.007039482680895709
LonNY,D1,0.6033472122808505,2.0,60.0,1.0,train,1929,-0.023892142403621763,-0.035827968782312036,-0.01195631602493149,0.43753240020736134,0.022602536857525717
LonNY,D1,0.6033472122808505,2.0,60.0,1.0,test,969,-0.0057108778611232765,-0.024649950937772565,0.013228195215526012,0.47368421052631576,0.007039482680895709
LonNY,D1,0.6033472122808505,2.0,120.0,1.0,train,1929,-0.026658086430549028,-0.04314532603278902,-0.01017084682830904,0.4427164333851737,0.022602536857525717
LonNY,D1,0.6033472122808505,2.0,120.0,1.0,test,969,-0.017483103020961215,-0.041268449917162234,0.0063022438752398,0.47678018575851394,0.007039482680895709
LonNY,D1,0.6033472122808505,2.0,180.0,1.0,train,1929,-0.022471792234745713,-0.04223427223632724,-0.0027093122331641913,0.45412130637636083,0.022602536857525717
LonNY,D1,0.6033472122808505,2.0,180.0,1.0,test,969,-0.014442799369322398,-0.041937916858964676,0.01305231812031988,0.48297213622291024,0.007039482680895709
LonNY,D1,0.6033472122808505,2.0,4320.0,1.0,train,1929,-0.045832974866700696,-0.09844216447054455,0.006776214737143148,0.4064282011404873,0.022602536857525717
LonNY,D1,0.6033472122808505,2.0,4320.0,1.0,test,969,-0.04039686245508686,-0.11239165034104844,0.03159792543087471,0.4066047471620227,0.007039482680895709
LonNY,D1,0.6033472122808505,2.0,7200.0,1.0,train,1929,-0.04557094280225457,-0.10311220682082863,0.011970321216319482,0.37636080870917576,0.022602536857525717
LonNY,D1,0.6033472122808505,2.0,7200.0,1.0,test,969,-0.020237066220601858,-0.10015479985263219,0.05968066741142848,0.39215686274509803,0.007039482680895709
LonNY,D1,0.6033472122808505,3.0,60.0,1.0,train,1929,-0.023856427199349772,-0.035804487924126355,-0.011908366474573186,0.43753240020736134,0.022602536857525717
LonNY,D1,0.6033472122808505,3.0,60.0,1.0,test,969,-0.0043326231150979215,-0.024112489311962703,0.01544724308176686,0.47368421052631576,0.007039482680895709
LonNY,D1,0.6033472122808505,3.0,120.0,1.0,train,1929,-0.026258890885236797,-0.04287902603519082,-0.009638755735282774,0.4427164333851737,0.022602536857525717
LonNY,D1,0.6033472122808505,3.0,120.0,1.0,test,969,-0.019297309352017282,-0.04298173788223742,0.004387119178202857,0.47678018575851394,0.007039482680895709
LonNY,D1,0.6033472122808505,3.0,180.0,1.0,train,1929,-0.021505376827035187,-0.04150931828097594,-0.0015014353730944327,0.45412130637636083,0.022602536857525717
LonNY,D1,0.6033472122808505,3.0,180.0,1.0,test,969,-0.017193965457514386,-0.04451403869169164,0.010126107776662865,0.48194014447884415,0.007039482680895709
LonNY,D1,0.6033472122808505,3.0,4320.0,1.0,train,1929,-0.027989602901678047,-0.08520040482218333,0.029221199018827228,0.3976153447382063,0.022602536857525717
LonNY,D1,0.6033472122808505,3.0,4320.0,1.0,test,969,-0.032807892866856474,-0.11113300632899853,0.045517220595285575,0.3942208462332301,0.007039482680895709
LonNY,D1,0.6033472122808505,3.0,7200.0,1.0,train,1929,-0.030211366579241707,-0.09437057815421146,0.03394784499572804,0.35666148263348885,0.022602536857525717
LonNY,D1,0.6033472122808505,3.0,7200.0,1.0,test,969,0.005378464152338128,-0.08514466453450176,0.09590159283917801,0.36945304437564497,0.007039482680895709
LonNY,D1,0.6033472122808505,1.0,60.0,0.0,train,1929,0.005623663546785628,-0.006279620757752766,0.017526947851324023,0.4955935717988595,0.022879574225227496
LonNY,D1,0.6033472122808505,1.0,60.0,0.0,test,969,-0.0006580507096195652,-0.01783956096579444,0.01652345954655531,0.500515995872033,0.007066130127675069
LonNY,D1,0.6033472122808505,1.0,120.0,0.0,train,1929,0.0023933740483748933,-0.013862383516199764,0.01864913161294955,0.487817522032141,0.022879574225227496
LonNY,D1,0.6033472122808505,1.0,120.0,0.0,test,969,-0.012773770604835508,-0.034884594250970326,0.009337053041299309,0.4953560371517028,0.007066130127675069
LonNY,D1,0.6033472122808505,1.0,180.0,0.0,train,1929,0.004775708941866188,-0.0143197541280982,0.023871172011830578,0.4940383618455158,0.022879574225227496
LonNY,D1,0.6033472122808505,1.0,180.0,0.0,test,969,-0.012321063214269847,-0.03769532554867049,0.0130531991201308,0.4984520123839009,0.007066130127675069
LonNY,D1,0.6033472122808505,1.0,4320.0,0.0,train,1929,0.02575856848265913,-0.01698563044065545,0.06850276740597372,0.5173665111456713,0.022879574225227496
LonNY,D1,0.6033472122808505,1.0,4320.0,0.0,test,969,-0.045236888281808586,-0.10410258141181926,0.013628804848202086,0.47781217750258,0.007066130127675069
LonNY,D1,0.6033472122808505,1.0,7200.0,0.0,train,1929,0.03419595069409747,-0.010429970505982773,0.07882187189417772,0.5147744945567652,0.022879574225227496
LonNY,D1,0.6033472122808505,1.0,7200.0,0.0,test,969,-0.030251568165702493,-0.09293812327588363,0.032434986944478654,0.4850361197110423,0.007066130127675069
LonNY,D1,0.6033472122808505,2.0,60.0,0.0,train,1929,0.006083512465387266,-0.0060584081194129166,0.01822543305018745,0.4955935717988595,0.022879574225227496
LonNY,D1,0.6033472122808505,2.0,60.0,0.0,test,969,0.004565416670739092,-0.014435908418285015,0.0235667417597632,0.500515995872033,0.007066130127675069
LonNY,D1,0.6033472122808505,2.0,120.0,0.0,train,1929,0.003226716757905728,-0.013496508683014084,0.01994994219882554,0.48729911871435977,0.022879574225227496
LonNY,D1,0.6033472122808505,2.0,120.0,0.0,test,969,-0.007365056286169892,-0.031231230003498055,0.01650111743115827,0.4953560371517028,0.007066130127675069
LonNY,D1,0.6033472122808505,2.0,180.0,0.0,train,1929,0.0072561783222278835,-0.012781039238624588,0.027293395883080357,0.49300155520995337,0.022879574225227496
LonNY,D1,0.6033472122808505,2.0,180.0,0.0,test,969,-0.004337053755761875,-0.03194846498792266,0.023274357476398916,0.4984520123839009,0.007066130127675069
LonNY,D1,0.6033472122808505,2.0,4320.0,0.0,train,1929,0.020867922992022576,-0.03262906045728313,0.07436490644132829,0.42457231726283046,0.022879574225227496
LonNY,D1,0.6033472122808505,2.0,4320.0,0.0,test,969,-0.010123493741734905,-0.08276766030472925,0.06252067282125943,0.41589267285861714,0.007066130127675069
LonNY,D1,0.6033472122808505,2.0,7200.0,0.0,train,1929,0.03132903248617849,-0.027259561242752472,0.08991762621510946,0.38983929497148784,0.022879574225227496
LonNY,D1,0.6033472122808505,2.0,7200.0,0.0,test,969,0.015413389079293151,-0.0653128972613025,0.09613967541988881,0.39525283797729616,0.007066130127675069
LonNY,D1,0.6033472122808505,3.0,60.0,0.0,train,1929,0.005988449858493634,-0.0061275856504004935,0.018104485367387763,0.4955935717988595,0.022879574225227496
LonNY,D1,0.6033472122808505,3.0,60.0,0.0,test,969,0.0059930438012088,-0.013862002072062295,0.025848089674479897,0.500515995872033,0.007066130127675069
LonNY,D1,0.6033472122808505,3.0,120.0,0.0,train,1929,0.003879267090784661,-0.013069088962371514,0.020827623143940835,0.48729911871435977,0.022879574225227496
LonNY,D1,0.6033472122808505,3.0,120.0,0.0,test,969,-0.009084707354495226,-0.03287576689802772,0.014706352189037274,0.4953560371517028,0.007066130127675069
LonNY,D1,0.6033472122808505,3.0,180.0,0.0,train,1929,0.00837296536305845,-0.01194923915391991,0.028695169880036807,0.49300155520995337,0.022879574225227496
LonNY,D1,0.6033472122808505,3.0,180.0,0.0,test,969,-0.007032056333065824,-0.03448055973655693,0.02041644707042528,0.49742002063983487,0.007066130127675069
LonNY,D1,0.6033472122808505,3.0,4320.0,0.0,train,1929,0.040310169863692895,-0.018245595924291765,0.09886593565167756,0.41472265422498705,0.022879574225227496
LonNY,D1,0.6033472122808505,3.0,4320.0,0.0,test,969,-0.0014123131573869764,-0.08036971245973921,0.07754508614496526,0.4055727554179567,0.007066130127675069
LonNY,D1,0.6033472122808505,3.0,7200.0,0.0,train,1929,0.04596203351953214,-0.01958394262799794,0.11150800966706222,0.36858475894245724,0.022879574225227496
LonNY,D1,0.6033472122808505,3.0,7200.0,0.0,test,969,0.0412380256777408,-0.05006853408574818,0.13254458544122977,0.37254901960784315,0.007066130127675069
LonNY,W,0.6835684614633414,1.0,60.0,1.0,train,1929,-0.01056714384367684,-0.015418903595760735,-0.005715384091592944,0.43649559357179885,0.009940810831031224
LonNY,W,0.6835684614633414,1.0,60.0,1.0,test,969,-0.0032105939550978197,-0.011725373345641391,0.005304185435445752,0.478844169246646,0.002613893312890587
LonNY,W,0.6835684614633414,1.0,120.0,1.0,train,1929,-0.009333490894148503,-0.016121602922708058,-0.002545378865588948,0.45049248315189216,0.009940810831031224
LonNY,W,0.6835684614633414,1.0,120.0,1.0,test,969,-0.0024300995456445957,-0.013218327136871516,0.008358128045582325,0.4840041279669763,0.002613893312890587
LonNY,W,0.6835684614633414,1.0,180.0,1.0,train,1929,-0.015894519296529776,-0.02421980426441476,-0.007569234328644795,0.45152928978745466,0.009940810831031224
LonNY,W,0.6835684614633414,1.0,180.0,1.0,test,969,-0.009618417378426308,-0.02244497439957996,0.0032081396427273423,0.4871001031991744,0.002613893312890587
LonNY,W,0.6835684614633414,1.0,20160.0,1.0,train,1929,-0.06942864589011005,-0.11106108878856855,-0.02779620299165156,0.4758942457231726,0.009940810831031224
LonNY,W,0.6835684614633414,1.0,20160.0,1.0,test,969,-0.010874015824275982,-0.06821981274973388,0.04647178110118192,0.49638802889576883,0.002613893312890587
LonNY,W,0.6835684614633414,1.0,40320.0,1.0,train,1929,-0.07796785834971261,-0.12233141174165309,-0.03360430495777213,0.487817522032141,0.009940810831031224
LonNY,W,0.6835684614633414,1.0,40320.0,1.0,test,969,-0.015799443402261058,-0.07731983106778807,0.04572094426326595,0.5087719298245614,0.002613893312890587
LonNY,W,0.6835684614633414,2.0,60.0,1.0,train,1929,-0.01056714384367684,-0.015418903595760735,-0.005715384091592944,0.43649559357179885,0.009940810831031224
LonNY,W,0.6835684614633414,2.0,60.0,1.0,test,969,-0.0032105939550978197,-0.011725373345641391,0.005304185435445752,0.478844169246646,0.002613893312890587
LonNY,W,0.6835684614633414,2.0,120.0,1.0,train,1929,-0.009333490894148503,-0.016121602922708058,-0.002545378865588948,0.45049248315189216,0.009940810831031224
LonNY,W,0.6835684614633414,2.0,120.0,1.0,test,969,-0.003092015939540883,-0.013678137292329454,0.007494105413247689,0.4840041279669763,0.002613893312890587
LonNY,W,0.6835684614633414,2.0,180.0,1.0,train,1929,-0.015931356363034332,-0.024248008788088846,-0.007614703937979819,0.45152928978745466,0.009940810831031224
LonNY,W,0.6835684614633414,2.0,180.0,1.0,test,969,-0.009980767316375696,-0.022714363827819606,0.002752829195068215,0.4871001031991744,0.002613893312890587
LonNY,W,0.6835684614633414,2.0,20160.0,1.0,train,1929,-0.03944981319758585,-0.0903178817507507,0.011418255355578999,0.4105754276827372,0.009940810831031224
LonNY,W,0.6835684614633414,2.0,20160.0,1.0,test,969,0.059276507050294525,-0.013974206290487554,0.13252722039107662,0.43034055727554177,0.002613893312890587
LonNY,W,0.6835684614633414,2.0,40320.0,1.0,train,1929,-0.08405618829034078,-0.14140591468591737,-0.0267064618947642,0.3618455158113012,0.009940810831031224
LonNY,W,0.6835684614633414,2.0,40320.0,1.0,test,969,0.10467012401266108,0.02152547488005431,0.18781477314526784,0.43034055727554177,0.002613893312890587
LonNY,W,0.6835684614633414,3.0,60.0,1.0,train,1929,-0.01056714384367684,-0.015418903595760735,-0.005715384091592944,0.43649559357179885,0.009940810831031224
LonNY,W,0.6835684614633414,3.0,60.0,1.0,test,969,-0.0032105939550978197,-0.011725373345641391,0.005304185435445752,0.478844169246646,0.002613893312890587
LonNY,W,0.6835684614633414,3.0,120.0,1.0,train,1929,-0.009333490894148503,-0.016121602922708058,-0.002545378865588948,0.45049248315189216,0.009940810831031224
LonNY,W,0.6835684614633414,3.0,120.0,1.0,test,969,-0.003092015939540883,-0.013678137292329454,0.007494105413247689,0.4840041279669763,0.002613893312890587
LonNY,W,0.6835684614633414,3.0,180.0,1.0,train,1929,-0.015931356363034332,-0.024248008788088846,-0.007614703937979819,0.45152928978745466,0.009940810831031224
LonNY,W,0.6835684614633414,3.0,180.0,1.0,test,969,-0.009980767316375696,-0.022714363827819606,0.002752829195068215,0.4871001031991744,0.002613893312890587
LonNY,W,0.6835684614633414,3.0,20160.0,1.0,train,1929,-0.06166776515594027,-0.1151432530219796,-0.008192277289900934,0.39450492483151894,0.009940810831031224
LonNY,W,0.6835684614633414,3.0,20160.0,1.0,test,969,0.07057819309195512,-0.009091497112121358,0.15024788329603161,0.4231166150670795,0.002613893312890587
LonNY,W,0.6835684614633414,3.0,40320.0,1.0,train,1929,-0.08962837557125852,-0.15466250563120335,-0.0245942455113137,0.3240020736132711,0.009940810831031224
LonNY,W,0.6835684614633414,3.0,40320.0,1.0,test,969,0.17168410322435476,0.07490409530348237,0.26846411114522717,0.4086687306501548,0.002613893312890587
LonNY,W,0.6835684614633414,1.0,60.0,0.0,train,1929,0.0011404351574132473,-0.0037340579564049832,0.0060149282712314775,0.49818558838776567,0.009994033400032307
LonNY,W,0.6835684614633414,1.0,60.0,0.0,test,969,0.0009505305585561102,-0.007586773892937978,0.009487835010050199,0.500515995872033,0.0026175586802819253
LonNY,W,0.6835684614633414,1.0,120.0,0.0,train,1929,0.0023783683883724857,-0.004444336377874744,0.009201073154619715,0.4919647485743909,0.009994033400032307
LonNY,W,0.6835684614633414,1.0,120.0,0.0,test,969,0.0017244346877532488,-0.009088121399239582,0.01253699077474608,0.5036119711042312,0.0026175586802819253
LonNY,W,0.6835684614633414,1.0,180.0,0.0,train,1929,-0.004226504447048149,-0.012593695464398995,0.004140686570302697,0.48833592534992226,0.009994033400032307
LonNY,W,0.6835684614633414,1.0,180.0,0.0,test,969,-0.005485321322426851,-0.018339079218335812,0.007368436573482111,0.5015479876160991,0.0026175586802819253
LonNY,W,0.6835684614633414,1.0,20160.0,0.0,train,1929,-0.004286214338766769,-0.04605957109715418,0.037487142419620645,0.4976671850699845,0.009994033400032307
LonNY,W,0.6835684614633414,1.0,20160.0,0.0,test,969,0.024553717858268962,-0.03285199051801792,0.08195942623455585,0.5056759545923633,0.0026175586802819253
LonNY,W,0.6835684614633414,1.0,40320.0,0.0,train,1929,-0.0029723979067321567,-0.04744734071082126,0.04150254489735695,0.4976671850699845,0.009994033400032307
LonNY,W,0.6835684614633414,1.0,40320.0,0.0,test,969,0.025175035766018934,-0.036442669348133915,0.08679274088017178,0.5118679050567595,0.0026175586802819253
LonNY,W,0.6835684614633414,2.0,60.0,0.0,train,1929,0.0011404351574132473,-0.0037340579564049832,0.0060149282712314775,0.49818558838776567,0.009994033400032307
LonNY,W,0.6835684614633414,2.0,60.0,0.0,test,969,0.0009505305585561102,-0.007586773892937978,0.009487835010050199,0.500515995872033,0.0026175586802819253
LonNY,W,0.6835684614633414,2.0,120.0,0.0,train,1929,0.0023783683883724857,-0.004444336377874744,0.009201073154619715,0.4919647485743909,0.009994033400032307
LonNY,W,0.6835684614633414,2.0,120.0,0.0,test,969,0.0010727627042727795,-0.009541819611080374,0.011687345019625935,0.5036119711042312,0.0026175586802819253
LonNY,W,0.6835684614633414,2.0,180.0,0.0,train,1929,-0.004254778620581547,-0.012615389007803166,0.004105831766640072,0.48833592534992226,0.009994033400032307
LonNY,W,0.6835684614633414,2.0,180.0,0.0,test,969,-0.005829416278075644,-0.01859609924569856,0.006937266689547272,0.5015479876160991,0.0026175586802819253
LonNY,W,0.6835684614633414,2.0,20160.0,0.0,train,1929,0.04130606621732052,-0.010491559995560715,0.09310369243020175,0.43753240020736134,0.009994033400032307
LonNY,W,0.6835684614633414,2.0,20160.0,0.0,test,969,0.10611854269245716,0.032158258987966634,0.18007882639694767,0.44272445820433437,0.0026175586802819253
LonNY,W,0.6835684614633414,2.0,40320.0,0.0,train,1929,0.0229516849345305,-0.035721323167909595,0.08162469303697059,0.38258164852255055,0.009994033400032307
LonNY,W,0.6835684614633414,2.0,40320.0,0.0,test,969,0.16414523789807658,0.08000700801248481,0.24828346778366836,0.43859649122807015,0.0026175586802819253
LonNY,W,0.6835684614633414,3.0,60.0,0.0,train,1929,0.0011404351574132473,-0.0037340579564049832,0.0060149282712314775,0.49818558838776567,0.009994033400032307
LonNY,W,0.6835684614633414,3.0,60.0,0.0,test,969,0.0009505305585561102,-0.007586773892937978,0.009487835010050199,0.500515995872033,0.0026175586802819253
LonNY,W,0.6835684614633414,3.0,120.0,0.0,train,1929,0.0023783683883724857,-0.004444336377874744,0.009201073154619715,0.4919647485743909,0.009994033400032307
LonNY,W,0.6835684614633414,3.0,120.0,0.0,test,969,0.0010727627042727795,-0.009541819611080374,0.011687345019625935,0.5036119711042312,0.0026175586802819253
LonNY,W,0.6835684614633414,3.0,180.0,0.0,train,1929,-0.004254778620581547,-0.012615389007803166,0.004105831766640072,0.48833592534992226,0.009994033400032307
LonNY,W,0.6835684614633414,3.0,180.0,0.0,test,969,-0.005829416278075644,-0.01859609924569856,0.006937266689547272,0.5015479876160991,0.0026175586802819253
LonNY,W,0.6835684614633414,3.0,20160.0,0.0,train,1929,0.026817014361352406,-0.028069308165468987,0.0817033368881738,0.4224987039917055,0.009994033400032307
LonNY,W,0.6835684614633414,3.0,20160.0,0.0,test,969,0.12237405838456726,0.041571293099464224,0.2031768236696703,0.43653250773993807,0.0026175586802819253
LonNY,W,0.6835684614633414,3.0,40320.0,0.0,train,1929,0.03556156156951043,-0.03159604821519932,0.10271917135422018,0.3499222395023328,0.009994033400032307
LonNY,W,0.6835684614633414,3.0,40320.0,0.0,test,969,0.2446907692962474,0.14590926394816844,0.34347227464432634,0.41898864809081526,0.0026175586802819253
