t_fill,t_exit,side,level,sl,entry_px,exit_px,risk,why,hold_min,nights,r_px,r_net,cost_risk,period,zid,det
2019-02-12 08:39:00+00:00,2019-02-12 08:39:00+00:00,1,1311.205,1310.938380135527,1311.205,1310.8383801355271,0.26661986447288655,2,1.0,0,-1.3750658271378664,-1.6376119061346117,1.575276473980472,warm,bull|2019-02-12T07:40:00+00:00,2019-02-12 08:25:00+00:00
2019-02-20 08:35:00+00:00,2019-02-20 08:53:00+00:00,1,1342.605,1341.7996869174924,1342.605,1341.6996869174925,0.8053130825076096,2,19.0,0,-1.1241753079293408,-1.2110980234799584,0.5215362933037058,warm,bull|2019-02-20T08:00:00+00:00,2019-02-20 08:20:00+00:00
2019-02-25 14:57:00+00:00,2019-02-25 15:49:00+00:00,1,1330.628,1329.307479091554,1330.628,1329.207479091554,1.320520908446042,2,53.0,0,-1.0757276915195433,-1.128737075583272,0.3180563043823715,warm,bull|2019-02-25T14:20:00+00:00,2019-02-25 14:40:00+00:00
2026-08-17 09:45:00+00:00,2026-08-17 09:52:00+00:00,1,4395.625,4393.190751129301,4395.625,4393.090751129301,2.434248870698866,2,8.0,0,-1.0410804339704405,-1.069836737749644,0.17253782267522186,test,bull|2026-08-17T07:35:00+00:00,2026-08-17 07:50:00+00:00
2026-07-22 06:33:00+00:00,2026-07-22 06:35:00+00:00,-1,4126.745,4129.953698674163,4127.3,4130.053698674164,3.2086986741633154,2,3.0,0,-0.8581979655292591,-0.8800136631401458,0.1308941856653203,test,bear|2026-07-22T06:10:00+00:00,2026-07-22 06:30:00+00:00
2019-04-17 16:19:00+00:00,2019-04-17 16:33:00+00:00,-1,1274.438,1274.9510608497737,1274.438,1275.0510608497736,0.5130608497736375,2,15.0,0,-1.1949086546830245,-1.3313447129612659,0.8186163496694477,warm,bear|2019-04-17T15:25:00+00:00,2019-04-17 15:45:00+00:00
2026-07-28 06:43:00+00:00,2026-07-28 06:45:00+00:00,-1,4040.495,4043.259910047085,4040.79,4043.359910047085,2.7649100470853227,2,3.0,0,-0.9294732932792058,-0.9547905726148542,0.15190367601389065,test,bear|2026-07-28T06:25:00+00:00,2026-07-28 06:40:00+00:00
2026-07-30 08:02:00+00:00,2026-07-30 09:07:00+00:00,-1,4044.975,4051.538843672558,4044.975,4051.638843672558,6.5638436725580505,2,66.0,0,-1.0152349758751853,-1.0258994589878248,0.06398689867583612,test,bear|2026-07-30T06:30:00+00:00,2026-07-30 06:45:00+00:00
2019-05-02 15:01:00+00:00,2019-05-02 16:46:00+00:00,-1,1270.018,1271.3374786693018,1270.018,1271.4374786693018,1.319478669301816,2,106.0,0,-1.0757875078441568,-1.128838763335115,0.31830753294574843,warm,bear|2019-05-02T13:50:00+00:00,2019-05-02 14:10:00+00:00
2026-07-03 15:57:00+00:00,2026-07-03 16:04:00+00:00,-1,4169.075,4172.2197528041725,4169.075,4172.319752804173,3.14475280417264,2,8.0,0,-1.0317990017745362,-1.0540583030166306,0.13355580745256662,test,bear|2026-07-03T14:25:00+00:00,2026-07-03 15:10:00+00:00
2026-06-24 14:57:00+00:00,2026-06-24 15:13:00+00:00,-1,4035.165,4042.3369442642975,4035.165,4020.821111471405,7.171944264297508,1,17.0,0,2.0,1.9902397456783838,0.058561525929696975,test,bear|2026-06-24T13:15:00+00:00,2026-06-24 13:50:00+00:00
2019-06-17 15:23:00+00:00,2019-06-17 16:33:00+00:00,1,1337.968,1336.7228876845468,1337.968,1340.4582246309067,1.245112315453298,1,71.0,0,2.0,1.9437801721730497,0.3373189669617026,warm,bull|2019-06-17T13:25:00+00:00,2019-06-17 14:05:00+00:00
2019-06-04 09:39:00+00:00,2019-06-04 09:40:00+00:00,1,1326.645,1325.92920675463,1326.645,1325.8292067546301,0.7157932453699232,2,2.0,0,-1.1397051462091248,-1.237498748555601,0.5867616140788579,warm,bull|2019-06-04T07:55:00+00:00,2019-06-04 09:15:00+00:00
2019-06-25 09:32:00+00:00,2019-06-25 09:35:00+00:00,1,1430.338,1429.3079910152012,1430.338,1429.2079910152013,1.0300089847987692,2,4.0,0,-1.0970865317446195,-1.165047103965915,0.40776343332777293,warm,bull|2019-06-25T08:25:00+00:00,2019-06-25 08:45:00+00:00
2019-06-25 15:32:00+00:00,2019-06-25 15:36:00+00:00,1,1432.348,1431.4074540964014,1432.348,1431.3074540964014,0.9405459035986041,2,5.0,0,-1.1063212328258525,-1.180746095804017,0.44654917786898685,warm,bull|2019-06-25T14:55:00+00:00,2019-06-25 15:20:00+00:00
2026-06-22 14:40:00+00:00,2026-06-22 14:46:00+00:00,-1,4193.528,4197.160512568774,4193.528,4197.260512568774,3.6325125687735635,2,7.0,0,-1.0275291545747154,-1.046799562776946,0.1156224492133839,test,bear|2026-06-22T14:15:00+00:00,2026-06-22 14:35:00+00:00
2019-07-23 14:25:00+00:00,2019-07-23 14:27:00+00:00,1,1422.825,1422.263918151219,1422.825,1423.947163697562,0.5610818487809865,1,3.0,0,2.0,1.8752410184858361,0.7485538890849834,warm,bull|2019-07-23T12:55:00+00:00,2019-07-23 13:30:00+00:00
2019-07-23 14:12:00+00:00,2019-07-23 14:13:00+00:00,1,1424.988,1423.626592036189,1424.988,1423.5265920361892,1.3614079638109615,2,2.0,0,-1.0734533678795157,-1.1248707253952235,0.30850414509424684,warm,bull|2019-07-23T13:45:00+00:00,2019-07-23 14:00:00+00:00
2019-08-27 09:09:00+00:00,2019-08-27 09:12:00+00:00,1,1532.265,1531.5964829207942,1532.265,1531.4964829207943,0.6685170792059125,2,4.0,0,-1.1495848095888477,-1.2542941763011364,0.6282562002737319,warm,bull|2019-08-27T07:45:00+00:00,2019-08-27 08:15:00+00:00
2019-08-23 13:52:00+00:00,2019-08-23 14:36:00+00:00,1,1501.548,1499.5941690449874,1501.548,1505.4556619100251,1.9538309550125632,1,45.0,0,2.0,1.9641729496503193,0.21496230209808476,warm,bull|2019-08-23T13:20:00+00:00,2019-08-23 13:40:00+00:00
2019-09-10 09:53:00+00:00,2019-09-10 09:54:00+00:00,1,1494.245,1493.4904468506072,1494.245,1493.3904468506073,0.7545531493926774,2,2.0,0,-1.1325287689547074,-1.225298907223087,0.5566208296102779,warm,bull|2019-09-10T08:55:00+00:00,2019-09-10 09:15:00+00:00
2019-10-09 14:33:00+00:00,2019-10-09 15:51:00+00:00,1,1505.998,1504.476476099357,1505.998,1509.0410478012864,1.5215239006431602,1,79.0,0,2.0,1.9539934929905403,0.27603904205675817,warm,bull|2019-10-09T13:55:00+00:00,2019-10-09 14:10:00+00:00
2026-03-26 16:14:00+00:00,2026-03-26 16:16:00+00:00,-1,4442.095,4447.089941512343,4442.095,4432.105116975315,4.994941512342848,1,3.0,0,2.0,1.9859858218906017,0.08408506865638983,test,bear|2026-03-26T15:50:00+00:00,2026-03-26 16:10:00+00:00
2019-12-13 14:07:00+00:00,2019-12-13 14:07:00+00:00,-1,1470.748,1471.5728702170215,1470.748,1471.6728702170215,0.8248702170214983,2,1.0,0,-1.1212311924183618,-1.2060930271112922,0.5091710081575823,warm,bear|2019-12-13T13:25:00+00:00,2019-12-13 14:00:00+00:00
2026-02-26 10:30:00+00:00,2026-02-26 10:36:00+00:00,1,5176.895,5174.128713636413,5176.895,5174.028713636412,2.766286363587824,2,7.0,0,-1.0361495473920008,-1.0614542305663093,0.15182809904585134,test,bull|2026-02-26T09:20:00+00:00,2026-02-26 09:40:00+00:00
2020-01-15 09:10:00+00:00,2020-01-15 09:14:00+00:00,1,1552.635,1551.7591564977365,1552.635,1551.6591564977366,0.8758435022634785,2,5.0,0,-1.1141756486649441,-1.1940986027304776,0.4795377243932012,pre,bull|2020-01-15T08:30:00+00:00,2020-01-15 08:55:00+00:00
2026-02-10 14:47:00+00:00,2026-02-10 14:48:00+00:00,1,5038.795,5032.714893730735,5038.795,5032.614893730734,6.080106269265343,2,2.0,0,-1.0164470809508477,-1.027960037616399,0.06907773999330911,test,bull|2026-02-10T13:25:00+00:00,2026-02-10 14:20:00+00:00
2026-02-10 09:17:00+00:00,2026-02-10 10:15:00+00:00,1,5047.325,5038.270678266612,5047.325,5038.1706782666115,9.054321733387951,2,59.0,0,-1.0110444495948947,-1.018775564311293,0.04638668829838944,test,bull|2026-02-10T08:55:00+00:00,2026-02-10 09:10:00+00:00
2020-02-03 17:53:00+00:00,2020-02-03 18:16:00+00:00,1,1575.475,1574.2387757692416,1575.475,1577.9474484615166,1.2362242307583529,1,24.0,0,2.0,1.9433759683248895,0.33974419005066264,pre,bull|2020-02-03T16:05:00+00:00,2020-02-03 16:40:00+00:00
2026-01-26 16:28:00+00:00,2026-01-26 16:29:00+00:00,1,5082.965,5073.394956625869,5082.965,5073.2949566258685,9.570043374131274,2,2.0,0,-1.0104492734349222,-1.0177637648393412,0.043886948426513875,test,bull|2026-01-26T15:40:00+00:00,2026-01-26 16:05:00+00:00
2020-02-21 16:33:00+00:00,2020-02-21 17:33:00+00:00,1,1639.828,1637.771577656162,1639.828,1643.940844687676,2.056422343837994,1,61.0,0,2.0,1.965960299833469,0.20423820099918533,pre,bull|2020-02-21T14:15:00+00:00,2020-02-21 14:50:00+00:00
2026-01-20 08:36:00+00:00,2026-01-20 08:46:00+00:00,1,4717.625,4714.358999460425,4717.625,4724.157001079149,3.266000539574634,1,11.0,0,2.0,1.9785670580418468,0.1285976517489189,test,bull|2026-01-20T07:55:00+00:00,2026-01-20 08:10:00+00:00
2026-01-20 10:31:00+00:00,2026-01-20 11:07:00+00:00,1,4726.075,4721.946223807039,4726.075,4721.846223807039,4.128776192960686,2,37.0,0,-1.0242202520376031,-1.0411744284638638,0.10172505855756354,test,bull|2026-01-20T09:15:00+00:00,2026-01-20 09:30:00+00:00
2020-04-15 06:30:00+00:00,2020-04-15 07:17:00+00:00,1,1724.555,1722.8658552769484,1724.555,1722.7658552769485,1.6891447230516405,2,48.0,0,-1.0592015584190129,-1.1006426493123596,0.24864654536008032,pre,bull|2020-04-15T06:05:00+00:00,2020-04-15 06:20:00+00:00
2020-04-23 07:23:00+00:00,2020-04-23 07:23:00+00:00,1,1713.768,1713.13228675933,1713.768,1713.0322867593302,0.6357132406699293,2,1.0,0,-1.1573036293762369,-1.2674161699397029,0.660675243380796,pre,bull|2020-04-23T06:25:00+00:00,2020-04-23 07:05:00+00:00
2026-01-05 11:18:00+00:00,2026-01-05 11:25:00+00:00,1,4428.515,4426.04936087585,4428.515,4425.949360875849,2.4656391241505844,2,8.0,0,-1.040557435603969,-1.068947640526644,0.17034122953605002,test,bull|2026-01-05T09:05:00+00:00,2026-01-05 09:45:00+00:00
2020-05-06 09:20:00+00:00,2020-05-06 09:20:00+00:00,1,1705.278,1704.3442416298906,1705.278,1704.2442416298907,0.9337583701094445,2,1.0,0,-1.107094086865522,-1.1820599476714555,0.44979516483560134,pre,bull|2020-05-06T08:35:00+00:00,2020-05-06 08:55:00+00:00
2020-05-08 07:42:00+00:00,2020-05-08 08:26:00+00:00,1,1716.325,1714.7936990715275,1716.325,1719.3876018569451,1.5313009284725467,1,45.0,0,2.0,1.9542872346653481,0.27427659200791105,pre,bull|2020-05-08T07:00:00+00:00,2020-05-08 07:20:00+00:00
2020-05-11 08:40:00+00:00,2020-05-11 09:42:00+00:00,1,1706.438,1704.3962491543648,1706.438,1704.296249154365,2.041750845635306,2,63.0,0,-1.0489775724661417,-1.083261873192472,0.20570580435798172,pre,bull|2020-05-11T08:05:00+00:00,2020-05-11 08:25:00+00:00
2020-06-18 06:54:00+00:00,2020-06-18 06:56:00+00:00,1,1726.918,1726.4954203553823,1726.918,1726.3954203553824,0.4225796446175991,2,3.0,0,-1.2366417816702957,-1.4022910288396533,0.9938954830161462,pre,bull|2020-06-18T06:15:00+00:00,2020-06-18 06:35:00+00:00
2020-06-17 16:14:00+00:00,2020-06-17 17:24:00+00:00,1,1723.648,1722.2046722671196,1723.648,1726.5346554657606,1.4433277328803342,1,71.0,0,2.0,1.95150096654742,0.29099420071548093,pre,bull|2020-06-17T15:25:00+00:00,2020-06-17 15:45:00+00:00
2020-06-09 07:18:00+00:00,2020-06-09 07:19:00+00:00,1,1695.845,1695.0635075223443,1695.845,1694.9635075223443,0.7814924776557746,2,2.0,0,-1.1279602847872277,-1.2175324841383686,0.5374331961068449,pre,bull|2020-06-09T06:30:00+00:00,2020-06-09 06:50:00+00:00
2020-06-10 13:33:00+00:00,2020-06-10 13:39:00+00:00,1,1721.425,1720.4593875103094,1721.425,1723.356224979381,0.9656124896905567,1,7.0,0,2.0,1.9275071514221689,0.4349570914669865,pre,bull|2020-06-10T12:40:00+00:00,2020-06-10 13:00:00+00:00
2020-07-16 16:08:00+00:00,2020-07-16 16:09:00+00:00,1,1806.048,1805.2976864199934,1806.048,1805.1976864199935,0.7503135800066048,2,2.0,0,-1.1332776090751666,-1.2265719354278681,0.5597659581162091,pre,bull|2020-07-16T15:15:00+00:00,2020-07-16 15:35:00+00:00
2020-07-09 14:36:00+00:00,2020-07-09 15:45:00+00:00,1,1811.335,1808.732604859999,1811.335,1808.632604859999,2.6023951400011356,2,70.0,0,-1.0384261400057277,-1.0653244380097617,0.16138978802420326,pre,bull|2020-07-09T14:00:00+00:00,2020-07-09 14:30:00+00:00
2020-08-17 14:18:00+00:00,2020-08-17 14:23:00+00:00,1,1959.095,1957.803539185135,1959.095,1961.6779216297302,1.2914608148651041,1,6.0,0,2.0,1.945797813457227,0.32521311925663804,pre,bull|2020-08-17T13:55:00+00:00,2020-08-17 14:10:00+00:00
2020-09-22 09:33:00+00:00,2020-09-22 12:32:00+00:00,-1,1906.225,1909.7105344395613,1906.225,1905.8229999999999,3.485534439561434,3,180.0,0,0.11533381952485461,0.09525081612500648,0.12049802039908876,pre,bear|2020-09-22T08:00:00+00:00,2020-09-22 08:45:00+00:00
2025-10-03 07:50:00+00:00,2025-10-03 08:42:00+00:00,1,3855.195,3850.575042004442,3855.195,3864.4349159911167,4.619957995558252,1,53.0,0,2.0,1.9848483470916187,0.09090991745028829,test,bull|2025-10-03T07:00:00+00:00,2025-10-03 07:20:00+00:00
2020-10-12 14:00:00+00:00,2020-10-12 14:05:00+00:00,1,1923.528,1921.878458074766,1923.528,1921.7784580747661,1.6495419252339616,2,6.0,0,-1.060622890797835,-1.103058914356358,0.2546161413511388,pre,bull|2020-10-12T13:25:00+00:00,2020-10-12 13:50:00+00:00
2020-10-14 06:45:00+00:00,2020-10-14 06:58:00+00:00,-1,1894.458,1895.4487093598761,1894.458,1895.548709359876,0.9907093598760639,2,14.0,0,-1.1009377765568087,-1.171594220146639,0.42393866153898185,pre,bear|2020-10-14T06:25:00+00:00,2020-10-14 06:40:00+00:00
2025-09-16 15:45:00+00:00,2025-09-16 16:05:00+00:00,1,3688.069,3684.796989128181,3688.069,3684.696989128181,3.2720108718190204,2,21.0,0,-1.03056224563958,-1.0519558175873054,0.12836143168635256,test,bull|2025-09-16T14:15:00+00:00,2025-09-16 15:25:00+00:00
2025-08-26 09:56:00+00:00,2025-08-26 10:00:00+00:00,1,3377.055,3375.313821946799,3377.055,3375.2138219467993,1.741178053200656,2,5.0,0,-1.0574323802302055,-1.097635046391386,0.24121599696708249,test,bull|2025-08-26T09:20:00+00:00,2025-08-26 09:40:00+00:00
2025-09-03 10:54:00+00:00,2025-09-03 11:02:00+00:00,1,3534.875,3533.5198863385585,3534.875,3533.4198863385586,1.3551136614414645,2,9.0,0,-1.073794547900533,-1.1254507314309532,0.30993710118252127,test,bull|2025-09-03T08:55:00+00:00,2025-09-03 09:10:00+00:00
2025-08-21 14:45:00+00:00,2025-08-21 14:45:00+00:00,1,3338.015,3336.120064639043,3338.015,3336.020064639043,1.8949353609568789,2,1.0,0,-1.0527722486266826,-1.089712822665394,0.22164344423226875,test,bull|2025-08-21T13:25:00+00:00,2025-08-21 13:45:00+00:00
2020-12-31 14:28:00+00:00,2020-12-31 14:45:00+00:00,1,1896.875,1895.550368288852,1896.875,1895.4503682888521,1.3246317111479584,2,18.0,0,-1.0754926815946801,-1.1283375587110043,0.3170692626979447,pre,bull|2020-12-31T13:50:00+00:00,2020-12-31 14:05:00+00:00
2021-01-12 14:31:00+00:00,2021-01-12 14:45:00+00:00,-1,1847.598,1850.3387870001036,1847.598,1842.1164259997927,2.740787000103637,1,15.0,0,2.0,1.9744598905360566,0.15324065678366053,pre,bear|2021-01-12T13:35:00+00:00,2021-01-12 14:10:00+00:00
2025-07-29 13:07:00+00:00,2025-07-29 13:11:00+00:00,-1,3319.735,3321.4491165093978,3319.735,3321.5491165093977,1.714116509397627,2,5.0,0,-1.0583390915679651,-1.0991764556655779,0.24502418458567674,test,bear|2025-07-29T12:25:00+00:00,2025-07-29 12:40:00+00:00
2021-01-15 16:43:00+00:00,2021-01-15 17:11:00+00:00,-1,1832.845,1834.8540408773388,1832.845,1828.8269182453225,2.009040877338748,1,29.0,0,2.0,1.9651575033691078,0.20905497978535312,pre,bear|2021-01-15T15:40:00+00:00,2021-01-15 15:55:00+00:00
2025-07-16 08:43:00+00:00,2025-07-16 09:04:00+00:00,1,3336.948,3335.3723202350297,3336.948,3340.09935952994,1.5756797649701184,1,22.0,0,2.0,1.9555747293604882,0.26655162383707137,test,bull|2025-07-16T06:45:00+00:00,2025-07-16 07:10:00+00:00
2021-01-25 16:43:00+00:00,2021-01-25 17:07:00+00:00,-1,1854.075,1856.2467740310542,1854.075,1856.346774031054,2.171774031054156,2,25.0,0,-1.046045306081577,-1.0782770203387104,0.19339028554279958,pre,bear|2021-01-25T15:45:00+00:00,2021-01-25 16:10:00+00:00
2021-02-15 08:02:00+00:00,2021-02-15 08:02:00+00:00,-1,1818.115,1819.3302730994753,1818.115,1819.4302730994752,1.2152730994753256,2,1.0,0,-1.0822860310518536,-1.1398862527882037,0.3456013304180996,pre,bear|2021-02-15T07:25:00+00:00,2021-02-15 07:50:00+00:00
2025-06-24 09:26:00+00:00,2025-06-24 10:16:00+00:00,1,3325.898,3322.3423381666657,3325.898,3322.242338166666,3.5556618333343977,2,51.0,0,-1.0281241593512653,-1.047811070897169,0.1181214692754221,train,bull|2025-06-24T08:45:00+00:00,2025-06-24 09:00:00+00:00
2021-04-12 16:05:00+00:00,2021-04-12 16:49:00+00:00,-1,1735.005,1736.542199294531,1735.005,1731.9306014109384,1.5371992945308648,1,45.0,0,2.0,1.9544626384821735,0.2732241691069596,pre,bear|2021-04-12T15:20:00+00:00,2021-04-12 15:40:00+00:00
2021-04-13 08:29:00+00:00,2021-04-13 08:35:00+00:00,-1,1726.8,1727.7255759135235,1726.8,1727.8255759135234,0.9255759135235166,2,7.0,0,-1.1080408408849203,-1.1836694295044332,0.4537715317170782,pre,bear|2021-04-13T07:10:00+00:00,2021-04-13 08:05:00+00:00
2025-06-04 08:42:00+00:00,2025-06-04 08:48:00+00:00,1,3360.188,3358.3862305575026,3360.188,3358.2862305575027,1.8017694424975161,2,7.0,0,-1.055500996765321,-1.0943516945010812,0.23310418641456065,train,bull|2025-06-04T08:20:00+00:00,2025-06-04 08:35:00+00:00
2025-05-16 07:43:00+00:00,2025-05-16 08:04:00+00:00,1,3215.695,3212.231722401467,3215.695,3212.131722401467,3.4632775985332955,2,22.0,0,-1.028874381898309,-1.0490864492271437,0.12127240397300834,train,bull|2025-05-16T06:25:00+00:00,2025-05-16 07:10:00+00:00
2021-04-27 07:14:00+00:00,2021-04-27 07:53:00+00:00,1,1780.687,1779.9093740775072,1780.687,1779.8093740775073,0.7776259224926889,2,40.0,0,-1.1285965360817163,-1.2186141113389997,0.5401054515437,pre,bull|2021-04-27T06:25:00+00:00,2021-04-27 06:40:00+00:00
2021-04-21 14:16:00+00:00,2021-04-21 14:32:00+00:00,1,1783.488,1782.1958955211194,1783.488,1786.0722089577614,1.292104478880674,1,17.0,0,2.0,1.9458248143674575,0.3250511137952546,pre,bull|2021-04-21T13:15:00+00:00,2021-04-21 13:35:00+00:00
2021-05-11 07:05:00+00:00,2021-05-11 07:06:00+00:00,1,1835.916,1835.5783142079713,1835.916,1835.4783142079714,0.3376857920286511,2,2.0,0,-1.2961332764377143,-1.5034265699443028,1.2437597610395315,pre,bull|2021-05-11T06:05:00+00:00,2021-05-11 06:30:00+00:00
2025-05-08 15:01:00+00:00,2025-05-08 15:10:00+00:00,1,3351.595,3346.638627556106,3351.595,3361.507744887788,4.956372443893997,1,10.0,0,2.0,1.9858767675770137,0.08473939453791836,train,bull|2025-05-08T13:50:00+00:00,2025-05-08 14:05:00+00:00
2021-05-06 08:18:00+00:00,2021-05-06 08:18:00+00:00,1,1793.968,1793.1260976157696,1792.67,1793.0260976157697,0.8419023842304796,2,1.0,0,0.42296781959478064,0.3398227883997665,0.49887018717008486,pre,bull|2021-05-06T07:55:00+00:00,2021-05-06 08:15:00+00:00
2025-05-12 13:40:00+00:00,2025-05-12 14:00:00+00:00,1,3224.615,3219.8661792313374,3224.615,3234.1126415373246,4.748820768662426,1,21.0,0,2.0,1.9852594984291823,0.08844300942490593,train,bull|2025-05-12T13:10:00+00:00,2025-05-12 13:25:00+00:00
2021-06-16 07:07:00+00:00,2021-06-16 07:07:00+00:00,1,1859.018,1858.6565754533156,1859.018,1858.5565754533156,0.361424546684475,2,1.0,0,-1.2766829229427226,-1.4703609690028046,1.1620682763604921,pre,bull|2021-06-16T06:10:00+00:00,2021-06-16 06:40:00+00:00
2021-06-30 07:30:00+00:00,2021-06-30 07:32:00+00:00,-1,1759.448,1760.0845096187336,1759.448,1760.1845096187335,0.6365096187334984,2,3.0,0,-1.1571068167027627,-1.2670815883947966,0.6598486301522032,pre,bear|2021-06-30T06:15:00+00:00,2021-06-30 06:55:00+00:00
2025-04-11 14:48:00+00:00,2025-04-11 14:55:00+00:00,1,3226.965,3222.5116950566203,3226.965,3222.4116950566204,4.453304943379862,2,8.0,0,-1.0224552329722145,-1.0381738960527789,0.09431197848338643,train,bull|2025-04-11T13:45:00+00:00,2025-04-11 14:00:00+00:00
2021-07-01 11:01:00+00:00,2021-07-01 11:04:00+00:00,-1,1775.838,1776.4279445366901,1775.838,1776.52794453669,0.5899445366901546,2,4.0,0,-1.169507460075743,-1.288162682128871,0.7119313323187679,pre,bear|2021-07-01T09:25:00+00:00,2021-07-01 10:10:00+00:00
2021-07-21 09:56:00+00:00,2021-07-21 10:02:00+00:00,-1,1806.848,1808.1080768130223,1806.848,1808.2080768130222,1.2600768130223514,2,7.0,0,-1.07936024134914,-1.1349124102935886,0.33331301366669147,pre,bear|2021-07-21T09:00:00+00:00,2021-07-21 09:20:00+00:00
2025-04-02 14:48:00+00:00,2025-04-02 14:51:00+00:00,1,3119.348,3116.77930037606,3119.348,3116.67930037606,2.5686996239401196,2,4.0,0,-1.0389302038540884,-1.0661813465519752,0.16350685618731997,train,bull|2025-04-02T13:15:00+00:00,2025-04-02 13:30:00+00:00
2021-07-28 07:01:00+00:00,2021-07-28 07:14:00+00:00,-1,1805.808,1806.5433277253037,1805.808,1806.6433277253036,0.7353277253037049,2,14.0,0,-1.1359937842118044,-1.231189433160154,0.5711738936900981,pre,bear|2021-07-28T05:45:00+00:00,2021-07-28 06:25:00+00:00
2025-03-21 08:11:00+00:00,2025-03-21 08:14:00+00:00,1,3030.765,3029.2758598993787,3030.765,3029.175859899379,1.4891401006211709,2,4.0,0,-1.0671528487871595,-1.114159842938214,0.28204196490632666,train,bull|2025-03-21T07:50:00+00:00,2025-03-21 08:05:00+00:00
2021-08-24 07:54:00+00:00,2021-08-24 08:07:00+00:00,1,1803.158,1802.330478279108,1803.158,1802.2304782791082,0.8275217208918093,2,14.0,0,-1.1208427494714464,-1.2054326741015358,0.5075395477805362,pre,bull|2021-08-24T07:05:00+00:00,2021-08-24 07:20:00+00:00
2021-09-17 09:37:00+00:00,2021-09-17 09:37:00+00:00,-1,1763.368,1764.2794014095891,1763.368,1764.379401409589,0.9114014095891889,2,1.0,0,-1.109721138181017,-1.1865259349077988,0.46082878036069047,pre,bear|2021-09-17T08:25:00+00:00,2021-09-17 08:45:00+00:00
2021-09-13 08:29:00+00:00,2021-09-13 08:47:00+00:00,-1,1790.208,1790.97157610724,1790.208,1788.6808477855202,0.7635761072399418,1,19.0,0,2.0,1.9083260996038427,0.5500434023769443,pre,bear|2021-09-13T07:40:00+00:00,2021-09-13 08:00:00+00:00
2021-09-22 13:28:00+00:00,2021-09-22 13:36:00+00:00,-1,1774.627,1775.3657318543005,1774.627,1773.1495362913988,0.7387318543005676,1,9.0,0,2.0,1.905243019381808,0.5685418837091527,pre,bear|2021-09-22T12:15:00+00:00,2021-09-22 13:05:00+00:00
2025-02-05 10:56:00+00:00,2025-02-05 11:11:00+00:00,1,2866.665,2865.1580877375513,2866.665,2865.0580877375514,1.5069122624486226,2,16.0,0,-1.066360864193524,-1.112813469129033,0.27871562961305435,train,bull|2025-02-05T09:15:00+00:00,2025-02-05 09:35:00+00:00
2025-01-30 14:34:00+00:00,2025-01-30 15:40:00+00:00,1,2781.945,2776.863733561287,2781.945,2792.1075328774264,5.081266438713101,1,67.0,0,2.0,1.9862239068066407,0.0826565591601551,train,bull|2025-01-30T13:30:00+00:00,2025-01-30 14:30:00+00:00
2021-10-11 06:59:00+00:00,2021-10-11 07:37:00+00:00,-1,1756.548,1757.5757828607505,1756.548,1754.492434278499,1.027782860750449,1,39.0,0,2.0,1.931892228725347,0.4086466276479174,pre,bear|2021-10-11T06:25:00+00:00,2021-10-11 06:40:00+00:00
2025-01-27 12:18:00+00:00,2025-01-27 12:20:00+00:00,1,2764.185,2762.498277673187,2764.185,2762.3982776731873,1.6867223268127418,2,3.0,0,-1.0592865810870427,-1.1007871878480104,0.24900364056580607,train,bull|2025-01-27T10:15:00+00:00,2025-01-27 10:30:00+00:00
2021-11-15 12:13:00+00:00,2021-11-15 12:30:00+00:00,1,1861.678,1861.0019894205766,1861.678,1860.9019894205767,0.6760105794235187,2,18.0,0,-1.1479266790250324,-1.2514753543426493,0.6212920519057014,pre,bull|2021-11-15T09:50:00+00:00,2021-11-15 10:20:00+00:00
2021-11-19 10:40:00+00:00,2021-11-19 13:39:00+00:00,1,1860.448,1857.7951107787453,1860.448,1860.189,2.6528892212547817,3,180.0,0,-0.09762940643164549,-0.1240157324942509,0.15831795637563245,pre,bull|2021-11-19T09:45:00+00:00,2021-11-19 10:05:00+00:00
2021-12-08 14:48:00+00:00,2021-12-08 15:01:00+00:00,-1,1781.838,1783.1638968899363,1782.143,1783.2638968899362,1.3258968899363026,2,14.0,0,-0.8453876756510056,-0.8981821278676956,0.31676671330014,pre,bear|2021-12-08T14:25:00+00:00,2021-12-08 14:45:00+00:00
2021-12-03 10:00:00+00:00,2021-12-03 10:10:00+00:00,-1,1768.806,1769.9613427484644,1768.806,1770.0613427484643,1.1553427484643635,2,11.0,0,-1.0865544013954518,-1.147142482372323,0.3635284858612283,pre,bear|2021-12-03T08:55:00+00:00,2021-12-03 09:15:00+00:00
2024-11-26 15:44:00+00:00,2024-11-26 18:00:00+00:00,-1,2630.574,2633.837536745474,2630.574,2624.046926509052,3.2635367454740845,1,137.0,0,2.0,1.9785508773274647,0.12869473603521137,train,bear|2024-11-26T14:20:00+00:00,2024-11-26 14:45:00+00:00
2024-11-29 09:12:00+00:00,2024-11-29 09:49:00+00:00,-1,2660.405,2662.5424918319554,2660.405,2662.6424918319553,2.1374918319552307,2,38.0,0,-1.0467838045062543,-1.0795324676606621,0.19649197892644713,train,bear|2024-11-29T08:00:00+00:00,2024-11-29 08:15:00+00:00
2022-01-17 09:26:00+00:00,2022-01-17 09:31:00+00:00,1,1821.494,1820.92122429986,1821.494,1820.82122429986,0.5727757001400278,2,6.0,0,-1.1745884121401482,-1.296800300638363,0.733271330989289,pre,bull|2022-01-17T08:05:00+00:00,2022-01-17 08:25:00+00:00
2022-01-28 09:33:00+00:00,2022-01-28 10:31:00+00:00,-1,1792.508,1793.772412785322,1792.508,1789.979174429356,1.2644127853220652,1,59.0,0,2.0,1.9446383326611412,0.33217000403315255,pre,bear|2022-01-28T08:50:00+00:00,2022-01-28 09:15:00+00:00
2022-03-07 15:56:00+00:00,2022-03-07 16:07:00+00:00,1,1981.3,1976.6419668302085,1981.3,1976.5419668302086,4.658033169791452,2,12.0,0,-1.0214682885146535,-1.0364960904749247,0.09016681176162689,pre,bull|2022-03-07T15:30:00+00:00,2022-03-07 15:45:00+00:00
2022-03-02 08:03:00+00:00,2022-03-02 08:18:00+00:00,1,1940.838,1938.9199808418693,1940.838,1938.8199808418694,1.918019158130619,2,16.0,0,-1.0521371226017227,-1.0886331084229617,0.21897591492743454,pre,bull|2022-03-02T07:35:00+00:00,2022-03-02 07:50:00+00:00
2022-02-24 12:22:00+00:00,2022-02-24 12:22:00+00:00,1,1956.733,1953.397004365088,1956.733,1953.297004365088,3.335995634912024,2,1.0,0,-1.0299760584076862,-1.0509592992930856,0.12589944531239658,pre,bull|2022-02-24T10:05:00+00:00,2022-02-24 11:00:00+00:00
2022-03-11 09:35:00+00:00,2022-03-11 10:54:00+00:00,1,1990.058,1988.2937055988202,1990.058,1993.5865888023595,1.764294401179768,1,80.0,0,2.0,1.9603240819938035,0.2380555080371789,pre,bull|2022-03-11T08:25:00+00:00,2022-03-11 09:05:00+00:00
2022-04-04 13:44:00+00:00,2022-04-04 14:08:00+00:00,1,1931.042,1929.4476451094108,1931.042,1934.2307097811781,1.594354890589102,1,25.0,0,2.0,1.9560950950047669,0.2634294299713994,pre,bull|2022-04-04T13:15:00+00:00,2022-04-04 13:35:00+00:00
2022-03-30 14:18:00+00:00,2022-03-30 14:22:00+00:00,1,1923.933,1922.288663838089,1923.933,1922.188663838089,1.644336161911042,2,5.0,0,-1.0608148153134875,-1.1033851860329675,0.2554222243168802,pre,bull|2022-03-30T13:05:00+00:00,2022-03-30 13:20:00+00:00
2024-10-02 09:03:00+00:00,2024-10-02 09:04:00+00:00,1,2654.275,2653.309823880186,2654.275,2653.209823880186,0.9651761198142594,2,2.0,0,-1.1036080337536254,-1.176133657381229,0.43515374176562277,train,bull|2024-10-02T08:45:00+00:00,2024-10-02 09:00:00+00:00
2024-09-18 09:14:00+00:00,2024-09-18 09:15:00+00:00,1,2569.685,2568.5243036785537,2569.685,2568.4243036785538,1.1606963214462667,2,2.0,0,-1.0861551795695412,-1.146463805268275,0.3618517541924023,train,bull|2024-09-18T08:40:00+00:00,2024-09-18 09:00:00+00:00
2024-09-16 15:03:00+00:00,2024-09-16 15:07:00+00:00,1,2584.865,2581.0011777976038,2583.97,2580.901177797604,3.8638222023960225,2,5.0,0,-0.7942451908094841,-0.8123619664614775,0.10870065391196077,train,bull|2024-09-16T14:40:00+00:00,2024-09-16 15:00:00+00:00
2024-09-09 09:24:00+00:00,2024-09-09 10:12:00+00:00,1,2490.635,2488.626280846408,2490.635,2494.6524383071846,2.00871915359221,1,49.0,0,2.0,1.9651519228684515,0.20908846278929055,train,bull|2024-09-09T08:15:00+00:00,2024-09-09 08:35:00+00:00
2024-09-06 14:04:00+00:00,2024-09-06 14:06:00+00:00,1,2517.125,2514.5848442578526,2517.125,2514.4848442578527,2.5401557421473626,2,3.0,0,-1.0393676648800174,-1.0669250302960547,0.16534419249622312,train,bull|2024-09-06T13:25:00+00:00,2024-09-06 13:40:00+00:00
2022-05-02 15:27:00+00:00,2022-05-02 15:31:00+00:00,-1,1861.933,1864.542191264645,1861.933,1864.642191264645,2.6091912646450055,2,5.0,0,-1.0383260519667248,-1.0651542883434566,0.16096941826039085,pre,bear|2022-05-02T14:20:00+00:00,2022-05-02 14:40:00+00:00
2022-05-09 15:48:00+00:00,2022-05-09 16:30:00+00:00,-1,1863.488,1866.225630570075,1863.488,1858.01273885985,2.737630570074998,1,43.0,0,2.0,1.9744304433311166,0.1534173400132999,pre,bear|2022-05-09T15:05:00+00:00,2022-05-09 15:30:00+00:00
2022-05-12 13:31:00+00:00,2022-05-12 13:47:00+00:00,-1,1846.638,1848.0488626316571,1846.638,1843.8162747366855,1.41086263165721,1,17.0,0,2.0,1.9503849641848,0.2976902148912009,pre,bear|2022-05-12T12:25:00+00:00,2022-05-12 12:50:00+00:00
2022-06-14 13:31:00+00:00,2022-06-14 13:35:00+00:00,-1,1821.928,1823.0055994839806,1821.928,1819.772801032039,1.0775994839805207,1,5.0,0,2.0,1.9350408003709982,0.38975519777401096,pre,bear|2022-06-14T12:40:00+00:00,2022-06-14 13:00:00+00:00
2022-07-04 09:22:00+00:00,2022-07-04 09:26:00+00:00,-1,1808.414,1808.9446016303132,1808.414,1809.044601630313,0.5306016303131855,2,5.0,0,-1.188465308598627,-1.320391024617786,0.791554296114953,pre,bear|2022-07-04T08:55:00+00:00,2022-07-04 09:10:00+00:00
2022-07-13 14:52:00+00:00,2022-07-13 14:56:00+00:00,-1,1728.228,1730.290112154949,1728.228,1724.1037756901023,2.0621121549488635,1,5.0,0,2.0,1.966054222690067,0.2036746638595975,pre,bear|2022-07-13T13:25:00+00:00,2022-07-13 13:45:00+00:00
2024-08-01 15:08:00+00:00,2024-08-01 15:09:00+00:00,1,2452.295,2448.740901172065,2452.183,2448.6409011720652,3.554098827934922,2,2.0,0,-0.9966236166800282,-1.01631918604625,0.11817341619733106,train,bull|2024-08-01T14:45:00+00:00,2024-08-01 15:05:00+00:00
2024-07-10 13:57:00+00:00,2024-07-10 14:04:00+00:00,1,2377.978,2377.0610285308053,2377.978,2376.9610285308054,0.9169714691947775,2,8.0,0,-1.1090546471284677,-1.1853929001184644,0.458029517939981,train,bull|2024-07-10T13:15:00+00:00,2024-07-10 13:30:00+00:00
2024-07-10 08:51:00+00:00,2024-07-10 09:12:00+00:00,1,2372.455,2371.233543340494,2372.455,2371.1335433404943,1.2214566595057477,2,22.0,0,-1.081869462351921,-1.1391780859983178,0.34385174187838113,train,bull|2024-07-10T08:15:00+00:00,2024-07-10 08:35:00+00:00
2022-08-31 08:22:00+00:00,2022-08-31 09:15:00+00:00,-1,1721.858,1722.9627680490564,1721.858,1719.648463901887,1.1047680490564744,1,54.0,0,2.0,1.936638283429917,0.3801702994204987,pre,bear|2022-08-31T08:00:00+00:00,2022-08-31 08:15:00+00:00
2022-09-01 16:05:00+00:00,2022-09-01 16:08:00+00:00,-1,1694.855,1696.150877717933,1694.855,1696.250877717933,1.295877717933081,2,4.0,0,-1.0771677748726234,-1.1311852172835088,0.3241046544653134,pre,bear|2022-09-01T15:25:00+00:00,2022-09-01 15:45:00+00:00
2024-06-21 06:31:00+00:00,2024-06-21 06:38:00+00:00,1,2362.618,2362.068169191486,2362.618,2363.7176616170277,0.5498308085138888,1,8.0,0,2.0,1.872688108930819,0.7638713464150869,train,bull|2024-06-21T06:10:00+00:00,2024-06-21 06:25:00+00:00
2022-09-28 08:54:00+00:00,2022-09-28 09:21:00+00:00,-1,1621.168,1623.8260937652906,1621.168,1623.9260937652905,2.658093765290687,2,28.0,0,-1.037620945244937,-1.0639556069164167,0.15800797002887865,pre,bear|2022-09-28T08:00:00+00:00,2022-09-28 08:15:00+00:00
2022-10-20 08:18:00+00:00,2022-10-20 08:20:00+00:00,-1,1629.398,1630.0531122654027,1629.398,1630.1531122654026,0.6551122654027495,2,3.0,0,-1.152645592642707,-1.259497507492699,0.6411114890999525,pre,bear|2022-10-20T07:55:00+00:00,2022-10-20 08:10:00+00:00
2022-12-13 15:10:00+00:00,2022-12-13 15:28:00+00:00,1,1818.668,1814.6775922612794,1818.668,1814.5775922612795,3.990407738720478,2,19.0,0,-1.0250600957465,-1.0426021627690658,0.10525240213539502,pre,bull|2022-12-13T14:35:00+00:00,2022-12-13 14:55:00+00:00
2022-12-06 09:16:00+00:00,2022-12-06 09:38:00+00:00,1,1770.418,1769.077074280121,1770.418,1773.0998514397577,1.3409257198788964,1,23.0,0,2.0,1.9477972575495666,0.3132164547026003,pre,bull|2022-12-06T08:30:00+00:00,2022-12-06 09:10:00+00:00
2024-04-29 10:04:00+00:00,2024-04-29 10:08:00+00:00,1,2336.755,2335.955195894859,2336.755,2338.354608210282,0.7998041051409928,1,5.0,0,2.0,1.912478568751957,0.5251285874882584,train,bull|2024-04-29T09:15:00+00:00,2024-04-29 09:30:00+00:00
2023-01-25 15:24:00+00:00,2023-01-25 15:25:00+00:00,1,1931.165,1929.8637390150323,1931.165,1929.7637390150323,1.301260984967712,2,2.0,0,-1.0768485347329386,-1.1306425090460446,0.32276384587863555,train,bull|2023-01-25T14:55:00+00:00,2023-01-25 15:20:00+00:00
2024-04-09 06:55:00+00:00,2024-04-09 06:56:00+00:00,1,2345.665,2344.9841508396025,2345.665,2344.8841508396026,0.6808491603974289,2,2.0,0,-1.1468754106144987,-1.2496881980447414,0.6168767245814556,train,bull|2024-04-09T06:25:00+00:00,2024-04-09 06:45:00+00:00
2023-02-23 09:36:00+00:00,2023-02-23 10:21:00+00:00,-1,1826.544,1827.4010584688206,1826.544,1824.8298830623592,0.857058468820469,1,46.0,0,2.0,1.9183252922098326,0.4900482467410037,train,bear|2023-02-23T09:15:00+00:00,2023-02-23 09:30:00+00:00
2024-03-06 08:01:00+00:00,2024-03-06 08:01:00+00:00,1,2127.395,2126.872285034019,2127.395,2126.772285034019,0.5227149659808674,2,1.0,0,-1.1913088518754393,-1.3252250481883687,0.8034971778775759,train,bull|2024-03-06T06:55:00+00:00,2024-03-06 07:40:00+00:00
2024-03-06 15:04:00+00:00,2024-03-06 15:04:00+00:00,1,2137.525,2135.4424885590724,2137.525,2135.3424885590725,2.0825114409276466,2,1.0,0,-1.0480189438745002,-1.0816322045866809,0.20167956427308398,train,bull|2024-03-06T14:10:00+00:00,2024-03-06 14:35:00+00:00
2024-03-01 07:28:00+00:00,2024-03-01 07:30:00+00:00,1,2046.765,2046.3631112189641,2046.765,2046.2631112189642,0.40188878103595016,2,3.0,0,-1.2488250598639223,-1.4230026017688264,1.045065251429424,train,bull|2024-03-01T06:55:00+00:00,2024-03-01 07:20:00+00:00
2023-05-15 16:00:00+00:00,2023-05-15 16:11:00+00:00,1,2015.245,2014.2601522276816,2015.245,2014.1601522276817,0.9848477723182896,2,12.0,0,-1.1015385350007072,-1.172615509501267,0.42646184700335765,train,bull|2023-05-15T14:15:00+00:00,2023-05-15 14:45:00+00:00
2023-05-29 10:42:00+00:00,2023-05-29 12:59:00+00:00,-1,1945.655,1947.0440754982646,1945.655,1946.49,1.389075498264674,3,138.0,0,-0.6011192343707553,-0.6515124635994392,0.30235937537210333,train,bear|2023-05-29T08:20:00+00:00,2023-05-29 08:45:00+00:00
2023-06-05 13:57:00+00:00,2023-06-05 14:00:00+00:00,-1,1942.795,1943.7412706041175,1942.795,1943.8412706041174,0.9462706041174442,2,4.0,0,-1.1056780159552517,-1.1796526271239953,0.44384766701246137,train,bear|2023-06-05T11:55:00+00:00,2023-06-05 13:25:00+00:00
2023-06-22 14:47:00+00:00,2023-06-22 14:53:00+00:00,-1,1926.325,1927.7181203519256,1926.325,1923.538759296149,1.3931203519255178,1,7.0,0,2.0,1.9497530849339408,0.30148149039635525,train,bear|2023-06-22T12:50:00+00:00,2023-06-22 14:15:00+00:00
2024-02-02 13:50:00+00:00,2024-02-02 13:57:00+00:00,1,2032.265,2030.6567040517327,2032.265,2030.5567040517328,1.6082959482673687,2,8.0,0,-1.0621776110967884,-1.10570193886458,0.26114596660674905,train,bull|2024-02-01T13:25:00+00:00,2024-02-02 13:25:00+00:00
2024-01-18 09:26:00+00:00,2024-01-18 09:28:00+00:00,-1,2011.305,2012.0655358612216,2011.305,2012.1655358612215,0.7605358612215696,2,3.0,0,-1.1314862389779878,-1.223526606262663,0.552242203708051,train,bear|2024-01-18T08:25:00+00:00,2024-01-18 09:05:00+00:00
2023-12-14 15:36:00+00:00,2023-12-14 15:48:00+00:00,1,2036.635,2034.6904869040816,2036.635,2040.5240261918368,1.9445130959184098,1,13.0,0,2.0,1.9640012709881296,0.21599237407122246,train,bull|2023-12-14T14:20:00+00:00,2023-12-14 14:40:00+00:00
2023-08-07 06:27:00+00:00,2023-08-07 06:41:00+00:00,-1,1938.245,1938.9310005478733,1938.245,1936.872998904253,0.686000547873391,1,15.0,0,2.0,1.8979592651682267,0.6122444089906407,train,bear|2023-08-07T05:55:00+00:00,2023-08-07 06:15:00+00:00
2023-08-24 13:58:00+00:00,2023-08-24 14:52:00+00:00,-1,1914.445,1916.3355263011576,1914.445,1916.4355263011576,1.8905263011577063,2,55.0,0,-1.0528953233492027,-1.0899220496936783,0.22216035806685344,train,bear|2023-08-24T13:25:00+00:00,2023-08-24 13:40:00+00:00
2023-11-30 16:34:00+00:00,2023-11-30 17:28:00+00:00,1,2037.905,2036.3719914256094,2037.905,2040.9710171487811,1.5330085743905784,1,55.0,0,2.0,1.954338154939657,0.2739710703620584,train,bull|2023-11-30T16:15:00+00:00,2023-11-30 16:30:00+00:00
2023-09-19 13:31:00+00:00,2023-09-19 13:32:00+00:00,1,1934.905,1934.357694016283,1934.905,1934.257694016283,0.547305983717024,2,2.0,0,-1.1827131494539123,-1.3106123540717671,0.7673952277071293,train,bull|2023-09-19T12:50:00+00:00,2023-09-19 13:05:00+00:00
2023-10-09 14:44:00+00:00,2023-10-09 15:23:00+00:00,-1,1847.385,1849.3505113733793,1847.385,1849.4505113733792,1.965511373379286,2,40.0,0,-1.0508773448753848,-1.0864914862881865,0.2136848484768103,train,bear|2023-10-09T14:00:00+00:00,2023-10-09 14:20:00+00:00
2023-11-16 16:27:00+00:00,2023-11-16 16:40:00+00:00,1,1983.258,1982.1611634192554,1983.258,1985.4516731614892,1.0968365807445934,1,14.0,0,2.0,1.936180100820051,0.38291939507969436,train,bull|2023-11-16T15:50:00+00:00,2023-11-16 16:05:00+00:00
2023-10-11 07:01:00+00:00,2023-10-11 07:13:00+00:00,-1,1859.578,1860.4648635447315,1859.578,1860.5648635447315,0.8868635447315683,2,13.0,0,-1.1127569180106243,-1.191686760618133,0.4735790556450527,train,bear|2023-10-11T06:30:00+00:00,2023-10-11 06:55:00+00:00
